

Microchip MPLAB XC8 Assembler V3.10 build 20250813170317 
                                                                                               Tue Nov 25 08:48:29 2025

Microchip MPLAB XC8 C Compiler v3.10 (Free license) build 20250813170317 Og1 
     1                           	processor	16F877A
     2                           	pagewidth 120
     3                           	opt	flic
     4                           	psect	strings,global,class=STRING,space=0,delta=2,noexec
     5                           	psect	cinit,global,class=CODE,space=0,merge=1,delta=2
     6                           	psect	bssBANK0,global,class=BANK0,space=1,delta=1,noexec
     7                           	psect	bssBANK1,global,class=BANK1,space=1,delta=1,noexec
     8                           	psect	clrtext,global,class=CODE,space=0,delta=2
     9                           	psect	cstackBANK1,global,class=BANK1,space=1,delta=1,noexec
    10                           	psect	cstackCOMMON,global,class=COMMON,space=1,delta=1,noexec
    11                           	psect	cstackBANK0,global,class=BANK0,space=1,delta=1,noexec
    12                           	psect	maintext,global,class=CODE,space=0,split=1,delta=2
    13                           	psect	text1,local,class=CODE,space=0,merge=1,delta=2,group=3
    14                           	psect	text2,local,class=CODE,space=0,merge=1,delta=2,group=1
    15                           	psect	text3,local,class=CODE,space=0,merge=1,delta=2,group=1
    16                           	psect	text4,local,class=CODE,space=0,merge=1,delta=2,group=1
    17                           	psect	text5,local,class=CODE,space=0,merge=1,delta=2,group=1
    18                           	psect	text6,local,class=CODE,space=0,merge=1,delta=2,group=3
    19                           	psect	text7,local,class=CODE,space=0,merge=1,delta=2,group=3
    20                           	psect	text8,local,class=CODE,space=0,merge=1,delta=2,group=3
    21                           	psect	text9,local,class=CODE,space=0,merge=1,delta=2,group=2
    22                           	psect	text10,local,class=CODE,space=0,merge=1,delta=2,group=2
    23                           	psect	text11,local,class=CODE,space=0,merge=1,delta=2,group=1
    24                           	psect	text12,local,class=CODE,space=0,merge=1,delta=2,group=2
    25                           	psect	text13,local,class=CODE,space=0,merge=1,delta=2
    26                           	psect	text14,local,class=CODE,space=0,merge=1,delta=2
    27                           	psect	text15,local,class=CODE,space=0,merge=1,delta=2
    28                           	psect	text16,local,class=CODE,space=0,merge=1,delta=2
    29                           	psect	text17,local,class=CODE,space=0,merge=1,delta=2
    30                           	psect	text18,local,class=CODE,space=0,merge=1,delta=2
    31                           	psect	text19,local,class=CODE,space=0,merge=1,delta=2,group=2
    32                           	psect	text20,local,class=CODE,space=0,merge=1,delta=2,group=2
    33                           	psect	config,global,abs,ovrld,class=CONFIG,space=4,delta=2,noexec
    34                           	dabs	1,0x7E,2
    35     0000                     
    36                           ; Generated 12/10/2023 GMT
    37                           ; 
    38                           ; Copyright © 2023, Microchip Technology Inc. and its subsidiaries ("Microchip")
    39                           ; All rights reserved.
    40                           ; 
    41                           ; This software is developed by Microchip Technology Inc. and its subsidiaries ("Microch
      +                          ip").
    42                           ; 
    43                           ; Redistribution and use in source and binary forms, with or without modification, are
    44                           ; permitted provided that the following conditions are met:
    45                           ; 
    46                           ;     1. Redistributions of source code must retain the above copyright notice, this lis
      +                          t of
    47                           ;        conditions and the following disclaimer.
    48                           ; 
    49                           ;     2. Redistributions in binary form must reproduce the above copyright notice, this 
      +                          list
    50                           ;        of conditions and the following disclaimer in the documentation and/or other
    51                           ;        materials provided with the distribution. Publication is not required when
    52                           ;        this file is used in an embedded application.
    53                           ; 
    54                           ;     3. Microchip's name may not be used to endorse or promote products derived from th
      +                          is
    55                           ;        software without specific prior written permission.
    56                           ; 
    57                           ; THIS SOFTWARE IS PROVIDED BY MICROCHIP "AS IS" AND ANY EXPRESS OR IMPLIED WARRANTIES,
    58                           ; INCLUDING, BUT NOT LIMITED TO, THE IMPLIED WARRANTIES OF MERCHANTABILITY AND FITNESS F
      +                          OR
    59                           ; PURPOSE ARE DISCLAIMED.  IN NO EVENT SHALL MICROCHIP BE LIABLE FOR ANY DIRECT, INDIREC
      +                          T,
    60                           ; INCIDENTAL, SPECIAL, EXEMPLARY, OR CONSEQUENTIAL DAMAGES (INCLUDING BUT NOT LIMITED TO
    61                           ; PROCUREMENT OF SUBSTITUTE GOODS OR SERVICES; LOSS OF USE, DATA OR PROFITS; OR BUSINESS
    62                           ; INTERRUPTION) HOWSOEVER CAUSED AND ON ANY THEORY OF LIABILITY, WHETHER IN CONTRACT, ST
      +                          RICT
    63                           ; LIABILITY, OR TORT (INCLUDING NEGLIGENCE OR OTHERWISE) ARISING IN ANY WAY OUT OF THE U
      +                          SE OF
    64                           ; THIS SOFTWARE, EVEN IF ADVISED OF THE POSSIBILITY OF SUCH DAMAGE.
    65                           ; 
    66                           ; 
    67                           ; Code-generator required, PIC16F877A Definitions
    68                           ; 
    69                           ; SFR Addresses
    70     0004                     fsr             equ	4
    71     0004                     fsr0            equ	4
    72     0000                     indf            equ	0
    73     0000                     indf0           equ	0
    74     0002                     pc              equ	2
    75     0002                     pcl             equ	2
    76     000A                     pclath          equ	10
    77     0003                     status          equ	3
    78     0000                     INDF            equ	0	;# 
    79     0001                     TMR0            equ	1	;# 
    80     0002                     PCL             equ	2	;# 
    81     0003                     STATUS          equ	3	;# 
    82     0004                     FSR             equ	4	;# 
    83     0005                     PORTA           equ	5	;# 
    84     0006                     PORTB           equ	6	;# 
    85     0007                     PORTC           equ	7	;# 
    86     0008                     PORTD           equ	8	;# 
    87     0009                     PORTE           equ	9	;# 
    88     000A                     PCLATH          equ	10	;# 
    89     000B                     INTCON          equ	11	;# 
    90     000C                     PIR1            equ	12	;# 
    91     000D                     PIR2            equ	13	;# 
    92     000E                     TMR1            equ	14	;# 
    93     000E                     TMR1L           equ	14	;# 
    94     000F                     TMR1H           equ	15	;# 
    95     0010                     T1CON           equ	16	;# 
    96     0011                     TMR2            equ	17	;# 
    97     0012                     T2CON           equ	18	;# 
    98     0013                     SSPBUF          equ	19	;# 
    99     0014                     SSPCON          equ	20	;# 
   100     0015                     CCPR1           equ	21	;# 
   101     0015                     CCPR1L          equ	21	;# 
   102     0016                     CCPR1H          equ	22	;# 
   103     0017                     CCP1CON         equ	23	;# 
   104     0018                     RCSTA           equ	24	;# 
   105     0019                     TXREG           equ	25	;# 
   106     001A                     RCREG           equ	26	;# 
   107     001B                     CCPR2           equ	27	;# 
   108     001B                     CCPR2L          equ	27	;# 
   109     001C                     CCPR2H          equ	28	;# 
   110     001D                     CCP2CON         equ	29	;# 
   111     001E                     ADRESH          equ	30	;# 
   112     001F                     ADCON0          equ	31	;# 
   113     0081                     OPTION_REG      equ	129	;# 
   114     0085                     TRISA           equ	133	;# 
   115     0086                     TRISB           equ	134	;# 
   116     0087                     TRISC           equ	135	;# 
   117     0088                     TRISD           equ	136	;# 
   118     0089                     TRISE           equ	137	;# 
   119     008C                     PIE1            equ	140	;# 
   120     008D                     PIE2            equ	141	;# 
   121     008E                     PCON            equ	142	;# 
   122     0091                     SSPCON2         equ	145	;# 
   123     0092                     PR2             equ	146	;# 
   124     0093                     SSPADD          equ	147	;# 
   125     0094                     SSPSTAT         equ	148	;# 
   126     0098                     TXSTA           equ	152	;# 
   127     0099                     SPBRG           equ	153	;# 
   128     009C                     CMCON           equ	156	;# 
   129     009D                     CVRCON          equ	157	;# 
   130     009E                     ADRESL          equ	158	;# 
   131     009F                     ADCON1          equ	159	;# 
   132     010C                     EEDATA          equ	268	;# 
   133     010D                     EEADR           equ	269	;# 
   134     010E                     EEDATH          equ	270	;# 
   135     010F                     EEADRH          equ	271	;# 
   136     018C                     EECON1          equ	396	;# 
   137     018D                     EECON2          equ	397	;# 
   138     0000                     INDF            equ	0	;# 
   139     0001                     TMR0            equ	1	;# 
   140     0002                     PCL             equ	2	;# 
   141     0003                     STATUS          equ	3	;# 
   142     0004                     FSR             equ	4	;# 
   143     0005                     PORTA           equ	5	;# 
   144     0006                     PORTB           equ	6	;# 
   145     0007                     PORTC           equ	7	;# 
   146     0008                     PORTD           equ	8	;# 
   147     0009                     PORTE           equ	9	;# 
   148     000A                     PCLATH          equ	10	;# 
   149     000B                     INTCON          equ	11	;# 
   150     000C                     PIR1            equ	12	;# 
   151     000D                     PIR2            equ	13	;# 
   152     000E                     TMR1            equ	14	;# 
   153     000E                     TMR1L           equ	14	;# 
   154     000F                     TMR1H           equ	15	;# 
   155     0010                     T1CON           equ	16	;# 
   156     0011                     TMR2            equ	17	;# 
   157     0012                     T2CON           equ	18	;# 
   158     0013                     SSPBUF          equ	19	;# 
   159     0014                     SSPCON          equ	20	;# 
   160     0015                     CCPR1           equ	21	;# 
   161     0015                     CCPR1L          equ	21	;# 
   162     0016                     CCPR1H          equ	22	;# 
   163     0017                     CCP1CON         equ	23	;# 
   164     0018                     RCSTA           equ	24	;# 
   165     0019                     TXREG           equ	25	;# 
   166     001A                     RCREG           equ	26	;# 
   167     001B                     CCPR2           equ	27	;# 
   168     001B                     CCPR2L          equ	27	;# 
   169     001C                     CCPR2H          equ	28	;# 
   170     001D                     CCP2CON         equ	29	;# 
   171     001E                     ADRESH          equ	30	;# 
   172     001F                     ADCON0          equ	31	;# 
   173     0081                     OPTION_REG      equ	129	;# 
   174     0085                     TRISA           equ	133	;# 
   175     0086                     TRISB           equ	134	;# 
   176     0087                     TRISC           equ	135	;# 
   177     0088                     TRISD           equ	136	;# 
   178     0089                     TRISE           equ	137	;# 
   179     008C                     PIE1            equ	140	;# 
   180     008D                     PIE2            equ	141	;# 
   181     008E                     PCON            equ	142	;# 
   182     0091                     SSPCON2         equ	145	;# 
   183     0092                     PR2             equ	146	;# 
   184     0093                     SSPADD          equ	147	;# 
   185     0094                     SSPSTAT         equ	148	;# 
   186     0098                     TXSTA           equ	152	;# 
   187     0099                     SPBRG           equ	153	;# 
   188     009C                     CMCON           equ	156	;# 
   189     009D                     CVRCON          equ	157	;# 
   190     009E                     ADRESL          equ	158	;# 
   191     009F                     ADCON1          equ	159	;# 
   192     010C                     EEDATA          equ	268	;# 
   193     010D                     EEADR           equ	269	;# 
   194     010E                     EEDATH          equ	270	;# 
   195     010F                     EEADRH          equ	271	;# 
   196     018C                     EECON1          equ	396	;# 
   197     018D                     EECON2          equ	397	;# 
   198     001E                     _ADRESH         set	30
   199     001F                     _ADCON0         set	31
   200     0008                     _PORTD          set	8
   201     0006                     _PORTBbits      set	6
   202     00FA                     _GO_nDONE       set	250
   203     0086                     _TRISB          set	134
   204     0088                     _TRISD          set	136
   205     009E                     _ADRESL         set	158
   206     009F                     _ADCON1         set	159
   207     0085                     _TRISA          set	133
   208                           
   209                           	psect	strings
   210     0003                     __pstrings:
   211     0003                     stringtab:
   212     0003                     __stringtab:
   213     0003                     stringcode:	
   214                           ;	String table - string pointers are 1 byte each
   215                           
   216     0003                     stringdir:
   217     0003  3000               	movlw	high stringdir
   218     0004  008A               	movwf	10
   219     0005  0804               	movf	4,w
   220     0006  0A84               	incf	4,f
   221     0007  0782               	addwf	2,f
   222     0008                     __stringbase:
   223     0008  3400               	retlw	0
   224     0009                     __end_of__stringtab:
   225     0009                     STR_1:
   226     0009  3452               	retlw	82	;'R'
   227     000A  3441               	retlw	65	;'A'
   228     000B  3457               	retlw	87	;'W'
   229     000C  343A               	retlw	58	;':'
   230     000D  3425               	retlw	37	;'%'
   231     000E  3434               	retlw	52	;'4'
   232     000F  3475               	retlw	117	;'u'
   233     0010  3400               	retlw	0
   234     0011                     STR_2:
   235     0011  346D               	retlw	109	;'m'
   236     0012  3456               	retlw	86	;'V'
   237     0013  343A               	retlw	58	;':'
   238     0014  3425               	retlw	37	;'%'
   239     0015  3434               	retlw	52	;'4'
   240     0016  3475               	retlw	117	;'u'
   241     0017  3400               	retlw	0
   242                           
   243                           	psect	cinit
   244     07EC                     start_initialization:	
   245                           ; #config settings
   246                           
   247     07EC                     __initialization:
   248                           
   249                           ; Clear objects allocated to BANK0
   250     07EC  1283               	bcf	3,5	;RP0=0, select bank0
   251     07ED  1303               	bcf	3,6	;RP1=0, select bank0
   252     07EE  01DB               	clrf	__pbssBANK0& (0+127)
   253     07EF  01DC               	clrf	(__pbssBANK0+1)& (0+127)
   254     07F0  01DD               	clrf	(__pbssBANK0+2)& (0+127)
   255     07F1  01DE               	clrf	(__pbssBANK0+3)& (0+127)
   256     07F2  01DF               	clrf	(__pbssBANK0+4)& (0+127)
   257                           
   258                           ; Clear objects allocated to BANK1
   259     07F3  1383               	bcf	3,7	;select IRP bank0
   260     07F4  30A0               	movlw	low __pbssBANK1
   261     07F5  0084               	movwf	4
   262     07F6  30C0               	movlw	low (__pbssBANK1+32)
   263     07F7  120A  118A  226F  120A  118A  	fcall	clear_ram0
   264     07FC                     end_of_initialization:	
   265                           ;End of C runtime variable initialization code
   266                           
   267     07FC                     __end_of__initialization:
   268     07FC  0183               	clrf	3
   269     07FD  120A  118A  2F2C   	ljmp	_main	;jump to C main() function
   270                           
   271                           	psect	bssBANK0
   272     005B                     __pbssBANK0:
   273     005B                     _width:
   274     005B                     	ds	2
   275     005D                     _prec:
   276     005D                     	ds	2
   277     005F                     _flags:
   278     005F                     	ds	1
   279                           
   280                           	psect	bssBANK1
   281     00A0                     __pbssBANK1:
   282     00A0                     _dbuf:
   283     00A0                     	ds	32
   284                           
   285                           	psect	clrtext
   286     026F                     clear_ram0:	
   287                           ;	Called with FSR containing the base address, and
   288                           ;	W with the last address+1
   289                           
   290     026F  0064               	clrwdt	;clear the watchdog before getting into this loop
   291     0270                     clrloop0:
   292     0270  0180               	clrf	0	;clear RAM location pointed to by FSR
   293     0271  0A84               	incf	4,f	;increment pointer
   294     0272  0604               	xorwf	4,w	;XOR with final address
   295     0273  1903               	btfsc	3,2	;have we reached the end yet?
   296     0274  3400               	retlw	0	;all done for this memory range, return
   297     0275  0604               	xorwf	4,w	;XOR again to restore value
   298     0276  2A70               	goto	clrloop0	;do the next byte
   299                           
   300                           	psect	cstackBANK1
   301     00C0                     __pcstackBANK1:
   302     00C0                     main@buffer:
   303                           
   304                           ; 16 bytes @ 0x0
   305     00C0                     	ds	16
   306     00D0                     main@prev_mv:
   307                           
   308                           ; 2 bytes @ 0x10
   309     00D0                     	ds	2
   310     00D2                     main@raw:
   311                           
   312                           ; 2 bytes @ 0x12
   313     00D2                     	ds	2
   314     00D4                     main@mV:
   315                           
   316                           ; 2 bytes @ 0x14
   317     00D4                     	ds	2
   318                           
   319                           	psect	cstackCOMMON
   320     0070                     __pcstackCOMMON:
   321     0070                     ?_putch:
   322     0070                     ?_lcdCommand:	
   323                           ; 1 bytes @ 0x0
   324                           
   325     0070                     ?_lcSendDataByte:	
   326                           ; 1 bytes @ 0x0
   327                           
   328     0070                     ?_lcd_init:	
   329                           ; 1 bytes @ 0x0
   330                           
   331     0070                     ?_adc_init:	
   332                           ; 1 bytes @ 0x0
   333                           
   334     0070                     ?_main:	
   335                           ; 1 bytes @ 0x0
   336                           
   337     0070                     ?_fputc:	
   338                           ; 1 bytes @ 0x0
   339                           
   340     0070                     ?_adc_read_an0:	
   341                           ; 2 bytes @ 0x0
   342                           
   343     0070                     ?___wmul:	
   344                           ; 2 bytes @ 0x0
   345                           
   346     0070                     ?___lwdiv:	
   347                           ; 2 bytes @ 0x0
   348                           
   349     0070                     ?___lwmod:	
   350                           ; 2 bytes @ 0x0
   351                           
   352     0070                     ?___lmul:	
   353                           ; 2 bytes @ 0x0
   354                           
   355     0070                     putch@c:	
   356                           ; 4 bytes @ 0x0
   357                           
   358     0070                     ___wmul@multiplier:	
   359                           ; 1 bytes @ 0x0
   360                           
   361     0070                     ___lwdiv@divisor:	
   362                           ; 2 bytes @ 0x0
   363                           
   364     0070                     ___lwmod@divisor:	
   365                           ; 2 bytes @ 0x0
   366                           
   367     0070                     fputc@c:	
   368                           ; 2 bytes @ 0x0
   369                           
   370     0070                     ___lmul@multiplier:	
   371                           ; 2 bytes @ 0x0
   372                           
   373     0070                     ??_putch:	
   374                           ; 4 bytes @ 0x0
   375                           
   376     0070                     ??_lcdCommand:	
   377                           ; 1 bytes @ 0x0
   378                           
   379     0070                     ??_lcSendDataByte:	
   380                           ; 1 bytes @ 0x0
   381                           
   382     0070                     ??_adc_init:	
   383                           ; 1 bytes @ 0x0
   384                           
   385                           
   386                           ; 1 bytes @ 0x0
   387     0070                     	ds	1
   388     0071                     lcdCommand@cmd:
   389     0071                     lcSendDataByte@data:	
   390                           ; 1 bytes @ 0x1
   391                           
   392                           
   393                           ; 1 bytes @ 0x1
   394     0071                     	ds	1
   395     0072                     ?_lcdSendString:
   396     0072                     lcdSendString@addr:	
   397                           ; 1 bytes @ 0x2
   398                           
   399     0072                     ___wmul@multiplicand:	
   400                           ; 1 bytes @ 0x2
   401                           
   402     0072                     ___lwdiv@dividend:	
   403                           ; 2 bytes @ 0x2
   404                           
   405     0072                     ___lwmod@dividend:	
   406                           ; 2 bytes @ 0x2
   407                           
   408     0072                     fputc@fp:	
   409                           ; 2 bytes @ 0x2
   410                           
   411     0072                     ??_lcd_init:	
   412                           ; 2 bytes @ 0x2
   413                           
   414     0072                     ??_adc_read_an0:	
   415                           ; 1 bytes @ 0x2
   416                           
   417                           
   418                           ; 1 bytes @ 0x2
   419     0072                     	ds	1
   420     0073                     ??_lcdSendString:
   421                           
   422                           ; 1 bytes @ 0x3
   423     0073                     	ds	1
   424     0074                     ___lwmod@counter:
   425     0074                     ___wmul@product:	
   426                           ; 1 bytes @ 0x4
   427                           
   428     0074                     ___lwdiv@quotient:	
   429                           ; 2 bytes @ 0x4
   430                           
   431     0074                     ___lmul@multiplicand:	
   432                           ; 2 bytes @ 0x4
   433                           
   434     0074                     ??_fputc:	
   435                           ; 4 bytes @ 0x4
   436                           
   437     0074                     ??___wmul:	
   438                           ; 1 bytes @ 0x4
   439                           
   440     0074                     ??___lwdiv:	
   441                           ; 1 bytes @ 0x4
   442                           
   443     0074                     ??___lwmod:	
   444                           ; 1 bytes @ 0x4
   445                           
   446                           
   447                           ; 1 bytes @ 0x4
   448     0074                     	ds	2
   449     0076                     ?_read_prec_or_width:
   450     0076                     ___lwdiv@counter:	
   451                           ; 2 bytes @ 0x6
   452                           
   453     0076                     read_prec_or_width@fmt:	
   454                           ; 1 bytes @ 0x6
   455                           
   456                           
   457                           ; 1 bytes @ 0x6
   458     0076                     	ds	1
   459     0077                     read_prec_or_width@ap:
   460                           
   461                           ; 1 bytes @ 0x7
   462     0077                     	ds	1
   463     0078                     read_prec_or_width@c:
   464     0078                     ??___lmul:	
   465                           ; 1 bytes @ 0x8
   466                           
   467     0078                     ??_read_prec_or_width:	
   468                           ; 1 bytes @ 0x8
   469                           
   470                           
   471                           ; 1 bytes @ 0x8
   472     0078                     	ds	1
   473     0079                     read_prec_or_width@n:
   474     0079                     ___lmul@product:	
   475                           ; 2 bytes @ 0x9
   476                           
   477                           
   478                           ; 4 bytes @ 0x9
   479     0079                     	ds	4
   480     007D                     ??___aldiv:
   481     007D                     ??_pad:	
   482                           ; 1 bytes @ 0xD
   483                           
   484                           
   485                           ; 1 bytes @ 0xD
   486     007D                     	ds	1
   487     007E                     ??_vfprintf:
   488     007E                     ??_utoa:	
   489                           ; 1 bytes @ 0xE
   490                           
   491                           
   492                           	psect	cstackBANK0
   493     0020                     __pcstackBANK0:	
   494                           ; 1 bytes @ 0xE
   495                           
   496     0020                     ?_fputs:
   497     0020                     ?___aldiv:	
   498                           ; 2 bytes @ 0x0
   499                           
   500     0020                     fputs@s:	
   501                           ; 4 bytes @ 0x0
   502                           
   503     0020                     ___aldiv@divisor:	
   504                           ; 1 bytes @ 0x0
   505                           
   506                           
   507                           ; 4 bytes @ 0x0
   508     0020                     	ds	1
   509     0021                     fputs@fp:
   510                           
   511                           ; 2 bytes @ 0x1
   512     0021                     	ds	2
   513     0023                     ??_fputs:
   514                           
   515                           ; 1 bytes @ 0x3
   516     0023                     	ds	1
   517     0024                     ___aldiv@dividend:
   518                           
   519                           ; 4 bytes @ 0x4
   520     0024                     	ds	1
   521     0025                     fputs@c:
   522                           
   523                           ; 1 bytes @ 0x5
   524     0025                     	ds	1
   525     0026                     fputs@i:
   526                           
   527                           ; 2 bytes @ 0x6
   528     0026                     	ds	2
   529     0028                     ?_pad:
   530     0028                     ___aldiv@counter:	
   531                           ; 1 bytes @ 0x8
   532                           
   533     0028                     pad@fp:	
   534                           ; 1 bytes @ 0x8
   535                           
   536                           
   537                           ; 2 bytes @ 0x8
   538     0028                     	ds	1
   539     0029                     ___aldiv@sign:
   540                           
   541                           ; 1 bytes @ 0x9
   542     0029                     	ds	1
   543     002A                     pad@buf:
   544     002A                     ___aldiv@quotient:	
   545                           ; 1 bytes @ 0xA
   546                           
   547                           
   548                           ; 4 bytes @ 0xA
   549     002A                     	ds	1
   550     002B                     pad@p:
   551                           
   552                           ; 2 bytes @ 0xB
   553     002B                     	ds	2
   554     002D                     pad@i:
   555                           
   556                           ; 2 bytes @ 0xD
   557     002D                     	ds	2
   558     002F                     ?_utoa:
   559     002F                     utoa@fp:	
   560                           ; 1 bytes @ 0xF
   561                           
   562                           
   563                           ; 2 bytes @ 0xF
   564     002F                     	ds	2
   565     0031                     utoa@d:
   566                           
   567                           ; 2 bytes @ 0x11
   568     0031                     	ds	2
   569     0033                     utoa@w:
   570                           
   571                           ; 2 bytes @ 0x13
   572     0033                     	ds	2
   573     0035                     utoa@p:
   574                           
   575                           ; 1 bytes @ 0x15
   576     0035                     	ds	1
   577     0036                     utoa@i:
   578                           
   579                           ; 2 bytes @ 0x16
   580     0036                     	ds	2
   581     0038                     ?_vfpfcnvrt:
   582     0038                     vfpfcnvrt@fp:	
   583                           ; 1 bytes @ 0x18
   584                           
   585                           
   586                           ; 2 bytes @ 0x18
   587     0038                     	ds	2
   588     003A                     vfpfcnvrt@fmt:
   589                           
   590                           ; 1 bytes @ 0x1A
   591     003A                     	ds	1
   592     003B                     vfpfcnvrt@ap:
   593                           
   594                           ; 1 bytes @ 0x1B
   595     003B                     	ds	1
   596     003C                     ??_vfpfcnvrt:
   597                           
   598                           ; 1 bytes @ 0x1C
   599     003C                     	ds	2
   600     003E                     vfpfcnvrt@convarg:
   601                           
   602                           ; 4 bytes @ 0x1E
   603     003E                     	ds	4
   604     0042                     vfpfcnvrt@cp:
   605                           
   606                           ; 1 bytes @ 0x22
   607     0042                     	ds	1
   608     0043                     ?_vfprintf:
   609     0043                     vfprintf@fp:	
   610                           ; 2 bytes @ 0x23
   611                           
   612                           
   613                           ; 2 bytes @ 0x23
   614     0043                     	ds	2
   615     0045                     vfprintf@fmt:
   616                           
   617                           ; 1 bytes @ 0x25
   618     0045                     	ds	1
   619     0046                     vfprintf@ap:
   620                           
   621                           ; 1 bytes @ 0x26
   622     0046                     	ds	1
   623     0047                     vfprintf@cfmt:
   624                           
   625                           ; 1 bytes @ 0x27
   626     0047                     	ds	1
   627     0048                     ?_sprintf:
   628     0048                     sprintf@s:	
   629                           ; 2 bytes @ 0x28
   630                           
   631                           
   632                           ; 1 bytes @ 0x28
   633     0048                     	ds	1
   634     0049                     sprintf@fmt:
   635                           
   636                           ; 1 bytes @ 0x29
   637     0049                     	ds	3
   638     004C                     ??_sprintf:
   639                           
   640                           ; 1 bytes @ 0x2C
   641     004C                     	ds	1
   642     004D                     sprintf@ap:
   643                           
   644                           ; 1 bytes @ 0x2D
   645     004D                     	ds	1
   646     004E                     sprintf@f:
   647                           
   648                           ; 11 bytes @ 0x2E
   649     004E                     	ds	11
   650     0059                     ??_main:
   651                           
   652                           ; 1 bytes @ 0x39
   653     0059                     	ds	2
   654                           
   655                           	psect	maintext
   656     072C                     __pmaintext:	
   657 ;;
   658 ;;Main: autosize = 0, tempsize = 2, incstack = 0, save=0
   659 ;;
   660 ;; *************** function _main *****************
   661 ;; Defined at:
   662 ;;		line 76 in file "adc.c"
   663 ;; Parameters:    Size  Location     Type
   664 ;;		None
   665 ;; Auto vars:     Size  Location     Type
   666 ;;  mV              2   20[BANK1 ] unsigned short 
   667 ;;  raw             2   18[BANK1 ] unsigned short 
   668 ;;  buffer         16    0[BANK1 ] unsigned char [16]
   669 ;;  prev_mv         2   16[BANK1 ] unsigned short 
   670 ;; Return value:  Size  Location     Type
   671 ;;                  1    wreg      void 
   672 ;; Registers used:
   673 ;;		wreg, fsr0l, fsr0h, status,2, status,0, pclath, btemp1, cstack
   674 ;; Tracked objects:
   675 ;;		On entry : B00/0
   676 ;;		On exit  : 0/0
   677 ;;		Unchanged: 0/0
   678 ;; Data sizes:     COMMON   BANK0   BANK1   BANK3   BANK2
   679 ;;      Params:         0       0       0       0       0
   680 ;;      Locals:         0       0      22       0       0
   681 ;;      Temps:          0       2       0       0       0
   682 ;;      Totals:         0       2      22       0       0
   683 ;;Total ram usage:       24 bytes
   684 ;; Hardware stack levels required when called: 7
   685 ;; This function calls:
   686 ;;		___aldiv
   687 ;;		___lmul
   688 ;;		_adc_init
   689 ;;		_adc_read_an0
   690 ;;		_lcdCommand
   691 ;;		_lcdSendString
   692 ;;		_lcd_init
   693 ;;		_sprintf
   694 ;; This function is called by:
   695 ;;		Startup code after reset
   696 ;; This function uses a non-reentrant model
   697 ;;
   698                           
   699     072C                     _main:	
   700                           ;psect for function _main
   701                           
   702     072C                     l1327:	
   703                           ;incstack = 0
   704                           ; Regs used in _main: [wreg-fsr0h+status,2+status,0+pclath+btemp1+cstack]
   705                           
   706                           
   707                           ;adc.c: 77:     TRISD = 0b00000000;
   708     072C  1683               	bsf	3,5	;RP0=1, select bank1
   709     072D  1303               	bcf	3,6	;RP1=0, select bank1
   710     072E  0188               	clrf	8	;volatile
   711                           
   712                           ;adc.c: 78:     TRISB = 0b00000000;
   713     072F  0186               	clrf	6	;volatile
   714     0730                     l1329:
   715                           
   716                           ;adc.c: 79:     lcd_init();
   717     0730  120A  118A  2344  120A  118A  	fcall	_lcd_init
   718     0735                     l1331:
   719                           
   720                           ;adc.c: 80:     adc_init();
   721     0735  120A  118A  2277  120A  118A  	fcall	_adc_init
   722     073A                     l1333:
   723                           
   724                           ;adc.c: 82:     char buffer[16];;adc.c: 83:     uint16_t prev_mv = 0xff;
   725     073A  30FF               	movlw	255
   726     073B  1683               	bsf	3,5	;RP0=1, select bank1
   727     073C  1303               	bcf	3,6	;RP1=0, select bank1
   728     073D  00D0               	movwf	main@prev_mv^(0+128)
   729     073E  3000               	movlw	0
   730     073F  00D1               	movwf	(main@prev_mv^(0+128)+1)
   731     0740                     l1335:
   732                           
   733                           ;adc.c: 87:         uint16_t raw = adc_read_an0();
   734     0740  120A  118A  2299  120A  118A  	fcall	_adc_read_an0
   735     0745  0871               	movf	?_adc_read_an0+1,w
   736     0746  1683               	bsf	3,5	;RP0=1, select bank1
   737     0747  1303               	bcf	3,6	;RP1=0, select bank1
   738     0748  00D3               	movwf	(main@raw+1)^(0+128)
   739     0749  0870               	movf	?_adc_read_an0,w
   740     074A  00D2               	movwf	main@raw^(0+128)
   741     074B                     l1337:
   742                           
   743                           ;adc.c: 88:         uint16_t mV = (uint16_t) raw*5000l/1023U;
   744     074B  3000               	movlw	0
   745     074C  1283               	bcf	3,5	;RP0=0, select bank0
   746     074D  1303               	bcf	3,6	;RP1=0, select bank0
   747     074E  00A3               	movwf	___aldiv@divisor+3
   748     074F  3000               	movlw	0
   749     0750  00A2               	movwf	___aldiv@divisor+2
   750     0751  3003               	movlw	3
   751     0752  00A1               	movwf	___aldiv@divisor+1
   752     0753  30FF               	movlw	255
   753     0754  00A0               	movwf	___aldiv@divisor
   754     0755  1683               	bsf	3,5	;RP0=1, select bank1
   755     0756  1303               	bcf	3,6	;RP1=0, select bank1
   756     0757  0852               	movf	main@raw^(0+128),w
   757     0758  00F0               	movwf	___lmul@multiplier
   758     0759  0853               	movf	(main@raw+1)^(0+128),w
   759     075A  00F1               	movwf	___lmul@multiplier+1
   760     075B  01F2               	clrf	___lmul@multiplier+2
   761     075C  01F3               	clrf	___lmul@multiplier+3
   762     075D  3000               	movlw	0
   763     075E  00F7               	movwf	___lmul@multiplicand+3
   764     075F  3000               	movlw	0
   765     0760  00F6               	movwf	___lmul@multiplicand+2
   766     0761  3013               	movlw	19
   767     0762  00F5               	movwf	___lmul@multiplicand+1
   768     0763  3088               	movlw	136
   769     0764  00F4               	movwf	___lmul@multiplicand
   770     0765  120A  118A  240F  120A  118A  	fcall	___lmul
   771     076A  0873               	movf	?___lmul+3,w
   772     076B  1283               	bcf	3,5	;RP0=0, select bank0
   773     076C  1303               	bcf	3,6	;RP1=0, select bank0
   774     076D  00A7               	movwf	___aldiv@dividend+3
   775     076E  0872               	movf	?___lmul+2,w
   776     076F  00A6               	movwf	___aldiv@dividend+2
   777     0770  0871               	movf	?___lmul+1,w
   778     0771  00A5               	movwf	___aldiv@dividend+1
   779     0772  0870               	movf	?___lmul,w
   780     0773  00A4               	movwf	___aldiv@dividend
   781     0774  120A  118A  25F9  120A  118A  	fcall	___aldiv
   782     0779  1283               	bcf	3,5	;RP0=0, select bank0
   783     077A  1303               	bcf	3,6	;RP1=0, select bank0
   784     077B  0821               	movf	?___aldiv+1,w
   785     077C  1683               	bsf	3,5	;RP0=1, select bank1
   786     077D  1303               	bcf	3,6	;RP1=0, select bank1
   787     077E  00D5               	movwf	(main@mV+1)^(0+128)
   788     077F  1283               	bcf	3,5	;RP0=0, select bank0
   789     0780  1303               	bcf	3,6	;RP1=0, select bank0
   790     0781  0820               	movf	?___aldiv,w
   791     0782  1683               	bsf	3,5	;RP0=1, select bank1
   792     0783  1303               	bcf	3,6	;RP1=0, select bank1
   793     0784  00D4               	movwf	main@mV^(0+128)
   794     0785                     l1339:
   795                           
   796                           ;adc.c: 90:         if(mV!=prev_mv){
   797     0785  0851               	movf	(main@prev_mv+1)^(0+128),w
   798     0786  0655               	xorwf	(main@mV+1)^(0+128),w
   799     0787  1D03               	skipz
   800     0788  2F8B               	goto	u1085
   801     0789  0850               	movf	main@prev_mv^(0+128),w
   802     078A  0654               	xorwf	main@mV^(0+128),w
   803     078B                     u1085:
   804     078B  1903               	skipnz
   805     078C  2F8E               	goto	u1081
   806     078D  2F8F               	goto	u1080
   807     078E                     u1081:
   808     078E  2FDD               	goto	l1353
   809     078F                     u1080:
   810     078F                     l1341:
   811                           
   812                           ;adc.c: 91:             lcdCommand(0x80);
   813     078F  3080               	movlw	128
   814     0790  120A  118A  22C0  120A  118A  	fcall	_lcdCommand
   815     0795                     l1343:
   816                           
   817                           ;adc.c: 92:             sprintf(buffer,"RAW:%4u", raw);
   818     0795  30C0               	movlw	(low (main@buffer| 0))& (0+255)
   819     0796  1283               	bcf	3,5	;RP0=0, select bank0
   820     0797  1303               	bcf	3,6	;RP1=0, select bank0
   821     0798  00C8               	movwf	sprintf@s
   822     0799  3001               	movlw	(low ((STR_1-__stringbase)| (0+32768)))& (0+255)
   823     079A  00C9               	movwf	sprintf@fmt
   824     079B  1683               	bsf	3,5	;RP0=1, select bank1
   825     079C  1303               	bcf	3,6	;RP1=0, select bank1
   826     079D  0853               	movf	(main@raw+1)^(0+128),w
   827     079E  1283               	bcf	3,5	;RP0=0, select bank0
   828     079F  1303               	bcf	3,6	;RP1=0, select bank0
   829     07A0  00CB               	movwf	?_sprintf+3
   830     07A1  1683               	bsf	3,5	;RP0=1, select bank1
   831     07A2  1303               	bcf	3,6	;RP1=0, select bank1
   832     07A3  0852               	movf	main@raw^(0+128),w
   833     07A4  1283               	bcf	3,5	;RP0=0, select bank0
   834     07A5  1303               	bcf	3,6	;RP1=0, select bank0
   835     07A6  00CA               	movwf	?_sprintf+2
   836     07A7  120A  118A  22FC  120A  118A  	fcall	_sprintf
   837     07AC                     l1345:
   838                           
   839                           ;adc.c: 93:             lcdSendString(buffer);
   840     07AC  30C0               	movlw	(low (main@buffer| 0))& (0+255)
   841     07AD  00F2               	movwf	lcdSendString@addr
   842     07AE  120A  118A  22AC  120A  118A  	fcall	_lcdSendString
   843     07B3                     l1347:
   844                           
   845                           ;adc.c: 95:             lcdCommand(0xC0);
   846     07B3  30C0               	movlw	192
   847     07B4  120A  118A  22C0  120A  118A  	fcall	_lcdCommand
   848     07B9                     l1349:
   849                           
   850                           ;adc.c: 96:             sprintf(buffer,"mV:%4u", mV);
   851     07B9  30C0               	movlw	(low (main@buffer| 0))& (0+255)
   852     07BA  1283               	bcf	3,5	;RP0=0, select bank0
   853     07BB  1303               	bcf	3,6	;RP1=0, select bank0
   854     07BC  00C8               	movwf	sprintf@s
   855     07BD  3009               	movlw	(low ((STR_2-__stringbase)| (0+32768)))& (0+255)
   856     07BE  00C9               	movwf	sprintf@fmt
   857     07BF  1683               	bsf	3,5	;RP0=1, select bank1
   858     07C0  1303               	bcf	3,6	;RP1=0, select bank1
   859     07C1  0855               	movf	(main@mV+1)^(0+128),w
   860     07C2  1283               	bcf	3,5	;RP0=0, select bank0
   861     07C3  1303               	bcf	3,6	;RP1=0, select bank0
   862     07C4  00CB               	movwf	?_sprintf+3
   863     07C5  1683               	bsf	3,5	;RP0=1, select bank1
   864     07C6  1303               	bcf	3,6	;RP1=0, select bank1
   865     07C7  0854               	movf	main@mV^(0+128),w
   866     07C8  1283               	bcf	3,5	;RP0=0, select bank0
   867     07C9  1303               	bcf	3,6	;RP1=0, select bank0
   868     07CA  00CA               	movwf	?_sprintf+2
   869     07CB  120A  118A  22FC  120A  118A  	fcall	_sprintf
   870                           
   871                           ;adc.c: 97:             lcdSendString(buffer);
   872     07D0  30C0               	movlw	(low (main@buffer| 0))& (0+255)
   873     07D1  00F2               	movwf	lcdSendString@addr
   874     07D2  120A  118A  22AC  120A  118A  	fcall	_lcdSendString
   875     07D7                     l1351:
   876                           
   877                           ;adc.c: 99:             prev_mv = mV;
   878     07D7  1683               	bsf	3,5	;RP0=1, select bank1
   879     07D8  1303               	bcf	3,6	;RP1=0, select bank1
   880     07D9  0855               	movf	(main@mV+1)^(0+128),w
   881     07DA  00D1               	movwf	(main@prev_mv+1)^(0+128)
   882     07DB  0854               	movf	main@mV^(0+128),w
   883     07DC  00D0               	movwf	main@prev_mv^(0+128)
   884     07DD                     l1353:
   885                           
   886                           ;adc.c: 102:         _delay((unsigned long)((20)*(4000000/4000.0)));
   887     07DD  301A               	movlw	26
   888     07DE  1283               	bcf	3,5	;RP0=0, select bank0
   889     07DF  1303               	bcf	3,6	;RP1=0, select bank0
   890     07E0  00DA               	movwf	??_main+1
   891     07E1  30F7               	movlw	247
   892     07E2  00D9               	movwf	??_main
   893     07E3                     u1097:
   894     07E3  0BD9               	decfsz	??_main,f
   895     07E4  2FE3               	goto	u1097
   896     07E5  0BDA               	decfsz	??_main+1,f
   897     07E6  2FE3               	goto	u1097
   898     07E7  2FE8               	nop2
   899     07E8  2F40               	goto	l1335
   900     07E9  120A  118A  2800   	ljmp	start
   901     07EC                     __end_of_main:
   902                           
   903                           	psect	text1
   904     02FC                     __ptext1:	
   905 ;; *************** function _sprintf *****************
   906 ;; Defined at:
   907 ;;		line 9 in file "C:\Program Files\Microchip\xc8\v3.10\pic\sources\c99\common\nf_sprintf.c"
   908 ;; Parameters:    Size  Location     Type
   909 ;;  s               1   40[BANK0 ] PTR unsigned char 
   910 ;;		 -> main@buffer(16), 
   911 ;;  fmt             1   41[BANK0 ] PTR const unsigned char 
   912 ;;		 -> STR_2(7), STR_1(8), 
   913 ;; Auto vars:     Size  Location     Type
   914 ;;  f              11   46[BANK0 ] struct _IO_FILE
   915 ;;  ret             2    0        int 
   916 ;;  ap              1   45[BANK0 ] PTR void [1]
   917 ;;		 -> ?_sprintf(2), 
   918 ;; Return value:  Size  Location     Type
   919 ;;                  2   40[BANK0 ] int 
   920 ;; Registers used:
   921 ;;		wreg, fsr0l, fsr0h, status,2, status,0, pclath, btemp1, cstack
   922 ;; Tracked objects:
   923 ;;		On entry : 0/0
   924 ;;		On exit  : 0/0
   925 ;;		Unchanged: 0/0
   926 ;; Data sizes:     COMMON   BANK0   BANK1   BANK3   BANK2
   927 ;;      Params:         0       4       0       0       0
   928 ;;      Locals:         0      12       0       0       0
   929 ;;      Temps:          0       1       0       0       0
   930 ;;      Totals:         0      17       0       0       0
   931 ;;Total ram usage:       17 bytes
   932 ;; Hardware stack levels used: 1
   933 ;; Hardware stack levels required when called: 6
   934 ;; This function calls:
   935 ;;		_vfprintf
   936 ;; This function is called by:
   937 ;;		_main
   938 ;; This function uses a non-reentrant model
   939 ;;
   940                           
   941     02FC                     _sprintf:	
   942                           ;psect for function _sprintf
   943                           
   944     02FC                     l1259:	
   945                           ;incstack = 0
   946                           ; Regs used in _sprintf: [wreg-fsr0h+status,2+status,0+pclath+btemp1+cstack]
   947                           
   948     02FC  304A               	movlw	(low ((?_sprintf| 0+2)))& (0+255)
   949     02FD  1283               	bcf	3,5	;RP0=0, select bank0
   950     02FE  1303               	bcf	3,6	;RP1=0, select bank0
   951     02FF  00CD               	movwf	sprintf@ap
   952     0300                     l1261:
   953     0300  0848               	movf	sprintf@s,w
   954     0301  00CE               	movwf	sprintf@f
   955     0302  3000               	movlw	0
   956     0303  00CF               	movwf	sprintf@f+1
   957     0304                     l1263:
   958     0304  01D0               	clrf	sprintf@f+2
   959     0305  01D1               	clrf	sprintf@f+3
   960     0306                     l1265:
   961     0306  01D7               	clrf	sprintf@f+9
   962     0307  01D8               	clrf	sprintf@f+10
   963     0308                     l1267:
   964     0308  304E               	movlw	low sprintf@f
   965     0309  00C3               	movwf	vfprintf@fp
   966     030A  3000               	movlw	high sprintf@f
   967     030B  00C4               	movwf	vfprintf@fp+1
   968     030C  0849               	movf	sprintf@fmt,w
   969     030D  00C5               	movwf	vfprintf@fmt
   970     030E  304D               	movlw	(low (sprintf@ap| 0))& (0+255)
   971     030F  00C6               	movwf	vfprintf@ap
   972     0310  120A  118A  22D9  120A  118A  	fcall	_vfprintf
   973     0315                     l1269:
   974     0315  1283               	bcf	3,5	;RP0=0, select bank0
   975     0316  1303               	bcf	3,6	;RP1=0, select bank0
   976     0317  0850               	movf	sprintf@f+2,w
   977     0318  0748               	addwf	sprintf@s,w
   978     0319  00CC               	movwf	??_sprintf
   979     031A  084C               	movf	??_sprintf,w
   980     031B  0084               	movwf	4
   981     031C  1383               	bcf	3,7	;select IRP bank0
   982     031D  0180               	clrf	0
   983     031E                     l606:
   984     031E  0008               	return
   985     031F                     __end_of_sprintf:
   986                           
   987                           	psect	text2
   988     02D9                     __ptext2:	
   989 ;; *************** function _vfprintf *****************
   990 ;; Defined at:
   991 ;;		line 1817 in file "C:\Program Files\Microchip\xc8\v3.10\pic\sources\c99\common\doprnt.c"
   992 ;; Parameters:    Size  Location     Type
   993 ;;  fp              2   35[BANK0 ] PTR struct _IO_FILE
   994 ;;		 -> sprintf@f(11), 
   995 ;;  fmt             1   37[BANK0 ] PTR const unsigned char 
   996 ;;		 -> STR_2(7), STR_1(8), 
   997 ;;  ap              1   38[BANK0 ] PTR PTR void 
   998 ;;		 -> sprintf@ap(1), 
   999 ;; Auto vars:     Size  Location     Type
  1000 ;;  cfmt            1   39[BANK0 ] PTR unsigned char 
  1001 ;;		 -> STR_2(7), STR_1(8), 
  1002 ;; Return value:  Size  Location     Type
  1003 ;;                  2   35[BANK0 ] int 
  1004 ;; Registers used:
  1005 ;;		wreg, fsr0l, fsr0h, status,2, status,0, pclath, btemp1, cstack
  1006 ;; Tracked objects:
  1007 ;;		On entry : 0/0
  1008 ;;		On exit  : 0/0
  1009 ;;		Unchanged: 0/0
  1010 ;; Data sizes:     COMMON   BANK0   BANK1   BANK3   BANK2
  1011 ;;      Params:         0       4       0       0       0
  1012 ;;      Locals:         0       1       0       0       0
  1013 ;;      Temps:          0       0       0       0       0
  1014 ;;      Totals:         0       5       0       0       0
  1015 ;;Total ram usage:        5 bytes
  1016 ;; Hardware stack levels used: 1
  1017 ;; Hardware stack levels required when called: 5
  1018 ;; This function calls:
  1019 ;;		_vfpfcnvrt
  1020 ;; This function is called by:
  1021 ;;		_sprintf
  1022 ;; This function uses a non-reentrant model
  1023 ;;
  1024                           
  1025     02D9                     _vfprintf:	
  1026                           ;psect for function _vfprintf
  1027                           
  1028     02D9                     l1225:	
  1029                           ;incstack = 0
  1030                           ; Regs used in _vfprintf: [wreg-fsr0h+status,2+status,0+pclath+btemp1+cstack]
  1031                           
  1032                           
  1033                           ;C:\Program Files\Microchip\xc8\v3.10\pic\sources\c99\common\doprnt.c: 1817: int vfprint
      +                          f(FILE *fp, const char *fmt, va_list ap);C:\Program Files\Microchip\xc8\v3.10\pic\source
      +                          s\c99\common\doprnt.c: 1818: {;C:\Program Files\Microchip\xc8\v3.10\pic\sources\c99\comm
      +                          on\doprnt.c: 1820:     char *cfmt;;C:\Program Files\Microchip\xc8\v3.10\pic\sources\c99\
      +                          common\doprnt.c: 1822:     cfmt = (char *)fmt;
  1034     02D9  1283               	bcf	3,5	;RP0=0, select bank0
  1035     02DA  1303               	bcf	3,6	;RP1=0, select bank0
  1036     02DB  0845               	movf	vfprintf@fmt,w
  1037     02DC  00C7               	movwf	vfprintf@cfmt
  1038                           
  1039                           ;C:\Program Files\Microchip\xc8\v3.10\pic\sources\c99\common\doprnt.c: 1826:     while (
      +                          *cfmt) {
  1040     02DD  2AEB               	goto	l1229
  1041     02DE                     l1227:
  1042                           
  1043                           ;C:\Program Files\Microchip\xc8\v3.10\pic\sources\c99\common\doprnt.c: 1830:    vfpfcnvr
      +                          t(fp, &cfmt, ap);
  1044     02DE  0843               	movf	vfprintf@fp,w
  1045     02DF  00B8               	movwf	vfpfcnvrt@fp
  1046     02E0  0844               	movf	vfprintf@fp+1,w
  1047     02E1  00B9               	movwf	vfpfcnvrt@fp+1
  1048     02E2  3047               	movlw	(low (vfprintf@cfmt| 0))& (0+255)
  1049     02E3  00BA               	movwf	vfpfcnvrt@fmt
  1050     02E4  0846               	movf	vfprintf@ap,w
  1051     02E5  00BB               	movwf	vfpfcnvrt@ap
  1052     02E6  120A  118A  2564  120A  118A  	fcall	_vfpfcnvrt
  1053     02EB                     l1229:
  1054                           
  1055                           ;C:\Program Files\Microchip\xc8\v3.10\pic\sources\c99\common\doprnt.c: 1826:     while (
      +                          *cfmt) {
  1056     02EB  1283               	bcf	3,5	;RP0=0, select bank0
  1057     02EC  1303               	bcf	3,6	;RP1=0, select bank0
  1058     02ED  0847               	movf	vfprintf@cfmt,w
  1059     02EE  0084               	movwf	4
  1060     02EF  120A  118A  2003  120A  118A  	fcall	stringdir
  1061     02F4  3A00               	xorlw	0
  1062     02F5  1D03               	skipz
  1063     02F6  2AF8               	goto	u901
  1064     02F7  2AF9               	goto	u900
  1065     02F8                     u901:
  1066     02F8  2ADE               	goto	l1227
  1067     02F9                     u900:
  1068     02F9                     l1231:
  1069                           
  1070                           ;C:\Program Files\Microchip\xc8\v3.10\pic\sources\c99\common\doprnt.c: 1835:  return 0;
  1071     02F9  01C3               	clrf	?_vfprintf
  1072     02FA  01C4               	clrf	?_vfprintf+1
  1073     02FB                     l662:
  1074     02FB  0008               	return
  1075     02FC                     __end_of_vfprintf:
  1076                           
  1077                           	psect	text3
  1078     0564                     __ptext3:	
  1079 ;; *************** function _vfpfcnvrt *****************
  1080 ;; Defined at:
  1081 ;;		line 1177 in file "C:\Program Files\Microchip\xc8\v3.10\pic\sources\c99\common\doprnt.c"
  1082 ;; Parameters:    Size  Location     Type
  1083 ;;  fp              2   24[BANK0 ] PTR struct _IO_FILE
  1084 ;;		 -> sprintf@f(11), 
  1085 ;;  fmt             1   26[BANK0 ] PTR PTR unsigned char 
  1086 ;;		 -> vfprintf@cfmt(1), 
  1087 ;;  ap              1   27[BANK0 ] PTR PTR void 
  1088 ;;		 -> sprintf@ap(1), 
  1089 ;; Auto vars:     Size  Location     Type
  1090 ;;  convarg         4   30[BANK0 ] struct .
  1091 ;;  cp              1   34[BANK0 ] PTR unsigned char 
  1092 ;;		 -> STR_2(7), STR_1(8), 
  1093 ;;  done            1    0        _Bool 
  1094 ;;  c               1    0        unsigned char 
  1095 ;; Return value:  Size  Location     Type
  1096 ;;                  1    wreg      void 
  1097 ;; Registers used:
  1098 ;;		wreg, fsr0l, fsr0h, status,2, status,0, pclath, btemp1, cstack
  1099 ;; Tracked objects:
  1100 ;;		On entry : 0/0
  1101 ;;		On exit  : 0/0
  1102 ;;		Unchanged: 0/0
  1103 ;; Data sizes:     COMMON   BANK0   BANK1   BANK3   BANK2
  1104 ;;      Params:         0       4       0       0       0
  1105 ;;      Locals:         0       5       0       0       0
  1106 ;;      Temps:          0       2       0       0       0
  1107 ;;      Totals:         0      11       0       0       0
  1108 ;;Total ram usage:       11 bytes
  1109 ;; Hardware stack levels used: 1
  1110 ;; Hardware stack levels required when called: 4
  1111 ;; This function calls:
  1112 ;;		_fputc
  1113 ;;		_read_prec_or_width
  1114 ;;		_utoa
  1115 ;; This function is called by:
  1116 ;;		_vfprintf
  1117 ;; This function uses a non-reentrant model
  1118 ;;
  1119                           
  1120     0564                     _vfpfcnvrt:	
  1121                           ;psect for function _vfpfcnvrt
  1122                           
  1123     0564                     l1165:	
  1124                           ;incstack = 0
  1125                           ; Regs used in _vfpfcnvrt: [wreg-fsr0h+status,2+status,0+pclath+btemp1+cstack]
  1126                           
  1127                           
  1128                           ;C:\Program Files\Microchip\xc8\v3.10\pic\sources\c99\common\doprnt.c: 1177: vfpfcnvrt(F
      +                          ILE *fp, char *fmt[], va_list ap);C:\Program Files\Microchip\xc8\v3.10\pic\sources\c99\c
      +                          ommon\doprnt.c: 1178: {;C:\Program Files\Microchip\xc8\v3.10\pic\sources\c99\common\dopr
      +                          nt.c: 1179:     char c, *cp;;C:\Program Files\Microchip\xc8\v3.10\pic\sources\c99\common
      +                          \doprnt.c: 1180:     _Bool done;;C:\Program Files\Microchip\xc8\v3.10\pic\sources\c99\co
      +                          mmon\doprnt.c: 1188:  } convarg;;C:\Program Files\Microchip\xc8\v3.10\pic\sources\c99\co
      +                          mmon\doprnt.c: 1201:     if ((*fmt)[0] == '%') {
  1129     0564  1283               	bcf	3,5	;RP0=0, select bank0
  1130     0565  1303               	bcf	3,6	;RP1=0, select bank0
  1131     0566  083A               	movf	vfpfcnvrt@fmt,w
  1132     0567  0084               	movwf	4
  1133     0568  1383               	bcf	3,7	;select IRP bank0
  1134     0569  0800               	movf	0,w
  1135     056A  0084               	movwf	4
  1136     056B  120A  118A  2003  120A  118A  	fcall	stringdir
  1137     0570  3A25               	xorlw	37
  1138     0571  1D03               	skipz
  1139     0572  2D74               	goto	u871
  1140     0573  2D75               	goto	u870
  1141     0574                     u871:
  1142     0574  2DDF               	goto	l1201
  1143     0575                     u870:
  1144     0575                     l1167:
  1145                           
  1146                           ;C:\Program Files\Microchip\xc8\v3.10\pic\sources\c99\common\doprnt.c: 1202:         ++*
      +                          fmt;
  1147     0575  083A               	movf	vfpfcnvrt@fmt,w
  1148     0576  0084               	movwf	4
  1149     0577  3001               	movlw	1
  1150     0578  0780               	addwf	0,f
  1151     0579                     l1169:
  1152                           
  1153                           ;C:\Program Files\Microchip\xc8\v3.10\pic\sources\c99\common\doprnt.c: 1204:         fla
      +                          gs = width = 0;
  1154     0579  01DB               	clrf	_width
  1155     057A  01DC               	clrf	_width+1
  1156     057B  3000               	movlw	0
  1157     057C  00DF               	movwf	_flags
  1158     057D                     l1171:
  1159                           
  1160                           ;C:\Program Files\Microchip\xc8\v3.10\pic\sources\c99\common\doprnt.c: 1205:         pre
      +                          c = -1;
  1161     057D  30FF               	movlw	255
  1162     057E  00DD               	movwf	_prec
  1163     057F  30FF               	movlw	255
  1164     0580  00DE               	movwf	_prec+1
  1165     0581                     l1173:
  1166                           
  1167                           ;C:\Program Files\Microchip\xc8\v3.10\pic\sources\c99\common\doprnt.c: 1256:   width = r
      +                          ead_prec_or_width(fmt, ap);
  1168     0581  083A               	movf	vfpfcnvrt@fmt,w
  1169     0582  00F6               	movwf	read_prec_or_width@fmt
  1170     0583  083B               	movf	vfpfcnvrt@ap,w
  1171     0584  00F7               	movwf	read_prec_or_width@ap
  1172     0585  120A  118A  2455  120A  118A  	fcall	_read_prec_or_width
  1173     058A  0877               	movf	?_read_prec_or_width+1,w
  1174     058B  1283               	bcf	3,5	;RP0=0, select bank0
  1175     058C  1303               	bcf	3,6	;RP1=0, select bank0
  1176     058D  00DC               	movwf	_width+1
  1177     058E  0876               	movf	?_read_prec_or_width,w
  1178     058F  00DB               	movwf	_width
  1179     0590                     l1175:
  1180                           
  1181                           ;C:\Program Files\Microchip\xc8\v3.10\pic\sources\c99\common\doprnt.c: 1257:   if (width
      +                           < 0) {
  1182     0590  1FDC               	btfss	_width+1,7
  1183     0591  2D93               	goto	u881
  1184     0592  2D94               	goto	u880
  1185     0593                     u881:
  1186     0593  2D9A               	goto	l1181
  1187     0594                     u880:
  1188     0594                     l1177:
  1189                           
  1190                           ;C:\Program Files\Microchip\xc8\v3.10\pic\sources\c99\common\doprnt.c: 1258:    flags |=
      +                           (1 << 0);
  1191     0594  145F               	bsf	_flags,0
  1192     0595                     l1179:
  1193                           
  1194                           ;C:\Program Files\Microchip\xc8\v3.10\pic\sources\c99\common\doprnt.c: 1259:    width = 
      +                          -width;
  1195     0595  09DB               	comf	_width,f
  1196     0596  09DC               	comf	_width+1,f
  1197     0597  0ADB               	incf	_width,f
  1198     0598  1903               	skipnz
  1199     0599  0ADC               	incf	_width+1,f
  1200     059A                     l1181:
  1201                           
  1202                           ;C:\Program Files\Microchip\xc8\v3.10\pic\sources\c99\common\doprnt.c: 1439:   if (0
  1203     059A  083A               	movf	vfpfcnvrt@fmt,w
  1204     059B  0084               	movwf	4
  1205     059C  1383               	bcf	3,7	;select IRP bank0
  1206     059D  0800               	movf	0,w
  1207     059E  00C2               	movwf	vfpfcnvrt@cp
  1208     059F                     l1183:
  1209     059F  0842               	movf	vfpfcnvrt@cp,w
  1210     05A0  0084               	movwf	4
  1211     05A1  120A  118A  2003  120A  118A  	fcall	stringdir
  1212     05A6  3A75               	xorlw	117
  1213     05A7  1D03               	skipz
  1214     05A8  2DAA               	goto	u891
  1215     05A9  2DAB               	goto	u890
  1216     05AA                     u891:
  1217     05AA  2DD7               	goto	l1197
  1218     05AB                     u890:
  1219     05AB                     l1185:
  1220                           
  1221                           ;C:\Program Files\Microchip\xc8\v3.10\pic\sources\c99\common\doprnt.c: 1452:     ) {;C:\
      +                          Program Files\Microchip\xc8\v3.10\pic\sources\c99\common\doprnt.c: 1495:    convarg.uint
      +                           = (vfpf_uint_t)(unsigned int)(*(unsigned int *)__va_arg(*(unsigned int **)ap, (unsigned
      +                           int)0));
  1222     05AB  083B               	movf	vfpfcnvrt@ap,w
  1223     05AC  0084               	movwf	4
  1224     05AD  0800               	movf	0,w
  1225     05AE  00FF               	movwf	btemp1
  1226     05AF  3002               	movlw	2
  1227     05B0  0780               	addwf	0,f
  1228     05B1  087F               	movf	btemp1,w
  1229     05B2  0084               	movwf	4
  1230     05B3  0800               	movf	0,w
  1231     05B4  00BE               	movwf	vfpfcnvrt@convarg
  1232     05B5  0A84               	incf	4,f
  1233     05B6  0800               	movf	0,w
  1234     05B7  00BF               	movwf	vfpfcnvrt@convarg+1
  1235     05B8                     l1187:
  1236                           
  1237                           ;C:\Program Files\Microchip\xc8\v3.10\pic\sources\c99\common\doprnt.c: 1497:    *fmt = c
      +                          p+1;
  1238     05B8  083A               	movf	vfpfcnvrt@fmt,w
  1239     05B9  0084               	movwf	4
  1240     05BA  0842               	movf	vfpfcnvrt@cp,w
  1241     05BB  3E01               	addlw	1
  1242     05BC  0080               	movwf	0
  1243                           
  1244                           ;C:\Program Files\Microchip\xc8\v3.10\pic\sources\c99\common\doprnt.c: 1498:    switch (
      +                          *cp) {
  1245     05BD  2DCC               	goto	l1195
  1246     05BE                     l1189:
  1247                           
  1248                           ;C:\Program Files\Microchip\xc8\v3.10\pic\sources\c99\common\doprnt.c: 1542:      return
      +                           (void) utoa(fp, convarg.uint);;	Return value of _vfpfcnvrt is never used
  1249     05BE  0838               	movf	vfpfcnvrt@fp,w
  1250     05BF  00AF               	movwf	utoa@fp
  1251     05C0  0839               	movf	vfpfcnvrt@fp+1,w
  1252     05C1  00B0               	movwf	utoa@fp+1
  1253     05C2  083F               	movf	vfpfcnvrt@convarg+1,w
  1254     05C3  00B2               	movwf	utoa@d+1
  1255     05C4  083E               	movf	vfpfcnvrt@convarg,w
  1256     05C5  00B1               	movwf	utoa@d
  1257     05C6  120A  118A  24FB  120A  118A  	fcall	_utoa
  1258     05CB  2DF8               	goto	l655
  1259     05CC                     l1195:
  1260     05CC  0842               	movf	vfpfcnvrt@cp,w
  1261     05CD  0084               	movwf	4
  1262     05CE  120A  118A  2003  120A  118A  	fcall	stringdir
  1263                           
  1264                           ; Switch size 1, requested type "simple"
  1265                           ; Number of cases is 1, Range of values is 117 to 117
  1266                           ; switch strategies available:
  1267                           ; Name         Instructions Cycles
  1268                           ; simple_byte            4     3 (average)
  1269                           ; direct_byte           14    11 (fixed)
  1270                           ; jumptable            263     9 (fixed)
  1271                           ;	Chosen strategy is simple_byte
  1272     05D3  3A75               	xorlw	117	; case 117
  1273     05D4  1903               	skipnz
  1274     05D5  2DBE               	goto	l1189
  1275     05D6  2DD7               	goto	l1197
  1276     05D7                     l1197:
  1277                           
  1278                           ;C:\Program Files\Microchip\xc8\v3.10\pic\sources\c99\common\doprnt.c: 1806:         ++*
      +                          fmt;
  1279     05D7  1283               	bcf	3,5	;RP0=0, select bank0
  1280     05D8  1303               	bcf	3,6	;RP1=0, select bank0
  1281     05D9  083A               	movf	vfpfcnvrt@fmt,w
  1282     05DA  0084               	movwf	4
  1283     05DB  3001               	movlw	1
  1284     05DC  1383               	bcf	3,7	;select IRP bank0
  1285     05DD  0780               	addwf	0,f
  1286     05DE  2DF8               	goto	l655
  1287     05DF                     l1201:
  1288                           
  1289                           ;C:\Program Files\Microchip\xc8\v3.10\pic\sources\c99\common\doprnt.c: 1811:     fputc((
      +                          int)(*fmt)[0], fp);
  1290     05DF  083A               	movf	vfpfcnvrt@fmt,w
  1291     05E0  0084               	movwf	4
  1292     05E1  0800               	movf	0,w
  1293     05E2  0084               	movwf	4
  1294     05E3  120A  118A  2003  120A  118A  	fcall	stringdir
  1295     05E8  00BC               	movwf	??_vfpfcnvrt
  1296     05E9  01BD               	clrf	??_vfpfcnvrt+1
  1297     05EA  083C               	movf	??_vfpfcnvrt,w
  1298     05EB  00F0               	movwf	fputc@c
  1299     05EC  083D               	movf	??_vfpfcnvrt+1,w
  1300     05ED  00F1               	movwf	fputc@c+1
  1301     05EE  0838               	movf	vfpfcnvrt@fp,w
  1302     05EF  00F2               	movwf	fputc@fp
  1303     05F0  0839               	movf	vfpfcnvrt@fp+1,w
  1304     05F1  00F3               	movwf	fputc@fp+1
  1305     05F2  120A  118A  2692  120A  118A  	fcall	_fputc
  1306     05F7  2DD7               	goto	l1197
  1307     05F8                     l655:
  1308     05F8  0008               	return
  1309     05F9                     __end_of_vfpfcnvrt:
  1310                           
  1311                           	psect	text4
  1312     04FB                     __ptext4:	
  1313 ;; *************** function _utoa *****************
  1314 ;; Defined at:
  1315 ;;		line 1001 in file "C:\Program Files\Microchip\xc8\v3.10\pic\sources\c99\common\doprnt.c"
  1316 ;; Parameters:    Size  Location     Type
  1317 ;;  fp              2   15[BANK0 ] PTR struct _IO_FILE
  1318 ;;		 -> sprintf@f(11), 
  1319 ;;  d               2   17[BANK0 ] unsigned int 
  1320 ;; Auto vars:     Size  Location     Type
  1321 ;;  i               2   22[BANK0 ] int 
  1322 ;;  w               2   19[BANK0 ] int 
  1323 ;;  p               1   21[BANK0 ] _Bool 
  1324 ;; Return value:  Size  Location     Type
  1325 ;;                  1    wreg      void 
  1326 ;; Registers used:
  1327 ;;		wreg, fsr0l, fsr0h, status,2, status,0, pclath, cstack
  1328 ;; Tracked objects:
  1329 ;;		On entry : 0/0
  1330 ;;		On exit  : 0/0
  1331 ;;		Unchanged: 0/0
  1332 ;; Data sizes:     COMMON   BANK0   BANK1   BANK3   BANK2
  1333 ;;      Params:         0       4       0       0       0
  1334 ;;      Locals:         0       5       0       0       0
  1335 ;;      Temps:          0       0       0       0       0
  1336 ;;      Totals:         0       9       0       0       0
  1337 ;;Total ram usage:        9 bytes
  1338 ;; Hardware stack levels used: 1
  1339 ;; Hardware stack levels required when called: 3
  1340 ;; This function calls:
  1341 ;;		___lwdiv
  1342 ;;		___lwmod
  1343 ;;		_pad
  1344 ;; This function is called by:
  1345 ;;		_vfpfcnvrt
  1346 ;; This function uses a non-reentrant model
  1347 ;;
  1348                           
  1349     04FB                     _utoa:	
  1350                           ;psect for function _utoa
  1351                           
  1352     04FB                     l1121:	
  1353                           ;incstack = 0
  1354                           ; Regs used in _utoa: [wreg-fsr0h+status,2+status,0+pclath+cstack]
  1355                           
  1356                           
  1357                           ;C:\Program Files\Microchip\xc8\v3.10\pic\sources\c99\common\doprnt.c: 1001: static void
      +                           utoa(FILE *fp, vfpf_uint_t d);C:\Program Files\Microchip\xc8\v3.10\pic\sources\c99\comm
      +                          on\doprnt.c: 1002: {;C:\Program Files\Microchip\xc8\v3.10\pic\sources\c99\common\doprnt.
      +                          c: 1003:     int i, w;;C:\Program Files\Microchip\xc8\v3.10\pic\sources\c99\common\doprn
      +                          t.c: 1007:  _Bool p = 1;
  1358     04FB  3001               	movlw	1
  1359     04FC  1283               	bcf	3,5	;RP0=0, select bank0
  1360     04FD  1303               	bcf	3,6	;RP1=0, select bank0
  1361     04FE  00B5               	movwf	utoa@p
  1362     04FF                     l1123:
  1363                           
  1364                           ;C:\Program Files\Microchip\xc8\v3.10\pic\sources\c99\common\doprnt.c: 1019:     w = wid
      +                          th;
  1365     04FF  085C               	movf	_width+1,w
  1366     0500  00B4               	movwf	utoa@w+1
  1367     0501  085B               	movf	_width,w
  1368     0502  00B3               	movwf	utoa@w
  1369                           
  1370                           ;C:\Program Files\Microchip\xc8\v3.10\pic\sources\c99\common\doprnt.c: 1022:     i = siz
      +                          eof(dbuf) - 1;
  1371     0503  301F               	movlw	31
  1372     0504  00B6               	movwf	utoa@i
  1373     0505  3000               	movlw	0
  1374     0506  00B7               	movwf	utoa@i+1
  1375     0507                     l1125:
  1376                           
  1377                           ;C:\Program Files\Microchip\xc8\v3.10\pic\sources\c99\common\doprnt.c: 1023:     dbuf[i]
      +                           = '\0';
  1378     0507  1683               	bsf	3,5	;RP0=1, select bank1
  1379     0508  1303               	bcf	3,6	;RP1=0, select bank1
  1380     0509  01BF               	clrf	(_dbuf^(0+128)+31)
  1381                           
  1382                           ;C:\Program Files\Microchip\xc8\v3.10\pic\sources\c99\common\doprnt.c: 1024:     while (
      +                          i && (d != 0
  1383     050A  2D41               	goto	l1137
  1384     050B                     l1127:
  1385                           
  1386                           ;C:\Program Files\Microchip\xc8\v3.10\pic\sources\c99\common\doprnt.c: 1033:     )) {;C:
      +                          \Program Files\Microchip\xc8\v3.10\pic\sources\c99\common\doprnt.c: 1034:         --i;
  1387     050B  30FF               	movlw	255
  1388     050C  07B6               	addwf	utoa@i,f
  1389     050D  1803               	skipnc
  1390     050E  0AB7               	incf	utoa@i+1,f
  1391     050F  30FF               	movlw	255
  1392     0510  07B7               	addwf	utoa@i+1,f
  1393     0511                     l1129:
  1394                           
  1395                           ;C:\Program Files\Microchip\xc8\v3.10\pic\sources\c99\common\doprnt.c: 1035:         dbu
      +                          f[i] = '0' + (d % 10);
  1396     0511  0836               	movf	utoa@i,w
  1397     0512  3EA0               	addlw	(low (_dbuf| 0))& (0+255)
  1398     0513  0084               	movwf	4
  1399     0514  300A               	movlw	10
  1400     0515  00F0               	movwf	___lwmod@divisor
  1401     0516  3000               	movlw	0
  1402     0517  00F1               	movwf	___lwmod@divisor+1
  1403     0518  0832               	movf	utoa@d+1,w
  1404     0519  00F3               	movwf	___lwmod@dividend+1
  1405     051A  0831               	movf	utoa@d,w
  1406     051B  00F2               	movwf	___lwmod@dividend
  1407     051C  120A  118A  2395  120A  118A  	fcall	___lwmod
  1408     0521  0870               	movf	?___lwmod,w
  1409     0522  3E30               	addlw	48
  1410     0523  1383               	bcf	3,7	;select IRP bank1
  1411     0524  0080               	movwf	0
  1412     0525                     l1131:
  1413                           
  1414                           ;C:\Program Files\Microchip\xc8\v3.10\pic\sources\c99\common\doprnt.c: 1039:   p = 0;
  1415     0525  1283               	bcf	3,5	;RP0=0, select bank0
  1416     0526  1303               	bcf	3,6	;RP1=0, select bank0
  1417     0527  01B5               	clrf	utoa@p
  1418     0528                     l1133:
  1419                           
  1420                           ;C:\Program Files\Microchip\xc8\v3.10\pic\sources\c99\common\doprnt.c: 1041:         --w
      +                          ;
  1421     0528  30FF               	movlw	255
  1422     0529  07B3               	addwf	utoa@w,f
  1423     052A  1803               	skipnc
  1424     052B  0AB4               	incf	utoa@w+1,f
  1425     052C  30FF               	movlw	255
  1426     052D  07B4               	addwf	utoa@w+1,f
  1427     052E                     l1135:
  1428                           
  1429                           ;C:\Program Files\Microchip\xc8\v3.10\pic\sources\c99\common\doprnt.c: 1042:         d =
      +                           d / 10;
  1430     052E  300A               	movlw	10
  1431     052F  00F0               	movwf	___lwdiv@divisor
  1432     0530  3000               	movlw	0
  1433     0531  00F1               	movwf	___lwdiv@divisor+1
  1434     0532  0832               	movf	utoa@d+1,w
  1435     0533  00F3               	movwf	___lwdiv@dividend+1
  1436     0534  0831               	movf	utoa@d,w
  1437     0535  00F2               	movwf	___lwdiv@dividend
  1438     0536  120A  118A  23CD  120A  118A  	fcall	___lwdiv
  1439     053B  0871               	movf	?___lwdiv+1,w
  1440     053C  1283               	bcf	3,5	;RP0=0, select bank0
  1441     053D  1303               	bcf	3,6	;RP1=0, select bank0
  1442     053E  00B2               	movwf	utoa@d+1
  1443     053F  0870               	movf	?___lwdiv,w
  1444     0540  00B1               	movwf	utoa@d
  1445     0541                     l1137:
  1446                           
  1447                           ;C:\Program Files\Microchip\xc8\v3.10\pic\sources\c99\common\doprnt.c: 1024:     while (
      +                          i && (d != 0
  1448     0541  1283               	bcf	3,5	;RP0=0, select bank0
  1449     0542  0836               	movf	utoa@i,w
  1450     0543  0437               	iorwf	utoa@i+1,w
  1451     0544  1903               	btfsc	3,2
  1452     0545  2D47               	goto	u821
  1453     0546  2D48               	goto	u820
  1454     0547                     u821:
  1455     0547  2D53               	goto	l1143
  1456     0548                     u820:
  1457     0548                     l1139:
  1458     0548  0831               	movf	utoa@d,w
  1459     0549  0432               	iorwf	utoa@d+1,w
  1460     054A  1D03               	btfss	3,2
  1461     054B  2D4D               	goto	u831
  1462     054C  2D4E               	goto	u830
  1463     054D                     u831:
  1464     054D  2D0B               	goto	l1127
  1465     054E                     u830:
  1466     054E                     l1141:
  1467     054E  0835               	movf	utoa@p,w
  1468     054F  1D03               	btfss	3,2
  1469     0550  2D52               	goto	u841
  1470     0551  2D53               	goto	u840
  1471     0552                     u841:
  1472     0552  2D0B               	goto	l1127
  1473     0553                     u840:
  1474     0553                     l1143:
  1475                           
  1476                           ;C:\Program Files\Microchip\xc8\v3.10\pic\sources\c99\common\doprnt.c: 1046:     return 
      +                          (void) pad(fp, &dbuf[i], w);
  1477     0553  082F               	movf	utoa@fp,w
  1478     0554  00A8               	movwf	pad@fp
  1479     0555  0830               	movf	utoa@fp+1,w
  1480     0556  00A9               	movwf	pad@fp+1
  1481     0557  0836               	movf	utoa@i,w
  1482     0558  3EA0               	addlw	(low (_dbuf| 0))& (0+255)
  1483     0559  00AA               	movwf	pad@buf
  1484     055A  0834               	movf	utoa@w+1,w
  1485     055B  00AC               	movwf	pad@p+1
  1486     055C  0833               	movf	utoa@w,w
  1487     055D  00AB               	movwf	pad@p
  1488     055E  120A  118A  24A8  120A  118A  	fcall	_pad
  1489     0563                     l637:
  1490     0563  0008               	return
  1491     0564                     __end_of_utoa:
  1492                           
  1493                           	psect	text5
  1494     04A8                     __ptext5:	
  1495 ;; *************** function _pad *****************
  1496 ;; Defined at:
  1497 ;;		line 193 in file "C:\Program Files\Microchip\xc8\v3.10\pic\sources\c99\common\doprnt.c"
  1498 ;; Parameters:    Size  Location     Type
  1499 ;;  fp              2    8[BANK0 ] PTR struct _IO_FILE
  1500 ;;		 -> sprintf@f(11), 
  1501 ;;  buf             1   10[BANK0 ] PTR unsigned char 
  1502 ;;		 -> dbuf(32), 
  1503 ;;  p               2   11[BANK0 ] int 
  1504 ;; Auto vars:     Size  Location     Type
  1505 ;;  i               2   13[BANK0 ] int 
  1506 ;; Return value:  Size  Location     Type
  1507 ;;                  1    wreg      void 
  1508 ;; Registers used:
  1509 ;;		wreg, fsr0l, fsr0h, status,2, status,0, pclath, cstack
  1510 ;; Tracked objects:
  1511 ;;		On entry : 0/0
  1512 ;;		On exit  : 0/0
  1513 ;;		Unchanged: 0/0
  1514 ;; Data sizes:     COMMON   BANK0   BANK1   BANK3   BANK2
  1515 ;;      Params:         0       5       0       0       0
  1516 ;;      Locals:         0       2       0       0       0
  1517 ;;      Temps:          1       0       0       0       0
  1518 ;;      Totals:         1       7       0       0       0
  1519 ;;Total ram usage:        8 bytes
  1520 ;; Hardware stack levels used: 1
  1521 ;; Hardware stack levels required when called: 2
  1522 ;; This function calls:
  1523 ;;		_fputc
  1524 ;;		_fputs
  1525 ;; This function is called by:
  1526 ;;		_utoa
  1527 ;; This function uses a non-reentrant model
  1528 ;;
  1529                           
  1530     04A8                     _pad:	
  1531                           ;psect for function _pad
  1532                           
  1533     04A8                     l1105:	
  1534                           ;incstack = 0
  1535                           ; Regs used in _pad: [wreg-fsr0h+status,2+status,0+pclath+cstack]
  1536                           
  1537                           
  1538                           ;C:\Program Files\Microchip\xc8\v3.10\pic\sources\c99\common\doprnt.c: 193: static void 
      +                          pad(FILE *fp, char *buf, int p);C:\Program Files\Microchip\xc8\v3.10\pic\sources\c99\com
      +                          mon\doprnt.c: 194: {;C:\Program Files\Microchip\xc8\v3.10\pic\sources\c99\common\doprnt.
      +                          c: 195:     int i;;C:\Program Files\Microchip\xc8\v3.10\pic\sources\c99\common\doprnt.c:
      +                           199:     if (flags & (1 << 0)) {
  1539     04A8  1283               	bcf	3,5	;RP0=0, select bank0
  1540     04A9  1303               	bcf	3,6	;RP1=0, select bank0
  1541     04AA  1C5F               	btfss	_flags,0
  1542     04AB  2CAD               	goto	u781
  1543     04AC  2CAE               	goto	u780
  1544     04AD                     u781:
  1545     04AD  2CB9               	goto	l1109
  1546     04AE                     u780:
  1547     04AE                     l1107:
  1548                           
  1549                           ;C:\Program Files\Microchip\xc8\v3.10\pic\sources\c99\common\doprnt.c: 200:         fput
      +                          s((const char *)buf, fp);
  1550     04AE  082A               	movf	pad@buf,w
  1551     04AF  00A0               	movwf	fputs@s
  1552     04B0  0828               	movf	pad@fp,w
  1553     04B1  00A1               	movwf	fputs@fp
  1554     04B2  0829               	movf	pad@fp+1,w
  1555     04B3  00A2               	movwf	fputs@fp+1
  1556     04B4  120A  118A  236A  120A  118A  	fcall	_fputs
  1557     04B9                     l1109:
  1558                           
  1559                           ;C:\Program Files\Microchip\xc8\v3.10\pic\sources\c99\common\doprnt.c: 205:  if (p < 0) 
      +                          {
  1560     04B9  1283               	bcf	3,5	;RP0=0, select bank0
  1561     04BA  1303               	bcf	3,6	;RP1=0, select bank0
  1562     04BB  1FAC               	btfss	pad@p+1,7
  1563     04BC  2CBE               	goto	u791
  1564     04BD  2CBF               	goto	u790
  1565     04BE                     u791:
  1566     04BE  2CC1               	goto	l624
  1567     04BF                     u790:
  1568     04BF                     l1111:
  1569                           
  1570                           ;C:\Program Files\Microchip\xc8\v3.10\pic\sources\c99\common\doprnt.c: 206:   p = 0;
  1571     04BF  01AB               	clrf	pad@p
  1572     04C0  01AC               	clrf	pad@p+1
  1573     04C1                     l624:	
  1574                           ;C:\Program Files\Microchip\xc8\v3.10\pic\sources\c99\common\doprnt.c: 207:  }
  1575                           
  1576                           
  1577                           ;C:\Program Files\Microchip\xc8\v3.10\pic\sources\c99\common\doprnt.c: 208:     i = 0;
  1578     04C1  01AD               	clrf	pad@i
  1579     04C2  01AE               	clrf	pad@i+1
  1580                           
  1581                           ;C:\Program Files\Microchip\xc8\v3.10\pic\sources\c99\common\doprnt.c: 209:     while (i
      +                           < p) {
  1582     04C3  2CDB               	goto	l1117
  1583     04C4                     l1113:
  1584                           
  1585                           ;C:\Program Files\Microchip\xc8\v3.10\pic\sources\c99\common\doprnt.c: 210:         fput
      +                          c(' ', fp);
  1586     04C4  3020               	movlw	32
  1587     04C5  00F0               	movwf	fputc@c
  1588     04C6  3000               	movlw	0
  1589     04C7  00F1               	movwf	fputc@c+1
  1590     04C8  1283               	bcf	3,5	;RP0=0, select bank0
  1591     04C9  1303               	bcf	3,6	;RP1=0, select bank0
  1592     04CA  0828               	movf	pad@fp,w
  1593     04CB  00F2               	movwf	fputc@fp
  1594     04CC  0829               	movf	pad@fp+1,w
  1595     04CD  00F3               	movwf	fputc@fp+1
  1596     04CE  120A  118A  2692  120A  118A  	fcall	_fputc
  1597     04D3                     l1115:
  1598                           
  1599                           ;C:\Program Files\Microchip\xc8\v3.10\pic\sources\c99\common\doprnt.c: 211:         ++i;
  1600     04D3  3001               	movlw	1
  1601     04D4  1283               	bcf	3,5	;RP0=0, select bank0
  1602     04D5  1303               	bcf	3,6	;RP1=0, select bank0
  1603     04D6  07AD               	addwf	pad@i,f
  1604     04D7  1803               	skipnc
  1605     04D8  0AAE               	incf	pad@i+1,f
  1606     04D9  3000               	movlw	0
  1607     04DA  07AE               	addwf	pad@i+1,f
  1608     04DB                     l1117:
  1609                           
  1610                           ;C:\Program Files\Microchip\xc8\v3.10\pic\sources\c99\common\doprnt.c: 209:     while (i
      +                           < p) {
  1611     04DB  082E               	movf	pad@i+1,w
  1612     04DC  3A80               	xorlw	128
  1613     04DD  00FD               	movwf	??_pad
  1614     04DE  082C               	movf	pad@p+1,w
  1615     04DF  3A80               	xorlw	128
  1616     04E0  027D               	subwf	??_pad,w
  1617     04E1  1D03               	skipz
  1618     04E2  2CE5               	goto	u805
  1619     04E3  082B               	movf	pad@p,w
  1620     04E4  022D               	subwf	pad@i,w
  1621     04E5                     u805:
  1622     04E5  1C03               	skipc
  1623     04E6  2CE8               	goto	u801
  1624     04E7  2CE9               	goto	u800
  1625     04E8                     u801:
  1626     04E8  2CC4               	goto	l1113
  1627     04E9                     u800:
  1628     04E9                     l627:
  1629                           
  1630                           ;C:\Program Files\Microchip\xc8\v3.10\pic\sources\c99\common\doprnt.c: 216:     if (!(fl
      +                          ags & (1 << 0))) {
  1631     04E9  1283               	bcf	3,5	;RP0=0, select bank0
  1632     04EA  1303               	bcf	3,6	;RP1=0, select bank0
  1633     04EB  185F               	btfsc	_flags,0
  1634     04EC  2CEE               	goto	u811
  1635     04ED  2CEF               	goto	u810
  1636     04EE                     u811:
  1637     04EE  2CFA               	goto	l629
  1638     04EF                     u810:
  1639     04EF                     l1119:
  1640                           
  1641                           ;C:\Program Files\Microchip\xc8\v3.10\pic\sources\c99\common\doprnt.c: 218:         fput
      +                          s((const char *)buf, fp);
  1642     04EF  082A               	movf	pad@buf,w
  1643     04F0  00A0               	movwf	fputs@s
  1644     04F1  0828               	movf	pad@fp,w
  1645     04F2  00A1               	movwf	fputs@fp
  1646     04F3  0829               	movf	pad@fp+1,w
  1647     04F4  00A2               	movwf	fputs@fp+1
  1648     04F5  120A  118A  236A  120A  118A  	fcall	_fputs
  1649     04FA                     l629:
  1650     04FA  0008               	return
  1651     04FB                     __end_of_pad:
  1652                           
  1653                           	psect	text6
  1654     036A                     __ptext6:	
  1655 ;; *************** function _fputs *****************
  1656 ;; Defined at:
  1657 ;;		line 8 in file "C:\Program Files\Microchip\xc8\v3.10\pic\sources\c99\common\nf_fputs.c"
  1658 ;; Parameters:    Size  Location     Type
  1659 ;;  s               1    0[BANK0 ] PTR const unsigned char 
  1660 ;;		 -> dbuf(32), 
  1661 ;;  fp              2    1[BANK0 ] PTR struct _IO_FILE
  1662 ;;		 -> sprintf@f(11), 
  1663 ;; Auto vars:     Size  Location     Type
  1664 ;;  i               2    6[BANK0 ] int 
  1665 ;;  c               1    5[BANK0 ] unsigned char 
  1666 ;; Return value:  Size  Location     Type
  1667 ;;                  2    0[BANK0 ] int 
  1668 ;; Registers used:
  1669 ;;		wreg, fsr0l, fsr0h, status,2, status,0, pclath, cstack
  1670 ;; Tracked objects:
  1671 ;;		On entry : 0/0
  1672 ;;		On exit  : 0/0
  1673 ;;		Unchanged: 0/0
  1674 ;; Data sizes:     COMMON   BANK0   BANK1   BANK3   BANK2
  1675 ;;      Params:         0       3       0       0       0
  1676 ;;      Locals:         0       3       0       0       0
  1677 ;;      Temps:          0       2       0       0       0
  1678 ;;      Totals:         0       8       0       0       0
  1679 ;;Total ram usage:        8 bytes
  1680 ;; Hardware stack levels used: 1
  1681 ;; Hardware stack levels required when called: 1
  1682 ;; This function calls:
  1683 ;;		_fputc
  1684 ;; This function is called by:
  1685 ;;		_pad
  1686 ;; This function uses a non-reentrant model
  1687 ;;
  1688                           
  1689     036A                     _fputs:	
  1690                           ;psect for function _fputs
  1691                           
  1692     036A                     l1035:	
  1693                           ;incstack = 0
  1694                           ; Regs used in _fputs: [wreg-fsr0h+status,2+status,0+pclath+cstack]
  1695                           
  1696     036A  1283               	bcf	3,5	;RP0=0, select bank0
  1697     036B  1303               	bcf	3,6	;RP1=0, select bank0
  1698     036C  01A6               	clrf	fputs@i
  1699     036D  01A7               	clrf	fputs@i+1
  1700     036E  2B87               	goto	l1041
  1701     036F                     l1037:
  1702     036F  0825               	movf	fputs@c,w
  1703     0370  00A3               	movwf	??_fputs
  1704     0371  01A4               	clrf	??_fputs+1
  1705     0372  0823               	movf	??_fputs,w
  1706     0373  00F0               	movwf	fputc@c
  1707     0374  0824               	movf	??_fputs+1,w
  1708     0375  00F1               	movwf	fputc@c+1
  1709     0376  0821               	movf	fputs@fp,w
  1710     0377  00F2               	movwf	fputc@fp
  1711     0378  0822               	movf	fputs@fp+1,w
  1712     0379  00F3               	movwf	fputc@fp+1
  1713     037A  120A  118A  2692  120A  118A  	fcall	_fputc
  1714     037F                     l1039:
  1715     037F  3001               	movlw	1
  1716     0380  1283               	bcf	3,5	;RP0=0, select bank0
  1717     0381  1303               	bcf	3,6	;RP1=0, select bank0
  1718     0382  07A6               	addwf	fputs@i,f
  1719     0383  1803               	skipnc
  1720     0384  0AA7               	incf	fputs@i+1,f
  1721     0385  3000               	movlw	0
  1722     0386  07A7               	addwf	fputs@i+1,f
  1723     0387                     l1041:
  1724     0387  0826               	movf	fputs@i,w
  1725     0388  0720               	addwf	fputs@s,w
  1726     0389  00A3               	movwf	??_fputs
  1727     038A  0823               	movf	??_fputs,w
  1728     038B  0084               	movwf	4
  1729     038C  1383               	bcf	3,7	;select IRP bank0
  1730     038D  0800               	movf	0,w
  1731     038E  00A5               	movwf	fputs@c
  1732     038F  0825               	movf	fputs@c,w
  1733     0390  1D03               	btfss	3,2
  1734     0391  2B93               	goto	u601
  1735     0392  2B94               	goto	u600
  1736     0393                     u601:
  1737     0393  2B6F               	goto	l1037
  1738     0394                     u600:
  1739     0394                     l682:
  1740     0394  0008               	return
  1741     0395                     __end_of_fputs:
  1742                           
  1743                           	psect	text7
  1744     0692                     __ptext7:	
  1745 ;; *************** function _fputc *****************
  1746 ;; Defined at:
  1747 ;;		line 8 in file "C:\Program Files\Microchip\xc8\v3.10\pic\sources\c99\common\nf_fputc.c"
  1748 ;; Parameters:    Size  Location     Type
  1749 ;;  c               2    0[COMMON] int 
  1750 ;;  fp              2    2[COMMON] PTR struct _IO_FILE
  1751 ;;		 -> sprintf@f(11), 
  1752 ;; Auto vars:     Size  Location     Type
  1753 ;;		None
  1754 ;; Return value:  Size  Location     Type
  1755 ;;                  2    0[COMMON] int 
  1756 ;; Registers used:
  1757 ;;		wreg, fsr0l, fsr0h, status,2, status,0, pclath, cstack
  1758 ;; Tracked objects:
  1759 ;;		On entry : 0/0
  1760 ;;		On exit  : 0/0
  1761 ;;		Unchanged: 0/0
  1762 ;; Data sizes:     COMMON   BANK0   BANK1   BANK3   BANK2
  1763 ;;      Params:         4       0       0       0       0
  1764 ;;      Locals:         0       0       0       0       0
  1765 ;;      Temps:          9       0       0       0       0
  1766 ;;      Totals:        13       0       0       0       0
  1767 ;;Total ram usage:       13 bytes
  1768 ;; Hardware stack levels used: 1
  1769 ;; This function calls:
  1770 ;;		_putch
  1771 ;; This function is called by:
  1772 ;;		_pad
  1773 ;;		_vfpfcnvrt
  1774 ;;		_fputs
  1775 ;; This function uses a non-reentrant model
  1776 ;;
  1777                           
  1778     0692                     _fputc:	
  1779                           ;psect for function _fputc
  1780                           
  1781     0692                     l1021:	
  1782                           ;incstack = 0
  1783                           ; Regs used in _fputc: [wreg-fsr0h+status,2+status,0+pclath+cstack]
  1784                           
  1785     0692  0872               	movf	fputc@fp,w
  1786     0693  0473               	iorwf	fputc@fp+1,w
  1787     0694  1903               	btfsc	3,2
  1788     0695  2E97               	goto	u551
  1789     0696  2E98               	goto	u550
  1790     0697                     u551:
  1791     0697  2E9E               	goto	l1025
  1792     0698                     u550:
  1793     0698                     l1023:
  1794     0698  0872               	movf	fputc@fp,w
  1795     0699  0473               	iorwf	fputc@fp+1,w
  1796     069A  1D03               	btfss	3,2
  1797     069B  2E9D               	goto	u561
  1798     069C  2E9E               	goto	u560
  1799     069D                     u561:
  1800     069D  2EA5               	goto	l1027
  1801     069E                     u560:
  1802     069E                     l1025:
  1803     069E  0870               	movf	fputc@c,w
  1804     069F  120A  118A  226E  120A  118A  	fcall	_putch
  1805     06A4  2F2B               	goto	l674
  1806     06A5                     l1027:
  1807     06A5  0872               	movf	fputc@fp,w
  1808     06A6  3E09               	addlw	9
  1809     06A7  00F4               	movwf	??_fputc
  1810     06A8  0873               	movf	fputc@fp+1,w
  1811     06A9  1803               	skipnc
  1812     06AA  3E01               	addlw	1
  1813     06AB  3E00               	addlw	0
  1814     06AC  00F5               	movwf	??_fputc+1
  1815     06AD  0874               	movf	??_fputc,w
  1816     06AE  0084               	movwf	4
  1817     06AF  1783               	bsf	3,7
  1818     06B0  1C75               	btfss	??_fputc+1,0
  1819     06B1  1383               	bcf	3,7
  1820     06B2  0800               	movf	0,w
  1821     06B3  00F6               	movwf	??_fputc+2
  1822     06B4  0A84               	incf	4,f
  1823     06B5  0800               	movf	0,w
  1824     06B6  00F7               	movwf	??_fputc+3
  1825     06B7  0876               	movf	??_fputc+2,w
  1826     06B8  0477               	iorwf	??_fputc+3,w
  1827     06B9  1903               	btfsc	3,2
  1828     06BA  2EBC               	goto	u571
  1829     06BB  2EBD               	goto	u570
  1830     06BC                     u571:
  1831     06BC  2EEF               	goto	l1031
  1832     06BD                     u570:
  1833     06BD                     l1029:
  1834     06BD  0872               	movf	fputc@fp,w
  1835     06BE  3E09               	addlw	9
  1836     06BF  00F4               	movwf	??_fputc
  1837     06C0  0873               	movf	fputc@fp+1,w
  1838     06C1  1803               	skipnc
  1839     06C2  3E01               	addlw	1
  1840     06C3  3E00               	addlw	0
  1841     06C4  00F5               	movwf	??_fputc+1
  1842     06C5  0874               	movf	??_fputc,w
  1843     06C6  0084               	movwf	4
  1844     06C7  1783               	bsf	3,7
  1845     06C8  1C75               	btfss	??_fputc+1,0
  1846     06C9  1383               	bcf	3,7
  1847     06CA  0800               	movf	0,w
  1848     06CB  00F6               	movwf	??_fputc+2
  1849     06CC  0A84               	incf	4,f
  1850     06CD  0800               	movf	0,w
  1851     06CE  00F7               	movwf	??_fputc+3
  1852     06CF  0872               	movf	fputc@fp,w
  1853     06D0  3E02               	addlw	2
  1854     06D1  00F8               	movwf	??_fputc+4
  1855     06D2  0873               	movf	fputc@fp+1,w
  1856     06D3  1803               	skipnc
  1857     06D4  3E01               	addlw	1
  1858     06D5  3E00               	addlw	0
  1859     06D6  00F9               	movwf	??_fputc+5
  1860     06D7  0878               	movf	??_fputc+4,w
  1861     06D8  0084               	movwf	4
  1862     06D9  1783               	bsf	3,7
  1863     06DA  1C79               	btfss	??_fputc+5,0
  1864     06DB  1383               	bcf	3,7
  1865     06DC  0800               	movf	0,w
  1866     06DD  00FA               	movwf	??_fputc+6
  1867     06DE  0A84               	incf	4,f
  1868     06DF  0800               	movf	0,w
  1869     06E0  00FB               	movwf	??_fputc+7
  1870     06E1  087B               	movf	??_fputc+7,w
  1871     06E2  3A80               	xorlw	128
  1872     06E3  00FC               	movwf	??_fputc+8
  1873     06E4  0877               	movf	??_fputc+3,w
  1874     06E5  3A80               	xorlw	128
  1875     06E6  027C               	subwf	??_fputc+8,w
  1876     06E7  1D03               	skipz
  1877     06E8  2EEB               	goto	u585
  1878     06E9  0876               	movf	??_fputc+2,w
  1879     06EA  027A               	subwf	??_fputc+6,w
  1880     06EB                     u585:
  1881     06EB  1803               	skipnc
  1882     06EC  2EEE               	goto	u581
  1883     06ED  2EEF               	goto	u580
  1884     06EE                     u581:
  1885     06EE  2F2B               	goto	l674
  1886     06EF                     u580:
  1887     06EF                     l1031:
  1888     06EF  0872               	movf	fputc@fp,w
  1889     06F0  0084               	movwf	4
  1890     06F1  1783               	bsf	3,7
  1891     06F2  1C73               	btfss	fputc@fp+1,0
  1892     06F3  1383               	bcf	3,7
  1893     06F4  0800               	movf	0,w
  1894     06F5  00F4               	movwf	??_fputc
  1895     06F6  0A84               	incf	4,f
  1896     06F7  0800               	movf	0,w
  1897     06F8  00F5               	movwf	??_fputc+1
  1898     06F9  0872               	movf	fputc@fp,w
  1899     06FA  3E02               	addlw	2
  1900     06FB  00F6               	movwf	??_fputc+2
  1901     06FC  0873               	movf	fputc@fp+1,w
  1902     06FD  1803               	skipnc
  1903     06FE  3E01               	addlw	1
  1904     06FF  3E00               	addlw	0
  1905     0700  00F7               	movwf	??_fputc+3
  1906     0701  0876               	movf	??_fputc+2,w
  1907     0702  0084               	movwf	4
  1908     0703  1783               	bsf	3,7
  1909     0704  1C77               	btfss	??_fputc+3,0
  1910     0705  1383               	bcf	3,7
  1911     0706  0800               	movf	0,w
  1912     0707  0774               	addwf	??_fputc,w
  1913     0708  00F9               	movwf	??_fputc+5
  1914     0709  0875               	movf	??_fputc+1,w
  1915     070A  00F8               	movwf	??_fputc+4
  1916     070B  1803               	skipnc
  1917     070C  0AF8               	incf	??_fputc+4,f
  1918     070D  1F80               	btfss	0,7
  1919     070E  2F10               	goto	u590
  1920     070F  03F8               	decf	??_fputc+4,f
  1921     0710                     u590:
  1922     0710  0878               	movf	??_fputc+4,w
  1923     0711  00FA               	movwf	??_fputc+6
  1924     0712  0879               	movf	??_fputc+5,w
  1925     0713  0084               	movwf	4
  1926     0714  1783               	bsf	3,7
  1927     0715  1C7A               	btfss	??_fputc+6,0
  1928     0716  1383               	bcf	3,7
  1929     0717  0870               	movf	fputc@c,w
  1930     0718  0080               	movwf	0
  1931     0719  0872               	movf	fputc@fp,w
  1932     071A  3E02               	addlw	2
  1933     071B  00F4               	movwf	??_fputc
  1934     071C  0873               	movf	fputc@fp+1,w
  1935     071D  1803               	skipnc
  1936     071E  3E01               	addlw	1
  1937     071F  3E00               	addlw	0
  1938     0720  00F5               	movwf	??_fputc+1
  1939     0721  0874               	movf	??_fputc,w
  1940     0722  0084               	movwf	4
  1941     0723  1783               	bsf	3,7
  1942     0724  1C75               	btfss	??_fputc+1,0
  1943     0725  1383               	bcf	3,7
  1944     0726  3001               	movlw	1
  1945     0727  0780               	addwf	0,f
  1946     0728  0A84               	incf	4,f
  1947     0729  1803               	skipnc
  1948     072A  0A80               	incf	0,f
  1949     072B                     l674:
  1950     072B  0008               	return
  1951     072C                     __end_of_fputc:
  1952                           
  1953                           	psect	text8
  1954     026E                     __ptext8:	
  1955 ;; *************** function _putch *****************
  1956 ;; Defined at:
  1957 ;;		line 7 in file "C:\Program Files\Microchip\xc8\v3.10\pic\sources\c99\common\putch.c"
  1958 ;; Parameters:    Size  Location     Type
  1959 ;;  c               1    wreg     unsigned char 
  1960 ;; Auto vars:     Size  Location     Type
  1961 ;;  c               1    0[COMMON] unsigned char 
  1962 ;; Return value:  Size  Location     Type
  1963 ;;                  1    wreg      void 
  1964 ;; Registers used:
  1965 ;;		wreg
  1966 ;; Tracked objects:
  1967 ;;		On entry : 0/0
  1968 ;;		On exit  : 0/0
  1969 ;;		Unchanged: 0/0
  1970 ;; Data sizes:     COMMON   BANK0   BANK1   BANK3   BANK2
  1971 ;;      Params:         0       0       0       0       0
  1972 ;;      Locals:         0       0       0       0       0
  1973 ;;      Temps:          0       0       0       0       0
  1974 ;;      Totals:         0       0       0       0       0
  1975 ;;Total ram usage:        0 bytes
  1976 ;; Hardware stack levels used: 1
  1977 ;; This function calls:
  1978 ;;		Nothing
  1979 ;; This function is called by:
  1980 ;;		_fputc
  1981 ;; This function uses a non-reentrant model
  1982 ;;
  1983                           
  1984     026E                     _putch:	
  1985                           ;psect for function _putch
  1986                           
  1987     026E                     l685:	
  1988                           ;incstack = 0
  1989                           ; Regs used in _putch: [wreg]
  1990                           
  1991     026E  0008               	return
  1992     026F                     __end_of_putch:
  1993                           
  1994                           	psect	text9
  1995     0395                     __ptext9:	
  1996 ;; *************** function ___lwmod *****************
  1997 ;; Defined at:
  1998 ;;		line 5 in file "C:\Program Files\Microchip\xc8\v3.10\pic\sources\c99\common\lwmod.c"
  1999 ;; Parameters:    Size  Location     Type
  2000 ;;  divisor         2    0[COMMON] unsigned int 
  2001 ;;  dividend        2    2[COMMON] unsigned int 
  2002 ;; Auto vars:     Size  Location     Type
  2003 ;;  counter         1    4[COMMON] unsigned char 
  2004 ;; Return value:  Size  Location     Type
  2005 ;;                  2    0[COMMON] unsigned int 
  2006 ;; Registers used:
  2007 ;;		wreg, status,2, status,0
  2008 ;; Tracked objects:
  2009 ;;		On entry : 0/0
  2010 ;;		On exit  : 0/0
  2011 ;;		Unchanged: 0/0
  2012 ;; Data sizes:     COMMON   BANK0   BANK1   BANK3   BANK2
  2013 ;;      Params:         4       0       0       0       0
  2014 ;;      Locals:         1       0       0       0       0
  2015 ;;      Temps:          0       0       0       0       0
  2016 ;;      Totals:         5       0       0       0       0
  2017 ;;Total ram usage:        5 bytes
  2018 ;; Hardware stack levels used: 1
  2019 ;; This function calls:
  2020 ;;		Nothing
  2021 ;; This function is called by:
  2022 ;;		_utoa
  2023 ;; This function uses a non-reentrant model
  2024 ;;
  2025                           
  2026     0395                     ___lwmod:	
  2027                           ;psect for function ___lwmod
  2028                           
  2029     0395                     l1083:	
  2030                           ;incstack = 0
  2031                           ; Regs used in ___lwmod: [wreg+status,2+status,0]
  2032                           
  2033     0395  0870               	movf	___lwmod@divisor,w
  2034     0396  0471               	iorwf	___lwmod@divisor+1,w
  2035     0397  1903               	btfsc	3,2
  2036     0398  2B9A               	goto	u721
  2037     0399  2B9B               	goto	u720
  2038     039A                     u721:
  2039     039A  2BC8               	goto	l1101
  2040     039B                     u720:
  2041     039B                     l1085:
  2042     039B  3001               	movlw	1
  2043     039C  00F4               	movwf	___lwmod@counter
  2044     039D  2BA7               	goto	l1091
  2045     039E                     l1087:
  2046     039E  3001               	movlw	1
  2047     039F                     u735:
  2048     039F  1003               	clrc
  2049     03A0  0DF0               	rlf	___lwmod@divisor,f
  2050     03A1  0DF1               	rlf	___lwmod@divisor+1,f
  2051     03A2  3EFF               	addlw	-1
  2052     03A3  1D03               	skipz
  2053     03A4  2B9F               	goto	u735
  2054     03A5                     l1089:
  2055     03A5  3001               	movlw	1
  2056     03A6  07F4               	addwf	___lwmod@counter,f
  2057     03A7                     l1091:
  2058     03A7  1FF1               	btfss	___lwmod@divisor+1,7
  2059     03A8  2BAA               	goto	u741
  2060     03A9  2BAB               	goto	u740
  2061     03AA                     u741:
  2062     03AA  2B9E               	goto	l1087
  2063     03AB                     u740:
  2064     03AB                     l1093:
  2065     03AB  0871               	movf	___lwmod@divisor+1,w
  2066     03AC  0273               	subwf	___lwmod@dividend+1,w
  2067     03AD  1D03               	skipz
  2068     03AE  2BB1               	goto	u755
  2069     03AF  0870               	movf	___lwmod@divisor,w
  2070     03B0  0272               	subwf	___lwmod@dividend,w
  2071     03B1                     u755:
  2072     03B1  1C03               	skipc
  2073     03B2  2BB4               	goto	u751
  2074     03B3  2BB5               	goto	u750
  2075     03B4                     u751:
  2076     03B4  2BBB               	goto	l1097
  2077     03B5                     u750:
  2078     03B5                     l1095:
  2079     03B5  0870               	movf	___lwmod@divisor,w
  2080     03B6  02F2               	subwf	___lwmod@dividend,f
  2081     03B7  0871               	movf	___lwmod@divisor+1,w
  2082     03B8  1C03               	skipc
  2083     03B9  03F3               	decf	___lwmod@dividend+1,f
  2084     03BA  02F3               	subwf	___lwmod@dividend+1,f
  2085     03BB                     l1097:
  2086     03BB  3001               	movlw	1
  2087     03BC                     u765:
  2088     03BC  1003               	clrc
  2089     03BD  0CF1               	rrf	___lwmod@divisor+1,f
  2090     03BE  0CF0               	rrf	___lwmod@divisor,f
  2091     03BF  3EFF               	addlw	-1
  2092     03C0  1D03               	skipz
  2093     03C1  2BBC               	goto	u765
  2094     03C2                     l1099:
  2095     03C2  3001               	movlw	1
  2096     03C3  02F4               	subwf	___lwmod@counter,f
  2097     03C4  1D03               	btfss	3,2
  2098     03C5  2BC7               	goto	u771
  2099     03C6  2BC8               	goto	u770
  2100     03C7                     u771:
  2101     03C7  2BAB               	goto	l1093
  2102     03C8                     u770:
  2103     03C8                     l1101:
  2104     03C8  0873               	movf	___lwmod@dividend+1,w
  2105     03C9  00F1               	movwf	?___lwmod+1
  2106     03CA  0872               	movf	___lwmod@dividend,w
  2107     03CB  00F0               	movwf	?___lwmod
  2108     03CC                     l433:
  2109     03CC  0008               	return
  2110     03CD                     __end_of___lwmod:
  2111                           
  2112                           	psect	text10
  2113     03CD                     __ptext10:	
  2114 ;; *************** function ___lwdiv *****************
  2115 ;; Defined at:
  2116 ;;		line 5 in file "C:\Program Files\Microchip\xc8\v3.10\pic\sources\c99\common\lwdiv.c"
  2117 ;; Parameters:    Size  Location     Type
  2118 ;;  divisor         2    0[COMMON] unsigned int 
  2119 ;;  dividend        2    2[COMMON] unsigned int 
  2120 ;; Auto vars:     Size  Location     Type
  2121 ;;  quotient        2    4[COMMON] unsigned int 
  2122 ;;  counter         1    6[COMMON] unsigned char 
  2123 ;; Return value:  Size  Location     Type
  2124 ;;                  2    0[COMMON] unsigned int 
  2125 ;; Registers used:
  2126 ;;		wreg, status,2, status,0
  2127 ;; Tracked objects:
  2128 ;;		On entry : 0/0
  2129 ;;		On exit  : 0/0
  2130 ;;		Unchanged: 0/0
  2131 ;; Data sizes:     COMMON   BANK0   BANK1   BANK3   BANK2
  2132 ;;      Params:         4       0       0       0       0
  2133 ;;      Locals:         3       0       0       0       0
  2134 ;;      Temps:          0       0       0       0       0
  2135 ;;      Totals:         7       0       0       0       0
  2136 ;;Total ram usage:        7 bytes
  2137 ;; Hardware stack levels used: 1
  2138 ;; This function calls:
  2139 ;;		Nothing
  2140 ;; This function is called by:
  2141 ;;		_utoa
  2142 ;; This function uses a non-reentrant model
  2143 ;;
  2144                           
  2145     03CD                     ___lwdiv:	
  2146                           ;psect for function ___lwdiv
  2147                           
  2148     03CD                     l1057:	
  2149                           ;incstack = 0
  2150                           ; Regs used in ___lwdiv: [wreg+status,2+status,0]
  2151                           
  2152     03CD  01F4               	clrf	___lwdiv@quotient
  2153     03CE  01F5               	clrf	___lwdiv@quotient+1
  2154     03CF                     l1059:
  2155     03CF  0870               	movf	___lwdiv@divisor,w
  2156     03D0  0471               	iorwf	___lwdiv@divisor+1,w
  2157     03D1  1903               	btfsc	3,2
  2158     03D2  2BD4               	goto	u651
  2159     03D3  2BD5               	goto	u650
  2160     03D4                     u651:
  2161     03D4  2C0A               	goto	l1079
  2162     03D5                     u650:
  2163     03D5                     l1061:
  2164     03D5  3001               	movlw	1
  2165     03D6  00F6               	movwf	___lwdiv@counter
  2166     03D7  2BE1               	goto	l1067
  2167     03D8                     l1063:
  2168     03D8  3001               	movlw	1
  2169     03D9                     u665:
  2170     03D9  1003               	clrc
  2171     03DA  0DF0               	rlf	___lwdiv@divisor,f
  2172     03DB  0DF1               	rlf	___lwdiv@divisor+1,f
  2173     03DC  3EFF               	addlw	-1
  2174     03DD  1D03               	skipz
  2175     03DE  2BD9               	goto	u665
  2176     03DF                     l1065:
  2177     03DF  3001               	movlw	1
  2178     03E0  07F6               	addwf	___lwdiv@counter,f
  2179     03E1                     l1067:
  2180     03E1  1FF1               	btfss	___lwdiv@divisor+1,7
  2181     03E2  2BE4               	goto	u671
  2182     03E3  2BE5               	goto	u670
  2183     03E4                     u671:
  2184     03E4  2BD8               	goto	l1063
  2185     03E5                     u670:
  2186     03E5                     l1069:
  2187     03E5  3001               	movlw	1
  2188     03E6                     u685:
  2189     03E6  1003               	clrc
  2190     03E7  0DF4               	rlf	___lwdiv@quotient,f
  2191     03E8  0DF5               	rlf	___lwdiv@quotient+1,f
  2192     03E9  3EFF               	addlw	-1
  2193     03EA  1D03               	skipz
  2194     03EB  2BE6               	goto	u685
  2195     03EC  0871               	movf	___lwdiv@divisor+1,w
  2196     03ED  0273               	subwf	___lwdiv@dividend+1,w
  2197     03EE  1D03               	skipz
  2198     03EF  2BF2               	goto	u695
  2199     03F0  0870               	movf	___lwdiv@divisor,w
  2200     03F1  0272               	subwf	___lwdiv@dividend,w
  2201     03F2                     u695:
  2202     03F2  1C03               	skipc
  2203     03F3  2BF5               	goto	u691
  2204     03F4  2BF6               	goto	u690
  2205     03F5                     u691:
  2206     03F5  2BFD               	goto	l1075
  2207     03F6                     u690:
  2208     03F6                     l1071:
  2209     03F6  0870               	movf	___lwdiv@divisor,w
  2210     03F7  02F2               	subwf	___lwdiv@dividend,f
  2211     03F8  0871               	movf	___lwdiv@divisor+1,w
  2212     03F9  1C03               	skipc
  2213     03FA  03F3               	decf	___lwdiv@dividend+1,f
  2214     03FB  02F3               	subwf	___lwdiv@dividend+1,f
  2215     03FC                     l1073:
  2216     03FC  1474               	bsf	___lwdiv@quotient,0
  2217     03FD                     l1075:
  2218     03FD  3001               	movlw	1
  2219     03FE                     u705:
  2220     03FE  1003               	clrc
  2221     03FF  0CF1               	rrf	___lwdiv@divisor+1,f
  2222     0400  0CF0               	rrf	___lwdiv@divisor,f
  2223     0401  3EFF               	addlw	-1
  2224     0402  1D03               	skipz
  2225     0403  2BFE               	goto	u705
  2226     0404                     l1077:
  2227     0404  3001               	movlw	1
  2228     0405  02F6               	subwf	___lwdiv@counter,f
  2229     0406  1D03               	btfss	3,2
  2230     0407  2C09               	goto	u711
  2231     0408  2C0A               	goto	u710
  2232     0409                     u711:
  2233     0409  2BE5               	goto	l1069
  2234     040A                     u710:
  2235     040A                     l1079:
  2236     040A  0875               	movf	___lwdiv@quotient+1,w
  2237     040B  00F1               	movwf	?___lwdiv+1
  2238     040C  0874               	movf	___lwdiv@quotient,w
  2239     040D  00F0               	movwf	?___lwdiv
  2240     040E                     l423:
  2241     040E  0008               	return
  2242     040F                     __end_of___lwdiv:
  2243                           
  2244                           	psect	text11
  2245     0455                     __ptext11:	
  2246 ;; *************** function _read_prec_or_width *****************
  2247 ;; Defined at:
  2248 ;;		line 1158 in file "C:\Program Files\Microchip\xc8\v3.10\pic\sources\c99\common\doprnt.c"
  2249 ;; Parameters:    Size  Location     Type
  2250 ;;  fmt             1    6[COMMON] PTR PTR const unsigned c
  2251 ;;		 -> vfprintf@cfmt(1), 
  2252 ;;  ap              1    7[COMMON] PTR PTR void [1]
  2253 ;;		 -> sprintf@ap(1), 
  2254 ;; Auto vars:     Size  Location     Type
  2255 ;;  c               1    8[COMMON] unsigned char 
  2256 ;;  n               2    9[COMMON] int 
  2257 ;; Return value:  Size  Location     Type
  2258 ;;                  2    6[COMMON] int 
  2259 ;; Registers used:
  2260 ;;		wreg, fsr0l, fsr0h, status,2, status,0, pclath, btemp1, cstack
  2261 ;; Tracked objects:
  2262 ;;		On entry : 0/0
  2263 ;;		On exit  : 0/0
  2264 ;;		Unchanged: 0/0
  2265 ;; Data sizes:     COMMON   BANK0   BANK1   BANK3   BANK2
  2266 ;;      Params:         2       0       0       0       0
  2267 ;;      Locals:         3       0       0       0       0
  2268 ;;      Temps:          0       0       0       0       0
  2269 ;;      Totals:         5       0       0       0       0
  2270 ;;Total ram usage:        5 bytes
  2271 ;; Hardware stack levels used: 1
  2272 ;; Hardware stack levels required when called: 1
  2273 ;; This function calls:
  2274 ;;		___wmul
  2275 ;; This function is called by:
  2276 ;;		_vfpfcnvrt
  2277 ;; This function uses a non-reentrant model
  2278 ;;
  2279                           
  2280     0455                     _read_prec_or_width:	
  2281                           ;psect for function _read_prec_or_width
  2282                           
  2283     0455                     l1147:	
  2284                           ;incstack = 0
  2285                           ; Regs used in _read_prec_or_width: [wreg-fsr0h+status,2+status,0+pclath+btemp1+cstack]
  2286                           
  2287                           
  2288                           ;C:\Program Files\Microchip\xc8\v3.10\pic\sources\c99\common\doprnt.c: 1159:     int n =
      +                           0;
  2289     0455  01F9               	clrf	read_prec_or_width@n
  2290     0456  01FA               	clrf	read_prec_or_width@n+1
  2291     0457                     l1149:
  2292                           
  2293                           ;C:\Program Files\Microchip\xc8\v3.10\pic\sources\c99\common\doprnt.c: 1160:     if ((*f
      +                          mt)[0] == '*') {
  2294     0457  0876               	movf	read_prec_or_width@fmt,w
  2295     0458  0084               	movwf	4
  2296     0459  1383               	bcf	3,7	;select IRP bank0
  2297     045A  0800               	movf	0,w
  2298     045B  0084               	movwf	4
  2299     045C  120A  118A  2003  120A  118A  	fcall	stringdir
  2300     0461  3A2A               	xorlw	42
  2301     0462  1D03               	skipz
  2302     0463  2C65               	goto	u851
  2303     0464  2C66               	goto	u850
  2304     0465                     u851:
  2305     0465  2C92               	goto	l1159
  2306     0466                     u850:
  2307     0466                     l1151:
  2308                           
  2309                           ;C:\Program Files\Microchip\xc8\v3.10\pic\sources\c99\common\doprnt.c: 1161:         ++*
      +                          fmt;
  2310     0466  0876               	movf	read_prec_or_width@fmt,w
  2311     0467  0084               	movwf	4
  2312     0468  3001               	movlw	1
  2313     0469  0780               	addwf	0,f
  2314     046A                     l1153:
  2315                           
  2316                           ;C:\Program Files\Microchip\xc8\v3.10\pic\sources\c99\common\doprnt.c: 1162:         n =
      +                           (*(int *)__va_arg(*(int **)*ap, (int)0));
  2317     046A  0877               	movf	read_prec_or_width@ap,w
  2318     046B  0084               	movwf	4
  2319     046C  0800               	movf	0,w
  2320     046D  00FF               	movwf	btemp1
  2321     046E  3002               	movlw	2
  2322     046F  0780               	addwf	0,f
  2323     0470  087F               	movf	btemp1,w
  2324     0471  0084               	movwf	4
  2325     0472  0800               	movf	0,w
  2326     0473  00F9               	movwf	read_prec_or_width@n
  2327     0474  0A84               	incf	4,f
  2328     0475  0800               	movf	0,w
  2329     0476  00FA               	movwf	read_prec_or_width@n+1
  2330                           
  2331                           ;C:\Program Files\Microchip\xc8\v3.10\pic\sources\c99\common\doprnt.c: 1163:     } else 
      +                          {
  2332     0477  2CA3               	goto	l1161
  2333     0478                     l1155:
  2334                           
  2335                           ;C:\Program Files\Microchip\xc8\v3.10\pic\sources\c99\common\doprnt.c: 1166:            
      +                           n = n * 10 + c;
  2336     0478  087A               	movf	read_prec_or_width@n+1,w
  2337     0479  00F1               	movwf	___wmul@multiplier+1
  2338     047A  0879               	movf	read_prec_or_width@n,w
  2339     047B  00F0               	movwf	___wmul@multiplier
  2340     047C  300A               	movlw	10
  2341     047D  00F2               	movwf	___wmul@multiplicand
  2342     047E  3000               	movlw	0
  2343     047F  00F3               	movwf	___wmul@multiplicand+1
  2344     0480  120A  118A  231F  120A  118A  	fcall	___wmul
  2345     0485  0878               	movf	read_prec_or_width@c,w
  2346     0486  0770               	addwf	?___wmul,w
  2347     0487  00F9               	movwf	read_prec_or_width@n
  2348     0488  3000               	movlw	0
  2349     0489  1803               	skipnc
  2350     048A  3001               	movlw	1
  2351     048B  0771               	addwf	?___wmul+1,w
  2352     048C  00FA               	movwf	read_prec_or_width@n+1
  2353     048D                     l1157:
  2354                           
  2355                           ;C:\Program Files\Microchip\xc8\v3.10\pic\sources\c99\common\doprnt.c: 1167:            
      +                           ++*fmt;
  2356     048D  0876               	movf	read_prec_or_width@fmt,w
  2357     048E  0084               	movwf	4
  2358     048F  3001               	movlw	1
  2359     0490  1383               	bcf	3,7	;select IRP bank0
  2360     0491  0780               	addwf	0,f
  2361     0492                     l1159:
  2362                           
  2363                           ;C:\Program Files\Microchip\xc8\v3.10\pic\sources\c99\common\doprnt.c: 1165:         whi
      +                          le ((c = ((unsigned)(*fmt)[0]) - '0') < 10) {
  2364     0492  0876               	movf	read_prec_or_width@fmt,w
  2365     0493  0084               	movwf	4
  2366     0494  0800               	movf	0,w
  2367     0495  0084               	movwf	4
  2368     0496  120A  118A  2003  120A  118A  	fcall	stringdir
  2369     049B  3ED0               	addlw	208
  2370     049C  00F8               	movwf	read_prec_or_width@c
  2371     049D  300A               	movlw	10
  2372     049E  0278               	subwf	read_prec_or_width@c,w
  2373     049F  1C03               	skipc
  2374     04A0  2CA2               	goto	u861
  2375     04A1  2CA3               	goto	u860
  2376     04A2                     u861:
  2377     04A2  2C78               	goto	l1155
  2378     04A3                     u860:
  2379     04A3                     l1161:
  2380                           
  2381                           ;C:\Program Files\Microchip\xc8\v3.10\pic\sources\c99\common\doprnt.c: 1170:     return 
      +                          n;
  2382     04A3  087A               	movf	read_prec_or_width@n+1,w
  2383     04A4  00F7               	movwf	?_read_prec_or_width+1
  2384     04A5  0879               	movf	read_prec_or_width@n,w
  2385     04A6  00F6               	movwf	?_read_prec_or_width
  2386     04A7                     l645:
  2387     04A7  0008               	return
  2388     04A8                     __end_of_read_prec_or_width:
  2389                           
  2390                           	psect	text12
  2391     031F                     __ptext12:	
  2392 ;; *************** function ___wmul *****************
  2393 ;; Defined at:
  2394 ;;		line 15 in file "C:\Program Files\Microchip\xc8\v3.10\pic\sources\c99\common\Umul16.c"
  2395 ;; Parameters:    Size  Location     Type
  2396 ;;  multiplier      2    0[COMMON] unsigned int 
  2397 ;;  multiplicand    2    2[COMMON] unsigned int 
  2398 ;; Auto vars:     Size  Location     Type
  2399 ;;  product         2    4[COMMON] unsigned int 
  2400 ;; Return value:  Size  Location     Type
  2401 ;;                  2    0[COMMON] unsigned int 
  2402 ;; Registers used:
  2403 ;;		wreg, status,2, status,0
  2404 ;; Tracked objects:
  2405 ;;		On entry : 0/0
  2406 ;;		On exit  : 0/0
  2407 ;;		Unchanged: 0/0
  2408 ;; Data sizes:     COMMON   BANK0   BANK1   BANK3   BANK2
  2409 ;;      Params:         4       0       0       0       0
  2410 ;;      Locals:         2       0       0       0       0
  2411 ;;      Temps:          0       0       0       0       0
  2412 ;;      Totals:         6       0       0       0       0
  2413 ;;Total ram usage:        6 bytes
  2414 ;; Hardware stack levels used: 1
  2415 ;; This function calls:
  2416 ;;		Nothing
  2417 ;; This function is called by:
  2418 ;;		_read_prec_or_width
  2419 ;; This function uses a non-reentrant model
  2420 ;;
  2421                           
  2422     031F                     ___wmul:	
  2423                           ;psect for function ___wmul
  2424                           
  2425     031F                     l1043:	
  2426                           ;incstack = 0
  2427                           ; Regs used in ___wmul: [wreg+status,2+status,0]
  2428                           
  2429     031F  01F4               	clrf	___wmul@product
  2430     0320  01F5               	clrf	___wmul@product+1
  2431     0321                     l1045:
  2432     0321  1C70               	btfss	___wmul@multiplier,0
  2433     0322  2B24               	goto	u611
  2434     0323  2B25               	goto	u610
  2435     0324                     u611:
  2436     0324  2B2B               	goto	l143
  2437     0325                     u610:
  2438     0325                     l1047:
  2439     0325  0872               	movf	___wmul@multiplicand,w
  2440     0326  07F4               	addwf	___wmul@product,f
  2441     0327  1803               	skipnc
  2442     0328  0AF5               	incf	___wmul@product+1,f
  2443     0329  0873               	movf	___wmul@multiplicand+1,w
  2444     032A  07F5               	addwf	___wmul@product+1,f
  2445     032B                     l143:
  2446     032B  3001               	movlw	1
  2447     032C                     u625:
  2448     032C  1003               	clrc
  2449     032D  0DF2               	rlf	___wmul@multiplicand,f
  2450     032E  0DF3               	rlf	___wmul@multiplicand+1,f
  2451     032F  3EFF               	addlw	-1
  2452     0330  1D03               	skipz
  2453     0331  2B2C               	goto	u625
  2454     0332                     l1049:
  2455     0332  3001               	movlw	1
  2456     0333                     u635:
  2457     0333  1003               	clrc
  2458     0334  0CF1               	rrf	___wmul@multiplier+1,f
  2459     0335  0CF0               	rrf	___wmul@multiplier,f
  2460     0336  3EFF               	addlw	-1
  2461     0337  1D03               	skipz
  2462     0338  2B33               	goto	u635
  2463     0339                     l1051:
  2464     0339  0870               	movf	___wmul@multiplier,w
  2465     033A  0471               	iorwf	___wmul@multiplier+1,w
  2466     033B  1D03               	btfss	3,2
  2467     033C  2B3E               	goto	u641
  2468     033D  2B3F               	goto	u640
  2469     033E                     u641:
  2470     033E  2B21               	goto	l1045
  2471     033F                     u640:
  2472     033F                     l1053:
  2473     033F  0875               	movf	___wmul@product+1,w
  2474     0340  00F1               	movwf	?___wmul+1
  2475     0341  0874               	movf	___wmul@product,w
  2476     0342  00F0               	movwf	?___wmul
  2477     0343                     l145:
  2478     0343  0008               	return
  2479     0344                     __end_of___wmul:
  2480                           
  2481                           	psect	text13
  2482     0344                     __ptext13:	
  2483 ;; *************** function _lcd_init *****************
  2484 ;; Defined at:
  2485 ;;		line 43 in file "adc.c"
  2486 ;; Parameters:    Size  Location     Type
  2487 ;;		None
  2488 ;; Auto vars:     Size  Location     Type
  2489 ;;		None
  2490 ;; Return value:  Size  Location     Type
  2491 ;;                  1    wreg      void 
  2492 ;; Registers used:
  2493 ;;		wreg, status,2, status,0, pclath, cstack
  2494 ;; Tracked objects:
  2495 ;;		On entry : 0/0
  2496 ;;		On exit  : 0/0
  2497 ;;		Unchanged: 0/0
  2498 ;; Data sizes:     COMMON   BANK0   BANK1   BANK3   BANK2
  2499 ;;      Params:         0       0       0       0       0
  2500 ;;      Locals:         0       0       0       0       0
  2501 ;;      Temps:          1       0       0       0       0
  2502 ;;      Totals:         1       0       0       0       0
  2503 ;;Total ram usage:        1 bytes
  2504 ;; Hardware stack levels used: 1
  2505 ;; Hardware stack levels required when called: 1
  2506 ;; This function calls:
  2507 ;;		_lcdCommand
  2508 ;; This function is called by:
  2509 ;;		_main
  2510 ;; This function uses a non-reentrant model
  2511 ;;
  2512                           
  2513     0344                     _lcd_init:	
  2514                           ;psect for function _lcd_init
  2515                           
  2516     0344                     l1235:	
  2517                           ;incstack = 0
  2518                           ; Regs used in _lcd_init: [wreg+status,2+status,0+pclath+cstack]
  2519                           
  2520                           
  2521                           ;adc.c: 44:     lcdCommand (0x38);
  2522     0344  3038               	movlw	56
  2523     0345  120A  118A  22C0  120A  118A  	fcall	_lcdCommand
  2524                           
  2525                           ;adc.c: 45:     lcdCommand (0x06);
  2526     034A  3006               	movlw	6
  2527     034B  120A  118A  22C0  120A  118A  	fcall	_lcdCommand
  2528                           
  2529                           ;adc.c: 46:     lcdCommand (0x0f);
  2530     0350  300F               	movlw	15
  2531     0351  120A  118A  22C0  120A  118A  	fcall	_lcdCommand
  2532                           
  2533                           ;adc.c: 47:     lcdCommand (0x01);
  2534     0356  3001               	movlw	1
  2535     0357  120A  118A  22C0  120A  118A  	fcall	_lcdCommand
  2536                           
  2537                           ;adc.c: 48:     lcdCommand (0x80);
  2538     035C  3080               	movlw	128
  2539     035D  120A  118A  22C0  120A  118A  	fcall	_lcdCommand
  2540     0362                     l1237:
  2541                           
  2542                           ;adc.c: 49:     _delay((unsigned long)((1)*(4000000/4000.0)));
  2543     0362  30C7               	movlw	199
  2544     0363  00F2               	movwf	??_lcd_init
  2545     0364                     u1107:
  2546     0364  2B65               	nop2
  2547     0365  0BF2               	decfsz	??_lcd_init,f
  2548     0366  2B64               	goto	u1107
  2549     0367  2B68               	nop2
  2550     0368  2B69               	nop2
  2551     0369                     l33:
  2552     0369  0008               	return
  2553     036A                     __end_of_lcd_init:
  2554                           
  2555                           	psect	text14
  2556     02C0                     __ptext14:	
  2557 ;; *************** function _lcdCommand *****************
  2558 ;; Defined at:
  2559 ;;		line 23 in file "adc.c"
  2560 ;; Parameters:    Size  Location     Type
  2561 ;;  cmd             1    wreg     unsigned char 
  2562 ;; Auto vars:     Size  Location     Type
  2563 ;;  cmd             1    1[COMMON] unsigned char 
  2564 ;; Return value:  Size  Location     Type
  2565 ;;                  1    wreg      void 
  2566 ;; Registers used:
  2567 ;;		wreg
  2568 ;; Tracked objects:
  2569 ;;		On entry : 0/0
  2570 ;;		On exit  : 0/0
  2571 ;;		Unchanged: 0/0
  2572 ;; Data sizes:     COMMON   BANK0   BANK1   BANK3   BANK2
  2573 ;;      Params:         0       0       0       0       0
  2574 ;;      Locals:         1       0       0       0       0
  2575 ;;      Temps:          1       0       0       0       0
  2576 ;;      Totals:         2       0       0       0       0
  2577 ;;Total ram usage:        2 bytes
  2578 ;; Hardware stack levels used: 1
  2579 ;; This function calls:
  2580 ;;		Nothing
  2581 ;; This function is called by:
  2582 ;;		_lcd_init
  2583 ;;		_main
  2584 ;; This function uses a non-reentrant model
  2585 ;;
  2586                           
  2587     02C0                     _lcdCommand:	
  2588                           ;psect for function _lcdCommand
  2589                           
  2590                           
  2591                           ;incstack = 0
  2592                           ; Regs used in _lcdCommand: [wreg]
  2593                           ;lcdCommand@cmd stored from wreg
  2594     02C0  00F1               	movwf	lcdCommand@cmd
  2595     02C1                     l1207:
  2596                           
  2597                           ;adc.c: 24:     PORTBbits.RB6 = 0;
  2598     02C1  1283               	bcf	3,5	;RP0=0, select bank0
  2599     02C2  1303               	bcf	3,6	;RP1=0, select bank0
  2600     02C3  1306               	bcf	6,6	;volatile
  2601     02C4                     l1209:
  2602                           
  2603                           ;adc.c: 25:     PORTD = cmd;
  2604     02C4  0871               	movf	lcdCommand@cmd,w
  2605     02C5  0088               	movwf	8	;volatile
  2606     02C6                     l1211:
  2607                           
  2608                           ;adc.c: 26:     PORTBbits.RB7 = 1;
  2609     02C6  1786               	bsf	6,7	;volatile
  2610                           
  2611                           ;adc.c: 27:     _delay((unsigned long)((1)*(4000000/4000.0)));
  2612     02C7  30C7               	movlw	199
  2613     02C8  00F0               	movwf	??_lcdCommand
  2614     02C9                     u1117:
  2615     02C9  2ACA               	nop2
  2616     02CA  0BF0               	decfsz	??_lcdCommand,f
  2617     02CB  2AC9               	goto	u1117
  2618     02CC  2ACD               	nop2
  2619     02CD  2ACE               	nop2
  2620     02CE                     l1213:
  2621                           
  2622                           ;adc.c: 28:     PORTBbits.RB7 = 0;
  2623     02CE  1283               	bcf	3,5	;RP0=0, select bank0
  2624     02CF  1303               	bcf	3,6	;RP1=0, select bank0
  2625     02D0  1386               	bcf	6,7	;volatile
  2626                           
  2627                           ;adc.c: 29:     _delay((unsigned long)((1)*(4000000/4000.0)));
  2628     02D1  30C7               	movlw	199
  2629     02D2  00F0               	movwf	??_lcdCommand
  2630     02D3                     u1127:
  2631     02D3  2AD4               	nop2
  2632     02D4  0BF0               	decfsz	??_lcdCommand,f
  2633     02D5  2AD3               	goto	u1127
  2634     02D6  2AD7               	nop2
  2635     02D7  2AD8               	nop2
  2636     02D8                     l27:
  2637     02D8  0008               	return
  2638     02D9                     __end_of_lcdCommand:
  2639                           
  2640                           	psect	text15
  2641     02AC                     __ptext15:	
  2642 ;; *************** function _lcdSendString *****************
  2643 ;; Defined at:
  2644 ;;		line 60 in file "adc.c"
  2645 ;; Parameters:    Size  Location     Type
  2646 ;;  addr            1    2[COMMON] PTR unsigned char 
  2647 ;;		 -> main@buffer(16), 
  2648 ;; Auto vars:     Size  Location     Type
  2649 ;;		None
  2650 ;; Return value:  Size  Location     Type
  2651 ;;                  1    wreg      void 
  2652 ;; Registers used:
  2653 ;;		wreg, fsr0l, fsr0h, status,2, status,0, pclath, cstack
  2654 ;; Tracked objects:
  2655 ;;		On entry : 0/0
  2656 ;;		On exit  : 0/0
  2657 ;;		Unchanged: 0/0
  2658 ;; Data sizes:     COMMON   BANK0   BANK1   BANK3   BANK2
  2659 ;;      Params:         1       0       0       0       0
  2660 ;;      Locals:         0       0       0       0       0
  2661 ;;      Temps:          0       0       0       0       0
  2662 ;;      Totals:         1       0       0       0       0
  2663 ;;Total ram usage:        1 bytes
  2664 ;; Hardware stack levels used: 1
  2665 ;; Hardware stack levels required when called: 1
  2666 ;; This function calls:
  2667 ;;		_lcSendDataByte
  2668 ;; This function is called by:
  2669 ;;		_main
  2670 ;; This function uses a non-reentrant model
  2671 ;;
  2672                           
  2673     02AC                     _lcdSendString:	
  2674                           ;psect for function _lcdSendString
  2675                           
  2676     02AC                     l1243:	
  2677                           ;incstack = 0
  2678                           ; Regs used in _lcdSendString: [wreg-fsr0h+status,2+status,0+pclath+cstack]
  2679                           
  2680                           
  2681                           ;adc.c: 61:     while (*addr){
  2682     02AC  2AB7               	goto	l1249
  2683     02AD                     l1245:
  2684                           
  2685                           ;adc.c: 62:         lcSendDataByte(*addr);
  2686     02AD  0872               	movf	lcdSendString@addr,w
  2687     02AE  0084               	movwf	4
  2688     02AF  0800               	movf	0,w
  2689     02B0  120A  118A  2287  120A  118A  	fcall	_lcSendDataByte
  2690     02B5                     l1247:
  2691                           
  2692                           ;adc.c: 63:         addr++;
  2693     02B5  3001               	movlw	1
  2694     02B6  07F2               	addwf	lcdSendString@addr,f
  2695     02B7                     l1249:
  2696                           
  2697                           ;adc.c: 61:     while (*addr){
  2698     02B7  0872               	movf	lcdSendString@addr,w
  2699     02B8  0084               	movwf	4
  2700     02B9  1383               	bcf	3,7	;select IRP bank0
  2701     02BA  0800               	movf	0,w
  2702     02BB  1D03               	btfss	3,2
  2703     02BC  2ABE               	goto	u911
  2704     02BD  2ABF               	goto	u910
  2705     02BE                     u911:
  2706     02BE  2AAD               	goto	l1245
  2707     02BF                     u910:
  2708     02BF                     l42:
  2709     02BF  0008               	return
  2710     02C0                     __end_of_lcdSendString:
  2711                           
  2712                           	psect	text16
  2713     0287                     __ptext16:	
  2714 ;; *************** function _lcSendDataByte *****************
  2715 ;; Defined at:
  2716 ;;		line 33 in file "adc.c"
  2717 ;; Parameters:    Size  Location     Type
  2718 ;;  data            1    wreg     unsigned char 
  2719 ;; Auto vars:     Size  Location     Type
  2720 ;;  data            1    1[COMMON] unsigned char 
  2721 ;; Return value:  Size  Location     Type
  2722 ;;                  1    wreg      void 
  2723 ;; Registers used:
  2724 ;;		wreg
  2725 ;; Tracked objects:
  2726 ;;		On entry : 0/0
  2727 ;;		On exit  : 0/0
  2728 ;;		Unchanged: 0/0
  2729 ;; Data sizes:     COMMON   BANK0   BANK1   BANK3   BANK2
  2730 ;;      Params:         0       0       0       0       0
  2731 ;;      Locals:         1       0       0       0       0
  2732 ;;      Temps:          1       0       0       0       0
  2733 ;;      Totals:         2       0       0       0       0
  2734 ;;Total ram usage:        2 bytes
  2735 ;; Hardware stack levels used: 1
  2736 ;; This function calls:
  2737 ;;		Nothing
  2738 ;; This function is called by:
  2739 ;;		_lcdSendString
  2740 ;; This function uses a non-reentrant model
  2741 ;;
  2742                           
  2743     0287                     _lcSendDataByte:	
  2744                           ;psect for function _lcSendDataByte
  2745                           
  2746                           
  2747                           ;incstack = 0
  2748                           ; Regs used in _lcSendDataByte: [wreg]
  2749                           ;lcSendDataByte@data stored from wreg
  2750     0287  00F1               	movwf	lcSendDataByte@data
  2751     0288                     l1215:
  2752                           
  2753                           ;adc.c: 34:     PORTBbits.RB6 = 1;
  2754     0288  1283               	bcf	3,5	;RP0=0, select bank0
  2755     0289  1303               	bcf	3,6	;RP1=0, select bank0
  2756     028A  1706               	bsf	6,6	;volatile
  2757     028B                     l1217:
  2758                           
  2759                           ;adc.c: 35:     PORTD = data;
  2760     028B  0871               	movf	lcSendDataByte@data,w
  2761     028C  0088               	movwf	8	;volatile
  2762     028D                     l1219:
  2763                           
  2764                           ;adc.c: 36:     PORTBbits.RB7 = 1;
  2765     028D  1786               	bsf	6,7	;volatile
  2766                           
  2767                           ;adc.c: 37:     _delay((unsigned long)((1)*(4000000/4000.0)));
  2768     028E  30C7               	movlw	199
  2769     028F  00F0               	movwf	??_lcSendDataByte
  2770     0290                     u1137:
  2771     0290  2A91               	nop2
  2772     0291  0BF0               	decfsz	??_lcSendDataByte,f
  2773     0292  2A90               	goto	u1137
  2774     0293  2A94               	nop2
  2775     0294  2A95               	nop2
  2776     0295                     l1221:
  2777                           
  2778                           ;adc.c: 38:     PORTBbits.RB7 = 0;
  2779     0295  1283               	bcf	3,5	;RP0=0, select bank0
  2780     0296  1303               	bcf	3,6	;RP1=0, select bank0
  2781     0297  1386               	bcf	6,7	;volatile
  2782     0298                     l1223:
  2783     0298                     l30:	
  2784                           ;adc.c: 39:     _delay((unsigned long)((0)*(4000000/4000.0)));
  2785                           
  2786     0298  0008               	return
  2787     0299                     __end_of_lcSendDataByte:
  2788                           
  2789                           	psect	text17
  2790     0299                     __ptext17:	
  2791 ;; *************** function _adc_read_an0 *****************
  2792 ;; Defined at:
  2793 ;;		line 68 in file "adc.c"
  2794 ;; Parameters:    Size  Location     Type
  2795 ;;		None
  2796 ;; Auto vars:     Size  Location     Type
  2797 ;;		None
  2798 ;; Return value:  Size  Location     Type
  2799 ;;                  2    0[COMMON] unsigned int 
  2800 ;; Registers used:
  2801 ;;		wreg
  2802 ;; Tracked objects:
  2803 ;;		On entry : 0/0
  2804 ;;		On exit  : 0/0
  2805 ;;		Unchanged: 0/0
  2806 ;; Data sizes:     COMMON   BANK0   BANK1   BANK3   BANK2
  2807 ;;      Params:         2       0       0       0       0
  2808 ;;      Locals:         0       0       0       0       0
  2809 ;;      Temps:          1       0       0       0       0
  2810 ;;      Totals:         3       0       0       0       0
  2811 ;;Total ram usage:        3 bytes
  2812 ;; Hardware stack levels used: 1
  2813 ;; This function calls:
  2814 ;;		Nothing
  2815 ;; This function is called by:
  2816 ;;		_main
  2817 ;; This function uses a non-reentrant model
  2818 ;;
  2819                           
  2820     0299                     _adc_read_an0:	
  2821                           ;psect for function _adc_read_an0
  2822                           
  2823     0299                     l1251:	
  2824                           ;incstack = 0
  2825                           ; Regs used in _adc_read_an0: [wreg]
  2826                           
  2827                           
  2828                           ;adc.c: 69:     _delay((unsigned long)((20)*(4000000/4000000.0)));
  2829     0299  3006               	movlw	6
  2830     029A  00F2               	movwf	??_adc_read_an0
  2831     029B                     u1147:
  2832     029B  0BF2               	decfsz	??_adc_read_an0,f
  2833     029C  2A9B               	goto	u1147
  2834     029D  0000               	nop
  2835     029E                     l1253:
  2836                           
  2837                           ;adc.c: 70:     GO_nDONE = 1;
  2838     029E  1283               	bcf	3,5	;RP0=0, select bank0
  2839     029F  1303               	bcf	3,6	;RP1=0, select bank0
  2840     02A0  151F               	bsf	31,2	;volatile
  2841     02A1                     l45:	
  2842                           ;adc.c: 71:     while(GO_nDONE);
  2843                           
  2844     02A1  191F               	btfsc	31,2	;volatile
  2845     02A2  2AA4               	goto	u921
  2846     02A3  2AA5               	goto	u920
  2847     02A4                     u921:
  2848     02A4  2AA1               	goto	l45
  2849     02A5                     u920:
  2850     02A5                     l1255:
  2851                           
  2852                           ;adc.c: 72:     return ((unsigned int)ADRESH<<8|ADRESL);
  2853     02A5  081E               	movf	30,w	;volatile
  2854     02A6  00F1               	movwf	?_adc_read_an0+1
  2855     02A7  1683               	bsf	3,5	;RP0=1, select bank1
  2856     02A8  1303               	bcf	3,6	;RP1=0, select bank1
  2857     02A9  081E               	movf	30,w	;volatile
  2858     02AA  00F0               	movwf	?_adc_read_an0
  2859     02AB                     l48:
  2860     02AB  0008               	return
  2861     02AC                     __end_of_adc_read_an0:
  2862                           
  2863                           	psect	text18
  2864     0277                     __ptext18:	
  2865 ;; *************** function _adc_init *****************
  2866 ;; Defined at:
  2867 ;;		line 52 in file "adc.c"
  2868 ;; Parameters:    Size  Location     Type
  2869 ;;		None
  2870 ;; Auto vars:     Size  Location     Type
  2871 ;;		None
  2872 ;; Return value:  Size  Location     Type
  2873 ;;                  1    wreg      void 
  2874 ;; Registers used:
  2875 ;;		wreg
  2876 ;; Tracked objects:
  2877 ;;		On entry : 0/0
  2878 ;;		On exit  : 0/0
  2879 ;;		Unchanged: 0/0
  2880 ;; Data sizes:     COMMON   BANK0   BANK1   BANK3   BANK2
  2881 ;;      Params:         0       0       0       0       0
  2882 ;;      Locals:         0       0       0       0       0
  2883 ;;      Temps:          1       0       0       0       0
  2884 ;;      Totals:         1       0       0       0       0
  2885 ;;Total ram usage:        1 bytes
  2886 ;; Hardware stack levels used: 1
  2887 ;; This function calls:
  2888 ;;		Nothing
  2889 ;; This function is called by:
  2890 ;;		_main
  2891 ;; This function uses a non-reentrant model
  2892 ;;
  2893                           
  2894     0277                     _adc_init:	
  2895                           ;psect for function _adc_init
  2896                           
  2897     0277                     l1239:	
  2898                           ;incstack = 0
  2899                           ; Regs used in _adc_init: [wreg]
  2900                           
  2901                           
  2902                           ;adc.c: 53:     TRISA = 0b00000001;
  2903     0277  3001               	movlw	1
  2904     0278  1683               	bsf	3,5	;RP0=1, select bank1
  2905     0279  1303               	bcf	3,6	;RP1=0, select bank1
  2906     027A  0085               	movwf	5	;volatile
  2907                           
  2908                           ;adc.c: 54:     ADCON1 = 0b11001110;
  2909     027B  30CE               	movlw	206
  2910     027C  009F               	movwf	31	;volatile
  2911                           
  2912                           ;adc.c: 55:     ADCON0 = 0b10000001;
  2913     027D  3081               	movlw	129
  2914     027E  1283               	bcf	3,5	;RP0=0, select bank0
  2915     027F  1303               	bcf	3,6	;RP1=0, select bank0
  2916     0280  009F               	movwf	31	;volatile
  2917     0281                     l1241:
  2918                           
  2919                           ;adc.c: 57:     _delay((unsigned long)((20)*(4000000/4000000.0)));
  2920     0281  3006               	movlw	6
  2921     0282  00F0               	movwf	??_adc_init
  2922     0283                     u1157:
  2923     0283  0BF0               	decfsz	??_adc_init,f
  2924     0284  2A83               	goto	u1157
  2925     0285  0000               	nop
  2926     0286                     l36:
  2927     0286  0008               	return
  2928     0287                     __end_of_adc_init:
  2929                           
  2930                           	psect	text19
  2931     040F                     __ptext19:	
  2932 ;; *************** function ___lmul *****************
  2933 ;; Defined at:
  2934 ;;		line 15 in file "C:\Program Files\Microchip\xc8\v3.10\pic\sources\c99\common\Umul32.c"
  2935 ;; Parameters:    Size  Location     Type
  2936 ;;  multiplier      4    0[COMMON] unsigned long 
  2937 ;;  multiplicand    4    4[COMMON] unsigned long 
  2938 ;; Auto vars:     Size  Location     Type
  2939 ;;  product         4    9[COMMON] unsigned long 
  2940 ;; Return value:  Size  Location     Type
  2941 ;;                  4    0[COMMON] unsigned long 
  2942 ;; Registers used:
  2943 ;;		wreg, status,2, status,0
  2944 ;; Tracked objects:
  2945 ;;		On entry : 0/0
  2946 ;;		On exit  : 0/0
  2947 ;;		Unchanged: 0/0
  2948 ;; Data sizes:     COMMON   BANK0   BANK1   BANK3   BANK2
  2949 ;;      Params:         8       0       0       0       0
  2950 ;;      Locals:         4       0       0       0       0
  2951 ;;      Temps:          1       0       0       0       0
  2952 ;;      Totals:        13       0       0       0       0
  2953 ;;Total ram usage:       13 bytes
  2954 ;; Hardware stack levels used: 1
  2955 ;; This function calls:
  2956 ;;		Nothing
  2957 ;; This function is called by:
  2958 ;;		_main
  2959 ;; This function uses a non-reentrant model
  2960 ;;
  2961                           
  2962     040F                     ___lmul:	
  2963                           ;psect for function ___lmul
  2964                           
  2965     040F                     l1273:	
  2966                           ;incstack = 0
  2967                           ; Regs used in ___lmul: [wreg+status,2+status,0]
  2968                           
  2969     040F  3000               	movlw	0
  2970     0410  00FC               	movwf	___lmul@product+3
  2971     0411  3000               	movlw	0
  2972     0412  00FB               	movwf	___lmul@product+2
  2973     0413  3000               	movlw	0
  2974     0414  00FA               	movwf	___lmul@product+1
  2975     0415  3000               	movlw	0
  2976     0416  00F9               	movwf	___lmul@product
  2977     0417                     l1275:
  2978     0417  1C70               	btfss	___lmul@multiplier,0
  2979     0418  2C1A               	goto	u931
  2980     0419  2C1B               	goto	u930
  2981     041A                     u931:
  2982     041A  2C32               	goto	l1279
  2983     041B                     u930:
  2984     041B                     l1277:
  2985     041B  0874               	movf	___lmul@multiplicand,w
  2986     041C  07F9               	addwf	___lmul@product,f
  2987     041D  0875               	movf	___lmul@multiplicand+1,w
  2988     041E  1103               	clrz
  2989     041F  1803               	skipnc
  2990     0420  3E01               	addlw	1
  2991     0421  1903               	skipnz
  2992     0422  2C24               	goto	u941
  2993     0423  07FA               	addwf	___lmul@product+1,f
  2994     0424                     u941:
  2995     0424  0876               	movf	___lmul@multiplicand+2,w
  2996     0425  1103               	clrz
  2997     0426  1803               	skipnc
  2998     0427  3E01               	addlw	1
  2999     0428  1903               	skipnz
  3000     0429  2C2B               	goto	u942
  3001     042A  07FB               	addwf	___lmul@product+2,f
  3002     042B                     u942:
  3003     042B  0877               	movf	___lmul@multiplicand+3,w
  3004     042C  1103               	clrz
  3005     042D  1803               	skipnc
  3006     042E  3E01               	addlw	1
  3007     042F  1903               	skipnz
  3008     0430  2C32               	goto	u943
  3009     0431  07FC               	addwf	___lmul@product+3,f
  3010     0432                     u943:
  3011     0432                     l1279:
  3012     0432  3001               	movlw	1
  3013     0433  00F8               	movwf	??___lmul
  3014     0434                     u955:
  3015     0434  1003               	clrc
  3016     0435  0DF4               	rlf	___lmul@multiplicand,f
  3017     0436  0DF5               	rlf	___lmul@multiplicand+1,f
  3018     0437  0DF6               	rlf	___lmul@multiplicand+2,f
  3019     0438  0DF7               	rlf	___lmul@multiplicand+3,f
  3020     0439  0BF8               	decfsz	??___lmul,f
  3021     043A  2C34               	goto	u955
  3022     043B                     l1281:
  3023     043B  3001               	movlw	1
  3024     043C                     u965:
  3025     043C  1003               	clrc
  3026     043D  0CF3               	rrf	___lmul@multiplier+3,f
  3027     043E  0CF2               	rrf	___lmul@multiplier+2,f
  3028     043F  0CF1               	rrf	___lmul@multiplier+1,f
  3029     0440  0CF0               	rrf	___lmul@multiplier,f
  3030     0441  3EFF               	addlw	-1
  3031     0442  1D03               	skipz
  3032     0443  2C3C               	goto	u965
  3033     0444  0873               	movf	___lmul@multiplier+3,w
  3034     0445  0472               	iorwf	___lmul@multiplier+2,w
  3035     0446  0471               	iorwf	___lmul@multiplier+1,w
  3036     0447  0470               	iorwf	___lmul@multiplier,w
  3037     0448  1D03               	skipz
  3038     0449  2C4B               	goto	u971
  3039     044A  2C4C               	goto	u970
  3040     044B                     u971:
  3041     044B  2C17               	goto	l1275
  3042     044C                     u970:
  3043     044C                     l1283:
  3044     044C  087C               	movf	___lmul@product+3,w
  3045     044D  00F3               	movwf	?___lmul+3
  3046     044E  087B               	movf	___lmul@product+2,w
  3047     044F  00F2               	movwf	?___lmul+2
  3048     0450  087A               	movf	___lmul@product+1,w
  3049     0451  00F1               	movwf	?___lmul+1
  3050     0452  0879               	movf	___lmul@product,w
  3051     0453  00F0               	movwf	?___lmul
  3052     0454                     l157:
  3053     0454  0008               	return
  3054     0455                     __end_of___lmul:
  3055                           
  3056                           	psect	text20
  3057     05F9                     __ptext20:	
  3058 ;; *************** function ___aldiv *****************
  3059 ;; Defined at:
  3060 ;;		line 5 in file "C:\Program Files\Microchip\xc8\v3.10\pic\sources\c99\common\aldiv.c"
  3061 ;; Parameters:    Size  Location     Type
  3062 ;;  divisor         4    0[BANK0 ] long 
  3063 ;;  dividend        4    4[BANK0 ] long 
  3064 ;; Auto vars:     Size  Location     Type
  3065 ;;  quotient        4   10[BANK0 ] long 
  3066 ;;  sign            1    9[BANK0 ] unsigned char 
  3067 ;;  counter         1    8[BANK0 ] unsigned char 
  3068 ;; Return value:  Size  Location     Type
  3069 ;;                  4    0[BANK0 ] long 
  3070 ;; Registers used:
  3071 ;;		wreg, status,2, status,0
  3072 ;; Tracked objects:
  3073 ;;		On entry : 0/0
  3074 ;;		On exit  : 0/0
  3075 ;;		Unchanged: 0/0
  3076 ;; Data sizes:     COMMON   BANK0   BANK1   BANK3   BANK2
  3077 ;;      Params:         0       8       0       0       0
  3078 ;;      Locals:         0       6       0       0       0
  3079 ;;      Temps:          1       0       0       0       0
  3080 ;;      Totals:         1      14       0       0       0
  3081 ;;Total ram usage:       15 bytes
  3082 ;; Hardware stack levels used: 1
  3083 ;; This function calls:
  3084 ;;		Nothing
  3085 ;; This function is called by:
  3086 ;;		_main
  3087 ;; This function uses a non-reentrant model
  3088 ;;
  3089                           
  3090     05F9                     ___aldiv:	
  3091                           ;psect for function ___aldiv
  3092                           
  3093     05F9                     l1287:	
  3094                           ;incstack = 0
  3095                           ; Regs used in ___aldiv: [wreg+status,2+status,0]
  3096                           
  3097     05F9  1283               	bcf	3,5	;RP0=0, select bank0
  3098     05FA  1303               	bcf	3,6	;RP1=0, select bank0
  3099     05FB  01A9               	clrf	___aldiv@sign
  3100     05FC                     l1289:
  3101     05FC  1FA3               	btfss	___aldiv@divisor+3,7
  3102     05FD  2DFF               	goto	u981
  3103     05FE  2E00               	goto	u980
  3104     05FF                     u981:
  3105     05FF  2E0D               	goto	l208
  3106     0600                     u980:
  3107     0600                     l1291:
  3108     0600  09A0               	comf	___aldiv@divisor,f
  3109     0601  09A1               	comf	___aldiv@divisor+1,f
  3110     0602  09A2               	comf	___aldiv@divisor+2,f
  3111     0603  09A3               	comf	___aldiv@divisor+3,f
  3112     0604  0AA0               	incf	___aldiv@divisor,f
  3113     0605  1903               	skipnz
  3114     0606  0AA1               	incf	___aldiv@divisor+1,f
  3115     0607  1903               	skipnz
  3116     0608  0AA2               	incf	___aldiv@divisor+2,f
  3117     0609  1903               	skipnz
  3118     060A  0AA3               	incf	___aldiv@divisor+3,f
  3119     060B  3001               	movlw	1
  3120     060C  00A9               	movwf	___aldiv@sign
  3121     060D                     l208:
  3122     060D  1FA7               	btfss	___aldiv@dividend+3,7
  3123     060E  2E10               	goto	u991
  3124     060F  2E11               	goto	u990
  3125     0610                     u991:
  3126     0610  2E1E               	goto	l1297
  3127     0611                     u990:
  3128     0611                     l1293:
  3129     0611  09A4               	comf	___aldiv@dividend,f
  3130     0612  09A5               	comf	___aldiv@dividend+1,f
  3131     0613  09A6               	comf	___aldiv@dividend+2,f
  3132     0614  09A7               	comf	___aldiv@dividend+3,f
  3133     0615  0AA4               	incf	___aldiv@dividend,f
  3134     0616  1903               	skipnz
  3135     0617  0AA5               	incf	___aldiv@dividend+1,f
  3136     0618  1903               	skipnz
  3137     0619  0AA6               	incf	___aldiv@dividend+2,f
  3138     061A  1903               	skipnz
  3139     061B  0AA7               	incf	___aldiv@dividend+3,f
  3140     061C                     l1295:
  3141     061C  3001               	movlw	1
  3142     061D  06A9               	xorwf	___aldiv@sign,f
  3143     061E                     l1297:
  3144     061E  3000               	movlw	0
  3145     061F  00AD               	movwf	___aldiv@quotient+3
  3146     0620  3000               	movlw	0
  3147     0621  00AC               	movwf	___aldiv@quotient+2
  3148     0622  3000               	movlw	0
  3149     0623  00AB               	movwf	___aldiv@quotient+1
  3150     0624  3000               	movlw	0
  3151     0625  00AA               	movwf	___aldiv@quotient
  3152     0626                     l1299:
  3153     0626  0823               	movf	___aldiv@divisor+3,w
  3154     0627  0422               	iorwf	___aldiv@divisor+2,w
  3155     0628  0421               	iorwf	___aldiv@divisor+1,w
  3156     0629  0420               	iorwf	___aldiv@divisor,w
  3157     062A  1903               	skipnz
  3158     062B  2E2D               	goto	u1001
  3159     062C  2E2E               	goto	u1000
  3160     062D                     u1001:
  3161     062D  2E79               	goto	l1319
  3162     062E                     u1000:
  3163     062E                     l1301:
  3164     062E  3001               	movlw	1
  3165     062F  00A8               	movwf	___aldiv@counter
  3166     0630  2E3C               	goto	l1305
  3167     0631                     l1303:
  3168     0631  3001               	movlw	1
  3169     0632  00FD               	movwf	??___aldiv
  3170     0633                     u1015:
  3171     0633  1003               	clrc
  3172     0634  0DA0               	rlf	___aldiv@divisor,f
  3173     0635  0DA1               	rlf	___aldiv@divisor+1,f
  3174     0636  0DA2               	rlf	___aldiv@divisor+2,f
  3175     0637  0DA3               	rlf	___aldiv@divisor+3,f
  3176     0638  0BFD               	decfsz	??___aldiv,f
  3177     0639  2E33               	goto	u1015
  3178     063A  3001               	movlw	1
  3179     063B  07A8               	addwf	___aldiv@counter,f
  3180     063C                     l1305:
  3181     063C  1FA3               	btfss	___aldiv@divisor+3,7
  3182     063D  2E3F               	goto	u1021
  3183     063E  2E40               	goto	u1020
  3184     063F                     u1021:
  3185     063F  2E31               	goto	l1303
  3186     0640                     u1020:
  3187     0640                     l1307:
  3188     0640  3001               	movlw	1
  3189     0641  00FD               	movwf	??___aldiv
  3190     0642                     u1035:
  3191     0642  1003               	clrc
  3192     0643  0DAA               	rlf	___aldiv@quotient,f
  3193     0644  0DAB               	rlf	___aldiv@quotient+1,f
  3194     0645  0DAC               	rlf	___aldiv@quotient+2,f
  3195     0646  0DAD               	rlf	___aldiv@quotient+3,f
  3196     0647  0BFD               	decfsz	??___aldiv,f
  3197     0648  2E42               	goto	u1035
  3198     0649                     l1309:
  3199     0649  0823               	movf	___aldiv@divisor+3,w
  3200     064A  0227               	subwf	___aldiv@dividend+3,w
  3201     064B  1D03               	skipz
  3202     064C  2E57               	goto	u1045
  3203     064D  0822               	movf	___aldiv@divisor+2,w
  3204     064E  0226               	subwf	___aldiv@dividend+2,w
  3205     064F  1D03               	skipz
  3206     0650  2E57               	goto	u1045
  3207     0651  0821               	movf	___aldiv@divisor+1,w
  3208     0652  0225               	subwf	___aldiv@dividend+1,w
  3209     0653  1D03               	skipz
  3210     0654  2E57               	goto	u1045
  3211     0655  0820               	movf	___aldiv@divisor,w
  3212     0656  0224               	subwf	___aldiv@dividend,w
  3213     0657                     u1045:
  3214     0657  1C03               	skipc
  3215     0658  2E5A               	goto	u1041
  3216     0659  2E5B               	goto	u1040
  3217     065A                     u1041:
  3218     065A  2E6A               	goto	l1315
  3219     065B                     u1040:
  3220     065B                     l1311:
  3221     065B  0820               	movf	___aldiv@divisor,w
  3222     065C  02A4               	subwf	___aldiv@dividend,f
  3223     065D  0821               	movf	___aldiv@divisor+1,w
  3224     065E  1C03               	skipc
  3225     065F  0F21               	incfsz	___aldiv@divisor+1,w
  3226     0660  02A5               	subwf	___aldiv@dividend+1,f
  3227     0661  0822               	movf	___aldiv@divisor+2,w
  3228     0662  1C03               	skipc
  3229     0663  0F22               	incfsz	___aldiv@divisor+2,w
  3230     0664  02A6               	subwf	___aldiv@dividend+2,f
  3231     0665  0823               	movf	___aldiv@divisor+3,w
  3232     0666  1C03               	skipc
  3233     0667  0F23               	incfsz	___aldiv@divisor+3,w
  3234     0668  02A7               	subwf	___aldiv@dividend+3,f
  3235     0669                     l1313:
  3236     0669  142A               	bsf	___aldiv@quotient,0
  3237     066A                     l1315:
  3238     066A  3001               	movlw	1
  3239     066B                     u1055:
  3240     066B  1003               	clrc
  3241     066C  0CA3               	rrf	___aldiv@divisor+3,f
  3242     066D  0CA2               	rrf	___aldiv@divisor+2,f
  3243     066E  0CA1               	rrf	___aldiv@divisor+1,f
  3244     066F  0CA0               	rrf	___aldiv@divisor,f
  3245     0670  3EFF               	addlw	-1
  3246     0671  1D03               	skipz
  3247     0672  2E6B               	goto	u1055
  3248     0673                     l1317:
  3249     0673  3001               	movlw	1
  3250     0674  02A8               	subwf	___aldiv@counter,f
  3251     0675  1D03               	btfss	3,2
  3252     0676  2E78               	goto	u1061
  3253     0677  2E79               	goto	u1060
  3254     0678                     u1061:
  3255     0678  2E40               	goto	l1307
  3256     0679                     u1060:
  3257     0679                     l1319:
  3258     0679  0829               	movf	___aldiv@sign,w
  3259     067A  1903               	btfsc	3,2
  3260     067B  2E7D               	goto	u1071
  3261     067C  2E7E               	goto	u1070
  3262     067D                     u1071:
  3263     067D  2E89               	goto	l1323
  3264     067E                     u1070:
  3265     067E                     l1321:
  3266     067E  09AA               	comf	___aldiv@quotient,f
  3267     067F  09AB               	comf	___aldiv@quotient+1,f
  3268     0680  09AC               	comf	___aldiv@quotient+2,f
  3269     0681  09AD               	comf	___aldiv@quotient+3,f
  3270     0682  0AAA               	incf	___aldiv@quotient,f
  3271     0683  1903               	skipnz
  3272     0684  0AAB               	incf	___aldiv@quotient+1,f
  3273     0685  1903               	skipnz
  3274     0686  0AAC               	incf	___aldiv@quotient+2,f
  3275     0687  1903               	skipnz
  3276     0688  0AAD               	incf	___aldiv@quotient+3,f
  3277     0689                     l1323:
  3278     0689  082D               	movf	___aldiv@quotient+3,w
  3279     068A  00A3               	movwf	?___aldiv+3
  3280     068B  082C               	movf	___aldiv@quotient+2,w
  3281     068C  00A2               	movwf	?___aldiv+2
  3282     068D  082B               	movf	___aldiv@quotient+1,w
  3283     068E  00A1               	movwf	?___aldiv+1
  3284     068F  082A               	movf	___aldiv@quotient,w
  3285     0690  00A0               	movwf	?___aldiv
  3286     0691                     l218:
  3287     0691  0008               	return
  3288     0692                     __end_of___aldiv:
  3289     0002                     ___latbits      equ	2
  3290     007E                     btemp           set	126	;btemp
  3291     007E                     btemp0          set	126
  3292     007F                     btemp1          set	127
  3293     007E                     wtemp0          set	126
  3294     007F                     wtemp0a         set	127
  3295     007F                     ttemp0a         set	127
  3296     0080                     ltemp0a         set	128
  3297                           
  3298                           	psect	config
  3299                           
  3300                           ;Config register CONFIG @ 0x2007
  3301                           ;	Oscillator Selection bits
  3302                           ;	FOSC = XT, XT oscillator
  3303                           ;	Watchdog Timer Enable bit
  3304                           ;	WDTE = OFF, WDT disabled
  3305                           ;	Power-up Timer Enable bit
  3306                           ;	PWRTE = OFF, PWRT disabled
  3307                           ;	Brown-out Reset Enable bit
  3308                           ;	BOREN = ON, BOR enabled
  3309                           ;	Low-Voltage (Single-Supply) In-Circuit Serial Programming Enable bit
  3310                           ;	LVP = OFF, RB3 is digital I/O, HV on MCLR must be used for programming
  3311                           ;	Data EEPROM Memory Code Protection bit
  3312                           ;	CPD = OFF, Data EEPROM code protection off
  3313                           ;	Flash Program Memory Write Enable bits
  3314                           ;	WRT = OFF, Write protection off; all program memory may be written to by EECON control
  3315                           ;	In-Circuit Debugger Mode bit
  3316                           ;	DEBUG = 0x1, unprogrammed default
  3317                           ;	Flash Program Memory Code Protection bit
  3318                           ;	CP = OFF, Code protection off
  3319     2007                     	org	8199
  3320     2007  3F79               	dw	16249

Data Sizes:
    Strings     15
    Constant    0
    Data        0
    BSS         37
    Persistent  0
    Stack       0

Auto Spaces:
    Space          Size  Autos    Used
    COMMON           14     14      14
    BANK0            80     59      64
    BANK1            80     22      54
    BANK3            96      0       0
    BANK2            96      0       0

Pointer List with Targets:

    f$.$buffer	PTR unsigned char  size(2) Largest target is 16
		 -> main@buffer(BANK1[16]), 

    f$.$source	PTR const unsigned char  size(1) Largest target is 0

    fputc@fp	PTR struct _IO_FILE size(2) Largest target is 11
		 -> sprintf@f(BANK0[11]), 

    fputc@fp$.$buffer	PTR unsigned char  size(2) Largest target is 16
		 -> main@buffer(BANK1[16]), 

    fputc@fp$.$source	PTR const unsigned char  size(1) Largest target is 0

    fputs@fp	PTR struct _IO_FILE size(2) Largest target is 11
		 -> sprintf@f(BANK0[11]), 

    fputs@s	PTR const unsigned char  size(1) Largest target is 32
		 -> dbuf(BANK1[32]), 

    lcdSendString@addr	PTR unsigned char  size(1) Largest target is 16
		 -> main@buffer(BANK1[16]), 

    pad@buf	PTR unsigned char  size(1) Largest target is 32
		 -> dbuf(BANK1[32]), 

    pad@fp	PTR struct _IO_FILE size(2) Largest target is 11
		 -> sprintf@f(BANK0[11]), 

    read_prec_or_width@ap	PTR PTR void [1] size(1) Largest target is 1
		 -> sprintf@ap(BANK0[1]), 

    read_prec_or_width@fmt	PTR PTR const unsigned char  size(1) Largest target is 1
		 -> vfprintf@cfmt(BANK0[1]), 

    S539$buffer	PTR unsigned char  size(2) Largest target is 16
		 -> main@buffer(BANK1[16]), 

    S539$source	PTR const unsigned char  size(1) Largest target is 0

    sprintf@ap	PTR void [1] size(1) Largest target is 2
		 -> ?_sprintf(BANK0[2]), 

    sprintf@fmt	PTR const unsigned char  size(1) Largest target is 8
		 -> STR_1(CODE[8]), STR_2(CODE[7]), 

    sprintf@s	PTR unsigned char  size(1) Largest target is 16
		 -> main@buffer(BANK1[16]), 

    utoa@fp	PTR struct _IO_FILE size(2) Largest target is 11
		 -> sprintf@f(BANK0[11]), 

    vfpfcnvrt@ap	PTR PTR void  size(1) Largest target is 1
		 -> sprintf@ap(BANK0[1]), 

    vfpfcnvrt@cp	PTR unsigned char  size(1) Largest target is 8
		 -> STR_1(CODE[8]), STR_2(CODE[7]), 

    vfpfcnvrt@fmt	PTR PTR unsigned char  size(1) Largest target is 1
		 -> vfprintf@cfmt(BANK0[1]), 

    vfpfcnvrt@fp	PTR struct _IO_FILE size(2) Largest target is 11
		 -> sprintf@f(BANK0[11]), 

    vfprintf@ap	PTR PTR void  size(1) Largest target is 1
		 -> sprintf@ap(BANK0[1]), 

    vfprintf@cfmt	PTR unsigned char  size(1) Largest target is 8
		 -> STR_1(CODE[8]), STR_2(CODE[7]), 

    vfprintf@fmt	PTR const unsigned char  size(1) Largest target is 8
		 -> STR_1(CODE[8]), STR_2(CODE[7]), 

    vfprintf@fp	PTR struct _IO_FILE size(2) Largest target is 11
		 -> sprintf@f(BANK0[11]), 


Critical Paths under _main in COMMON

    _main->___aldiv
    _utoa->_pad
    _pad->_fputc
    _fputs->_fputc
    _read_prec_or_width->___wmul
    _lcd_init->_lcdCommand
    _lcdSendString->_lcSendDataByte
    ___aldiv->___lmul

Critical Paths under _main in BANK0

    _main->_sprintf
    _sprintf->_vfprintf
    _vfprintf->_vfpfcnvrt
    _vfpfcnvrt->_utoa
    _utoa->_pad
    _pad->_fputs

Critical Paths under _main in BANK1

    None.

Critical Paths under _main in BANK3

    None.

Critical Paths under _main in BANK2

    None.

Call Graph Tables:

 ---------------------------------------------------------------------------------
 (Depth) Function   	        Calls       Base Space   Used Autos Params    Refs
 ---------------------------------------------------------------------------------
 (0) _main                                                24    24      0    3262
                                             57 BANK0      2     2      0
                                              0 BANK1     22    22      0
                            ___aldiv
                             ___lmul
                           _adc_init
                       _adc_read_an0
                         _lcdCommand
                      _lcdSendString
                           _lcd_init
                            _sprintf
 ---------------------------------------------------------------------------------
 (1) _sprintf                                             19    15      4    2502
                                             40 BANK0     17    13      4
                           _vfprintf
 ---------------------------------------------------------------------------------
 (2) _vfprintf                                             5     1      4    2297
                                             35 BANK0      5     1      4
                          _vfpfcnvrt
 ---------------------------------------------------------------------------------
 (3) _vfpfcnvrt                                           13     9      4    2166
                                             24 BANK0     11     7      4
                              _fputc
                 _read_prec_or_width
                               _utoa
 ---------------------------------------------------------------------------------
 (4) _utoa                                                 9     5      4    1301
                                             15 BANK0      9     5      4
                            ___lwdiv
                            ___lwmod
                                _pad
 ---------------------------------------------------------------------------------
 (5) _pad                                                  8     3      5     747
                                             13 COMMON     1     1      0
                                              8 BANK0      7     2      5
                              _fputc
                              _fputs
 ---------------------------------------------------------------------------------
 (6) _fputs                                                8     5      3     333
                                              0 BANK0      8     5      3
                              _fputc
 ---------------------------------------------------------------------------------
 (7) _fputc                                               13     9      4     232
                                              0 COMMON    13     9      4
                              _putch
 ---------------------------------------------------------------------------------
 (8) _putch                                                1     1      0       0
 ---------------------------------------------------------------------------------
 (5) ___lwmod                                              5     1      4     161
                                              0 COMMON     5     1      4
 ---------------------------------------------------------------------------------
 (5) ___lwdiv                                              7     3      4     164
                                              0 COMMON     7     3      4
 ---------------------------------------------------------------------------------
 (4) _read_prec_or_width                                   5     3      2     276
                                              6 COMMON     5     3      2
                             ___wmul
 ---------------------------------------------------------------------------------
 (5) ___wmul                                               6     2      4      94
                                              0 COMMON     6     2      4
 ---------------------------------------------------------------------------------
 (1) _lcd_init                                             1     1      0      29
                                              2 COMMON     1     1      0
                         _lcdCommand
 ---------------------------------------------------------------------------------
 (2) _lcdCommand                                           2     2      0      29
                                              0 COMMON     2     2      0
 ---------------------------------------------------------------------------------
 (1) _lcdSendString                                        1     0      1      76
                                              2 COMMON     1     0      1
                     _lcSendDataByte
 ---------------------------------------------------------------------------------
 (2) _lcSendDataByte                                       2     2      0      29
                                              0 COMMON     2     2      0
 ---------------------------------------------------------------------------------
 (1) _adc_read_an0                                         3     1      2       0
                                              0 COMMON     3     1      2
 ---------------------------------------------------------------------------------
 (1) _adc_init                                             1     1      0       0
                                              0 COMMON     1     1      0
 ---------------------------------------------------------------------------------
 (1) ___lmul                                              13     5      8      94
                                              0 COMMON    13     5      8
 ---------------------------------------------------------------------------------
 (1) ___aldiv                                             15     7      8     302
                                             13 COMMON     1     1      0
                                              0 BANK0     14     6      8
                             ___lmul (ARG)
 ---------------------------------------------------------------------------------
 Estimated maximum stack depth 8
 ---------------------------------------------------------------------------------

 Call Graph Graphs:

 _main (ROOT)
   ___aldiv
     ___lmul (ARG)
   ___lmul
   _adc_init
   _adc_read_an0
   _lcdCommand
   _lcdSendString
     _lcSendDataByte
   _lcd_init
     _lcdCommand
   _sprintf
     _vfprintf
       _vfpfcnvrt
         _fputc
           _putch
         _read_prec_or_width
           ___wmul
         _utoa
           ___lwdiv
           ___lwmod
           _pad
             _fputc
             _fputs
               _fputc

Address spaces:
Name               Size   Autos  Total    Usage
BITCOMMON           14      0       0      0.0%
BITBANK0            80      0       0      0.0%
BITBANK1            80      0       0      0.0%
BITBANK3            96      0       0      0.0%
BITBANK2            96      0       0      0.0%
COMMON              14     14      14    100.0%
BANK0               80     59      64     80.0%
BANK1               80     22      54     67.5%
BANK3               96      0       0      0.0%
BANK2               96      0       0      0.0%
STACK                0      0       0      0.0%
DATA                 0      0     132      0.0%


Microchip Technology PIC Macro Assembler V3.10 build 20250813170317 
Symbol Table                                                                                   Tue Nov 25 08:48:29 2025

                         pc 0002                          l30 0298                          l33 0369  
                        l42 02BF                          l27 02D8                          l36 0286  
                        l45 02A1                          l48 02AB                          fsr 0004  
       ___wmul@multiplicand 0072                         l143 032B                         l208 060D  
                       l145 0343                         l218 0691                         l157 0454  
                       l423 040E                         l433 03CC                         l606 031E  
                       l624 04C1                         l627 04E9                         l645 04A7  
                       l629 04FA                         l637 0563                         l662 02FB  
                       l655 05F8                         l674 072B                         l682 0394  
                       l685 026E                         u600 0394                         u601 0393  
                       u610 0325                         u611 0324                         u710 040A  
                       u550 0698                         u711 0409                         u551 0697  
                       u640 033F                         u720 039B                         u560 069E  
                       u800 04E9                         u641 033E                         u625 032C  
                       u705 03FE                         u721 039A                         u561 069D  
                       u801 04E8                         u650 03D5                         u570 06BD  
                       u810 04EF                         u635 0333                         u651 03D4  
                       u571 06BC                         u811 04EE                         u740 03AB  
                       u580 06EF                         u820 0548                         u900 02F9  
                       u741 03AA                         u581 06EE                         u805 04E5  
                       u821 0547                         u901 02F8                         u910 02BF  
                       u670 03E5                         u750 03B5                         u590 0710  
                       u830 054E                         u911 02BE                         u671 03E4  
                       u751 03B4                         u735 039F                         u831 054D  
                       u920 02A5                         u840 0553                         u921 02A4  
                       u665 03D9                         u585 06EB                         u841 0552  
                       u930 041B                         u850 0466                         u690 03F6  
                       u770 03C8                         u931 041A                         u851 0465  
                       u691 03F5                         u771 03C7                         u755 03B1  
                       u860 04A3                         u780 04AE                         u941 0424  
                       u861 04A2                         u685 03E6                         u765 03BC  
                       u781 04AD                         u942 042B                         u790 04BF  
                       u870 0575                         u943 0432                         u695 03F2  
                       u791 04BE                         u871 0574                         u880 0594  
                       u881 0593                         u970 044C                         u890 05AB  
                       u971 044B                         u955 0434                         u891 05AA  
                       u980 0600                         u981 05FF                         u965 043C  
                       u990 0611                         u991 0610                         _pad 04A8  
                       fsr0 0004                         indf 0000                        l1101 03C8  
                      l1021 0692                        l1031 06EF                        l1023 0698  
                      l1111 04BF                        l1025 069E                        l1041 0387  
                      l1113 04C4                        l1105 04A8                        l1121 04FB  
                      l1201 05DF                        l1211 02C6                        l1051 0339  
                      l1043 031F                        l1027 06A5                        l1035 036A  
                      l1115 04D3                        l1107 04AE                        l1131 0525  
                      l1123 04FF                        l1301 062E                        l1221 0295  
                      l1213 02CE                        l1053 033F                        l1045 0321  
                      l1061 03D5                        l1029 06BD                        l1037 036F  
                      l1117 04DB                        l1109 04B9                        l1141 054E  
                      l1133 0528                        l1125 0507                        l1311 065B  
                      l1303 0631                        l1223 0298                        l1215 0288  
                      l1207 02C1                        l1047 0325                        l1151 0466  
                      l1071 03F6                        l1063 03D8                        l1039 037F  
                      l1119 04EF                        l1143 0553                        l1135 052E  
                      l1127 050B                        l1231 02F9                        l1321 067E  
                      l1313 0669                        l1305 063C                        l1241 0281  
                      l1217 028B                        l1209 02C4                        l1049 0332  
                      l1161 04A3                        l1153 046A                        l1073 03FC  
                      l1065 03DF                        l1057 03CD                        l1129 0511  
                      l1137 0541                        l1225 02D9                        l1323 0689  
                      l1315 066A                        l1307 0640                        l1251 0299  
                      l1219 028D                        l1243 02AC                        l1235 0344  
                      l1155 0478                        l1147 0455                        l1075 03FD  
                      l1067 03E1                        l1059 03CF                        l1091 03A7  
                      l1083 0395                        l1139 0548                        l1171 057D  
                      l1227 02DE                        l1331 0735                        l1317 0673  
                      l1309 0649                        l1253 029E                        l1245 02AD  
                      l1237 0362                        l1157 048D                        l1149 0457  
                      l1077 0404                        l1069 03E5                        l1093 03AB  
                      l1085 039B                        l1181 059A                        l1173 0581  
                      l1165 0564                        l1229 02EB                        l1261 0300  
                      l1341 078F                        l1333 073A                        l1319 0679  
                      l1239 0277                        l1255 02A5                        l1247 02B5  
                      l1159 0492                        l1079 040A                        l1095 03B5  
                      l1087 039E                        l1183 059F                        l1175 0590  
                      l1167 0575                        l1263 0304                        l1351 07D7  
                      l1343 0795                        l1335 0740                        l1327 072C  
                      l1281 043B                        l1273 040F                        l1249 02B7  
                      l1097 03BB                        l1089 03A5                        l1185 05AB  
                      l1177 0594                        l1169 0579                        l1265 0306  
                      l1345 07AC                        l1353 07DD                        l1337 074B  
                      l1329 0730                        l1291 0600                        l1283 044C  
                      l1275 0417                        l1099 03C2                        l1195 05CC  
                      l1187 05B8                        l1179 0595                        l1267 0308  
                      l1259 02FC                        l1347 07B3                        l1339 0785  
                      l1293 0611                        l1277 041B                        l1189 05BE  
                      l1197 05D7                        l1269 0315                        l1349 07B9  
                      l1295 061C                        l1287 05F9                        l1279 0432  
                      l1297 061E                        l1289 05FC                        l1299 0626  
                      ?_pad 0028                        STR_1 0009                        STR_2 0011  
                      u1000 062E                        u1001 062D                        u1020 0640  
                      u1021 063F                        u1015 0633                        u1040 065B  
                      u1041 065A                        u1035 0642                        u1107 0364  
                      u1060 0679                        u1061 0678                        u1045 0657  
                      u1117 02C9                        u1070 067E                        u1071 067D  
                      u1055 066B                        u1127 02D3                        u1080 078F  
                      u1137 0290                        u1081 078E                        u1147 029B  
                      u1157 0283                        u1085 078B                        u1097 07E3  
                      _dbuf 00A0                        _main 072C                        _prec 005D  
                      pad@i 002D                        pad@p 002B                        btemp 007E  
                      _utoa 04FB                 main@prev_mv 00D0                        start 0000  
                     ??_pad 007D             __end_of___aldiv 0692                       ?_main 0070  
                     ?_utoa 002F             __end_of___lwdiv 040F             __end_of___lwmod 03CD  
              vfpfcnvrt@fmt 003A                       _PORTD 0008                       _TRISA 0085  
                     _TRISB 0086                       _TRISD 0088         ___lmul@multiplicand 0074  
              _adc_read_an0 0299                       _flags 005F         read_prec_or_width@c 0078  
       read_prec_or_width@n 0079                       _fputc 0692                       _fputs 036A  
                     btemp0 007E                       pad@fp 0028                       btemp1 007F  
                     _width 005B                       _putch 026E                       pclath 000A  
                     utoa@d 0031                       utoa@i 0036                       utoa@p 0035  
                     utoa@w 0033                       status 0003                       wtemp0 007E  
           __end_of_sprintf 031F             __initialization 07EC                __end_of_main 07EC  
              __end_of_utoa 0564                      ??_main 0059                      ??_utoa 007E  
__end_of_read_prec_or_width 04A8                      _ADCON0 001F                      _ADCON1 009F  
                    ?_fputc 0070                      ?_fputs 0020                      _ADRESH 001E  
                    _ADRESL 009E                      ?_putch 0070            __end_of_adc_init 0287  
              vfprintf@cfmt 0047            __end_of_lcd_init 036A                      ___lmul 040F  
                 ??___aldiv 007D                      ___wmul 031F                   ??___lwdiv 0074  
                 ??___lwmod 0074        read_prec_or_width@ap 0077                      pad@buf 002A  
                    main@mV 00D4                      fputc@c 0070                      fputs@c 0025  
                    fputs@i 0026                      fputs@s 0020                      ltemp0a 0080  
                    putch@c 0070                      ttemp0a 007F            __end_of_vfprintf 02FC  
                    utoa@fp 002F                   ??_sprintf 004C                      wtemp0a 007F  
   __end_of__initialization 07FC              __pcstackCOMMON 0070               __end_of_fputc 072C  
             __end_of_fputs 0395               __end_of_putch 026F              _lcSendDataByte 0287  
                   ??_fputc 0074                     ??_fputs 0023                     ??_putch 0070  
                __pbssBANK0 005B                  __pbssBANK1 00A0       __end_of_lcdSendString 02C0  
                __pmaintext 072C                     ?___lmul 0070                  _lcdCommand 02C0  
                   ?___wmul 0070              ___lmul@product 0079      __end_of_lcSendDataByte 0299  
                 ?_adc_init 0070                   ?_lcd_init 0070                  __stringtab 0003  
                   ___aldiv 05F9                     ___lwdiv 03CD                     ___lwmod 0395  
                 ?_vfprintf 0043             ?_lcSendDataByte 0070                  ??_adc_init 0070  
                   __ptext1 02FC                     __ptext2 02D9                     __ptext3 0564  
                   __ptext4 04FB                     __ptext5 04A8                     __ptext6 036A  
                   __ptext7 0692                     __ptext8 026E                     __ptext9 0395  
     read_prec_or_width@fmt 0076            ___aldiv@dividend 0024                     _sprintf 02FC  
                   main@raw 00D2                     clrloop0 0270                  ??_lcd_init 0072  
      end_of_initialization 07FC                     fputc@fp 0072                     fputs@fp 0021  
        _read_prec_or_width 0455           __end_of_vfpfcnvrt 05F9            ___aldiv@quotient 002A  
       ?_read_prec_or_width 0076                 ?_lcdCommand 0070            vfpfcnvrt@convarg 003E  
                ??_vfprintf 007E                   _PORTBbits 0006        ??_read_prec_or_width 0078  
                main@buffer 00C0              __end_of___lmul 0455                 vfpfcnvrt@ap 003B  
               vfpfcnvrt@cp 0042                 vfpfcnvrt@fp 0038              __end_of___wmul 0344  
       start_initialization 07EC                 __end_of_pad 04FB                 vfprintf@fmt 0045  
                  ??___lmul 0078                    ??___wmul 0074                   ___latbits 0002  
             ?_adc_read_an0 0070               __pcstackBANK0 0020               __pcstackBANK1 00C0  
          ___lwdiv@dividend 0072            ??_lcSendDataByte 0070                    ?___aldiv 0020  
                  ?___lwdiv 0070                    ?___lwmod 0070                   __pstrings 0003  
             lcdCommand@cmd 0071              ??_adc_read_an0 0072            ___lwdiv@quotient 0074  
                  ?_sprintf 0048             ___aldiv@divisor 0020             ___aldiv@counter 0028  
            ___wmul@product 0074                   clear_ram0 026F           lcdSendString@addr 0072  
                  _GO_nDONE 00FA                ??_lcdCommand 0070                   _vfpfcnvrt 0564  
               __stringbase 0008           ___wmul@multiplier 0070           ___lmul@multiplier 0070  
        __end_of_lcdCommand 02D9               _lcdSendString 02AC                  vfprintf@ap 0046  
                vfprintf@fp 0043                  ?_vfpfcnvrt 0038          __end_of__stringtab 0009  
                  _adc_init 0277                  sprintf@fmt 0049             ___lwdiv@divisor 0070  
           ___lwdiv@counter 0076                    __ptext10 03CD                    __ptext11 0455  
                  __ptext20 05F9                    __ptext12 031F                    __ptext13 0344  
                  __ptext14 02C0                    __ptext15 02AC                    __ptext16 0287  
                  __ptext17 0299                    __ptext18 0277                    __ptext19 040F  
                  _lcd_init 0344              ?_lcdSendString 0072        __end_of_adc_read_an0 02AC  
                  _vfprintf 02D9          lcSendDataByte@data 0071                   sprintf@ap 004D  
          ___lwmod@dividend 0072                   stringcode 0003                 ??_vfpfcnvrt 003C  
                  sprintf@f 004E                    sprintf@s 0048             ___lwmod@divisor 0070  
           ___lwmod@counter 0074                    stringdir 0003                    stringtab 0003  
              ___aldiv@sign 0029             ??_lcdSendString 0073  
