

Microchip MPLAB XC8 Assembler V3.10 build 20250813170317 
                                                                                               Sun Nov 23 11:04:48 2025

Microchip MPLAB XC8 C Compiler v3.10 (Free license) build 20250813170317 Og1 
     1                           	processor	16F877A
     2                           	pagewidth 120
     3                           	opt	flic
     4                           	psect	strings,global,class=STRING,space=0,delta=2,noexec
     5                           	psect	cinit,global,class=CODE,space=0,merge=1,delta=2
     6                           	psect	bssBANK1,global,class=BANK1,space=1,delta=1,noexec
     7                           	psect	clrtext,global,class=CODE,space=0,delta=2
     8                           	psect	cstackCOMMON,global,class=COMMON,space=1,delta=1,noexec
     9                           	psect	cstackBANK0,global,class=BANK0,space=1,delta=1,noexec
    10                           	psect	maintext,global,class=CODE,space=0,split=1,delta=2
    11                           	psect	text1,local,class=CODE,space=0,merge=1,delta=2,group=3
    12                           	psect	text2,local,class=CODE,space=0,merge=1,delta=2,group=1
    13                           	psect	text3,local,class=CODE,space=0,merge=1,delta=2,group=1
    14                           	psect	text4,local,class=CODE,space=0,merge=1,delta=2,group=1
    15                           	psect	text5,local,class=CODE,space=0,merge=1,delta=2,group=1
    16                           	psect	text6,local,class=CODE,space=0,merge=1,delta=2,group=3
    17                           	psect	text7,local,class=CODE,space=0,merge=1,delta=2,group=3
    18                           	psect	text8,local,class=CODE,space=0,merge=1,delta=2,group=3
    19                           	psect	text9,local,class=CODE,space=0,merge=1,delta=2,group=2
    20                           	psect	text10,local,class=CODE,space=0,merge=1,delta=2,group=2
    21                           	psect	text11,local,class=CODE,space=0,merge=1,delta=2,group=1
    22                           	psect	text12,local,class=CODE,space=0,merge=1,delta=2,group=2
    23                           	psect	text13,local,class=CODE,space=0,merge=1,delta=2,group=2
    24                           	psect	text14,local,class=CODE,space=0,merge=1,delta=2,group=2
    25                           	psect	text15,local,class=CODE,space=0,merge=1,delta=2
    26                           	psect	text16,local,class=CODE,space=0,merge=1,delta=2
    27                           	psect	text17,local,class=CODE,space=0,merge=1,delta=2
    28                           	psect	text18,local,class=CODE,space=0,merge=1,delta=2
    29                           	psect	text19,local,class=CODE,space=0,merge=1,delta=2
    30                           	psect	text20,local,class=CODE,space=0,merge=1,delta=2
    31                           	psect	text21,local,class=CODE,space=0,merge=1,delta=2
    32                           	psect	text22,local,class=CODE,space=0,merge=1,delta=2
    33                           	psect	config,global,abs,ovrld,class=CONFIG,space=4,delta=2,noexec
    34                           	dabs	1,0x7E,2
    35     0000                     
    36                           ; Generated 12/10/2023 GMT
    37                           ; 
    38                           ; Copyright © 2023, Microchip Technology Inc. and its subsidiaries ("Microchip")
    39                           ; All rights reserved.
    40                           ; 
    41                           ; This software is developed by Microchip Technology Inc. and its subsidiaries ("Microch
      +                          ip").
    42                           ; 
    43                           ; Redistribution and use in source and binary forms, with or without modification, are
    44                           ; permitted provided that the following conditions are met:
    45                           ; 
    46                           ;     1. Redistributions of source code must retain the above copyright notice, this lis
      +                          t of
    47                           ;        conditions and the following disclaimer.
    48                           ; 
    49                           ;     2. Redistributions in binary form must reproduce the above copyright notice, this 
      +                          list
    50                           ;        of conditions and the following disclaimer in the documentation and/or other
    51                           ;        materials provided with the distribution. Publication is not required when
    52                           ;        this file is used in an embedded application.
    53                           ; 
    54                           ;     3. Microchip's name may not be used to endorse or promote products derived from th
      +                          is
    55                           ;        software without specific prior written permission.
    56                           ; 
    57                           ; THIS SOFTWARE IS PROVIDED BY MICROCHIP "AS IS" AND ANY EXPRESS OR IMPLIED WARRANTIES,
    58                           ; INCLUDING, BUT NOT LIMITED TO, THE IMPLIED WARRANTIES OF MERCHANTABILITY AND FITNESS F
      +                          OR
    59                           ; PURPOSE ARE DISCLAIMED.  IN NO EVENT SHALL MICROCHIP BE LIABLE FOR ANY DIRECT, INDIREC
      +                          T,
    60                           ; INCIDENTAL, SPECIAL, EXEMPLARY, OR CONSEQUENTIAL DAMAGES (INCLUDING BUT NOT LIMITED TO
    61                           ; PROCUREMENT OF SUBSTITUTE GOODS OR SERVICES; LOSS OF USE, DATA OR PROFITS; OR BUSINESS
    62                           ; INTERRUPTION) HOWSOEVER CAUSED AND ON ANY THEORY OF LIABILITY, WHETHER IN CONTRACT, ST
      +                          RICT
    63                           ; LIABILITY, OR TORT (INCLUDING NEGLIGENCE OR OTHERWISE) ARISING IN ANY WAY OUT OF THE U
      +                          SE OF
    64                           ; THIS SOFTWARE, EVEN IF ADVISED OF THE POSSIBILITY OF SUCH DAMAGE.
    65                           ; 
    66                           ; 
    67                           ; Code-generator required, PIC16F877A Definitions
    68                           ; 
    69                           ; SFR Addresses
    70     0004                     fsr             equ	4
    71     0004                     fsr0            equ	4
    72     0000                     indf            equ	0
    73     0000                     indf0           equ	0
    74     0002                     pc              equ	2
    75     0002                     pcl             equ	2
    76     000A                     pclath          equ	10
    77     0003                     status          equ	3
    78     0000                     INDF            equ	0	;# 
    79     0001                     TMR0            equ	1	;# 
    80     0002                     PCL             equ	2	;# 
    81     0003                     STATUS          equ	3	;# 
    82     0004                     FSR             equ	4	;# 
    83     0005                     PORTA           equ	5	;# 
    84     0006                     PORTB           equ	6	;# 
    85     0007                     PORTC           equ	7	;# 
    86     0008                     PORTD           equ	8	;# 
    87     0009                     PORTE           equ	9	;# 
    88     000A                     PCLATH          equ	10	;# 
    89     000B                     INTCON          equ	11	;# 
    90     000C                     PIR1            equ	12	;# 
    91     000D                     PIR2            equ	13	;# 
    92     000E                     TMR1            equ	14	;# 
    93     000E                     TMR1L           equ	14	;# 
    94     000F                     TMR1H           equ	15	;# 
    95     0010                     T1CON           equ	16	;# 
    96     0011                     TMR2            equ	17	;# 
    97     0012                     T2CON           equ	18	;# 
    98     0013                     SSPBUF          equ	19	;# 
    99     0014                     SSPCON          equ	20	;# 
   100     0015                     CCPR1           equ	21	;# 
   101     0015                     CCPR1L          equ	21	;# 
   102     0016                     CCPR1H          equ	22	;# 
   103     0017                     CCP1CON         equ	23	;# 
   104     0018                     RCSTA           equ	24	;# 
   105     0019                     TXREG           equ	25	;# 
   106     001A                     RCREG           equ	26	;# 
   107     001B                     CCPR2           equ	27	;# 
   108     001B                     CCPR2L          equ	27	;# 
   109     001C                     CCPR2H          equ	28	;# 
   110     001D                     CCP2CON         equ	29	;# 
   111     001E                     ADRESH          equ	30	;# 
   112     001F                     ADCON0          equ	31	;# 
   113     0081                     OPTION_REG      equ	129	;# 
   114     0085                     TRISA           equ	133	;# 
   115     0086                     TRISB           equ	134	;# 
   116     0087                     TRISC           equ	135	;# 
   117     0088                     TRISD           equ	136	;# 
   118     0089                     TRISE           equ	137	;# 
   119     008C                     PIE1            equ	140	;# 
   120     008D                     PIE2            equ	141	;# 
   121     008E                     PCON            equ	142	;# 
   122     0091                     SSPCON2         equ	145	;# 
   123     0092                     PR2             equ	146	;# 
   124     0093                     SSPADD          equ	147	;# 
   125     0094                     SSPSTAT         equ	148	;# 
   126     0098                     TXSTA           equ	152	;# 
   127     0099                     SPBRG           equ	153	;# 
   128     009C                     CMCON           equ	156	;# 
   129     009D                     CVRCON          equ	157	;# 
   130     009E                     ADRESL          equ	158	;# 
   131     009F                     ADCON1          equ	159	;# 
   132     010C                     EEDATA          equ	268	;# 
   133     010D                     EEADR           equ	269	;# 
   134     010E                     EEDATH          equ	270	;# 
   135     010F                     EEADRH          equ	271	;# 
   136     018C                     EECON1          equ	396	;# 
   137     018D                     EECON2          equ	397	;# 
   138     0000                     INDF            equ	0	;# 
   139     0001                     TMR0            equ	1	;# 
   140     0002                     PCL             equ	2	;# 
   141     0003                     STATUS          equ	3	;# 
   142     0004                     FSR             equ	4	;# 
   143     0005                     PORTA           equ	5	;# 
   144     0006                     PORTB           equ	6	;# 
   145     0007                     PORTC           equ	7	;# 
   146     0008                     PORTD           equ	8	;# 
   147     0009                     PORTE           equ	9	;# 
   148     000A                     PCLATH          equ	10	;# 
   149     000B                     INTCON          equ	11	;# 
   150     000C                     PIR1            equ	12	;# 
   151     000D                     PIR2            equ	13	;# 
   152     000E                     TMR1            equ	14	;# 
   153     000E                     TMR1L           equ	14	;# 
   154     000F                     TMR1H           equ	15	;# 
   155     0010                     T1CON           equ	16	;# 
   156     0011                     TMR2            equ	17	;# 
   157     0012                     T2CON           equ	18	;# 
   158     0013                     SSPBUF          equ	19	;# 
   159     0014                     SSPCON          equ	20	;# 
   160     0015                     CCPR1           equ	21	;# 
   161     0015                     CCPR1L          equ	21	;# 
   162     0016                     CCPR1H          equ	22	;# 
   163     0017                     CCP1CON         equ	23	;# 
   164     0018                     RCSTA           equ	24	;# 
   165     0019                     TXREG           equ	25	;# 
   166     001A                     RCREG           equ	26	;# 
   167     001B                     CCPR2           equ	27	;# 
   168     001B                     CCPR2L          equ	27	;# 
   169     001C                     CCPR2H          equ	28	;# 
   170     001D                     CCP2CON         equ	29	;# 
   171     001E                     ADRESH          equ	30	;# 
   172     001F                     ADCON0          equ	31	;# 
   173     0081                     OPTION_REG      equ	129	;# 
   174     0085                     TRISA           equ	133	;# 
   175     0086                     TRISB           equ	134	;# 
   176     0087                     TRISC           equ	135	;# 
   177     0088                     TRISD           equ	136	;# 
   178     0089                     TRISE           equ	137	;# 
   179     008C                     PIE1            equ	140	;# 
   180     008D                     PIE2            equ	141	;# 
   181     008E                     PCON            equ	142	;# 
   182     0091                     SSPCON2         equ	145	;# 
   183     0092                     PR2             equ	146	;# 
   184     0093                     SSPADD          equ	147	;# 
   185     0094                     SSPSTAT         equ	148	;# 
   186     0098                     TXSTA           equ	152	;# 
   187     0099                     SPBRG           equ	153	;# 
   188     009C                     CMCON           equ	156	;# 
   189     009D                     CVRCON          equ	157	;# 
   190     009E                     ADRESL          equ	158	;# 
   191     009F                     ADCON1          equ	159	;# 
   192     010C                     EEDATA          equ	268	;# 
   193     010D                     EEADR           equ	269	;# 
   194     010E                     EEDATH          equ	270	;# 
   195     010F                     EEADRH          equ	271	;# 
   196     018C                     EECON1          equ	396	;# 
   197     018D                     EECON2          equ	397	;# 
   198     0006                     _PORTB          set	6
   199     0005                     _PORTAbits      set	5
   200     001E                     _ADRESH         set	30
   201     001F                     _ADCON0         set	31
   202     00FA                     _GO_nDONE       set	250
   203     009E                     _ADRESL         set	158
   204     009F                     _ADCON1         set	159
   205     0087                     _TRISC          set	135
   206     0085                     _TRISA          set	133
   207     0086                     _TRISB          set	134
   208                           
   209                           	psect	strings
   210     0003                     __pstrings:
   211     0003                     stringtab:
   212     0003                     __stringtab:
   213                           
   214                           ;	String table - string pointers are 1 byte each
   215     0003  1BFF               	btfsc	btemp+1,7
   216     0004  280D               	ljmp	stringcode
   217     0005  1383               	bcf	3,7
   218     0006  187F               	btfsc	btemp+1,0
   219     0007  1783               	bsf	3,7
   220     0008  0800               	movf	0,w
   221     0009  0A84               	incf	4,f
   222     000A  1903               	skipnz
   223     000B  0AFF               	incf	btemp+1,f
   224     000C  0008               	return
   225     000D                     stringcode:
   226     000D                     stringdir:
   227     000D  3000               	movlw	high stringdir
   228     000E  008A               	movwf	10
   229     000F  0804               	movf	4,w
   230     0010  0A84               	incf	4,f
   231     0011  0782               	addwf	2,f
   232     0012                     __stringbase:
   233     0012  3400               	retlw	0
   234     0013                     __end_of__stringtab:
   235     0013                     STR_2:
   236     0013  3449               	retlw	73	;'I'
   237     0014  346E               	retlw	110	;'n'
   238     0015  3469               	retlw	105	;'i'
   239     0016  3463               	retlw	99	;'c'
   240     0017  3469               	retlw	105	;'i'
   241     0018  3461               	retlw	97	;'a'
   242     0019  346C               	retlw	108	;'l'
   243     001A  3469               	retlw	105	;'i'
   244     001B  347A               	retlw	122	;'z'
   245     001C  3461               	retlw	97	;'a'
   246     001D  346E               	retlw	110	;'n'
   247     001E  3464               	retlw	100	;'d'
   248     001F  346F               	retlw	111	;'o'
   249     0020  342E               	retlw	46	;'.'
   250     0021  342E               	retlw	46	;'.'
   251     0022  342E               	retlw	46	;'.'
   252     0023  3400               	retlw	0
   253     0024                     STR_1:
   254     0024  3420               	retlw	32	;' '
   255     0025  3420               	retlw	32	;' '
   256     0026  3441               	retlw	65	;'A'
   257     0027  3444               	retlw	68	;'D'
   258     0028  3443               	retlw	67	;'C'
   259     0029  3420               	retlw	32	;' '
   260     002A  3450               	retlw	80	;'P'
   261     002B  3449               	retlw	73	;'I'
   262     002C  3443               	retlw	67	;'C'
   263     002D  3431               	retlw	49	;'1'
   264     002E  3436               	retlw	54	;'6'
   265     002F  3446               	retlw	70	;'F'
   266     0030  3438               	retlw	56	;'8'
   267     0031  3437               	retlw	55	;'7'
   268     0032  3437               	retlw	55	;'7'
   269     0033  3441               	retlw	65	;'A'
   270     0034  3400               	retlw	0
   271     0035                     STR_6:
   272     0035  3425               	retlw	37	;'%'
   273     0036  3434               	retlw	52	;'4'
   274     0037  3475               	retlw	117	;'u'
   275     0038  3420               	retlw	32	;' '
   276     0039  346D               	retlw	109	;'m'
   277     003A  3456               	retlw	86	;'V'
   278     003B  3420               	retlw	32	;' '
   279     003C  3400               	retlw	0
   280     003D                     STR_5:
   281     003D  3425               	retlw	37	;'%'
   282     003E  3434               	retlw	52	;'4'
   283     003F  3475               	retlw	117	;'u'
   284     0040  3420               	retlw	32	;' '
   285     0041  3420               	retlw	32	;' '
   286     0042  3420               	retlw	32	;' '
   287     0043  3400               	retlw	0
   288     0044                     STR_3:
   289     0044  3452               	retlw	82	;'R'
   290     0045  3441               	retlw	65	;'A'
   291     0046  3457               	retlw	87	;'W'
   292     0047  343A               	retlw	58	;':'
   293     0048  3400               	retlw	0
   294     0049                     STR_4:
   295     0049  346D               	retlw	109	;'m'
   296     004A  3456               	retlw	86	;'V'
   297     004B  343A               	retlw	58	;':'
   298     004C  3400               	retlw	0
   299                           
   300                           	psect	cinit
   301     07F3                     start_initialization:	
   302                           ; #config settings
   303                           
   304     07F3                     __initialization:
   305                           
   306                           ; Clear objects allocated to BANK1
   307     07F3  1383               	bcf	3,7	;select IRP bank0
   308     07F4  30A0               	movlw	low __pbssBANK1
   309     07F5  0084               	movwf	4
   310     07F6  30C5               	movlw	low (__pbssBANK1+37)
   311     07F7  120A  118A  2220  120A  118A  	fcall	clear_ram0
   312     07FC                     end_of_initialization:	
   313                           ;End of C runtime variable initialization code
   314                           
   315     07FC                     __end_of__initialization:
   316     07FC  0183               	clrf	3
   317     07FD  120A  118A  2F0C   	ljmp	_main	;jump to C main() function
   318                           
   319                           	psect	bssBANK1
   320     00A0                     __pbssBANK1:
   321     00A0                     _width:
   322     00A0                     	ds	2
   323     00A2                     _prec:
   324     00A2                     	ds	2
   325     00A4                     _flags:
   326     00A4                     	ds	1
   327     00A5                     _dbuf:
   328     00A5                     	ds	32
   329                           
   330                           	psect	clrtext
   331     0220                     clear_ram0:	
   332                           ;	Called with FSR containing the base address, and
   333                           ;	W with the last address+1
   334                           
   335     0220  0064               	clrwdt	;clear the watchdog before getting into this loop
   336     0221                     clrloop0:
   337     0221  0180               	clrf	0	;clear RAM location pointed to by FSR
   338     0222  0A84               	incf	4,f	;increment pointer
   339     0223  0604               	xorwf	4,w	;XOR with final address
   340     0224  1903               	btfsc	3,2	;have we reached the end yet?
   341     0225  3400               	retlw	0	;all done for this memory range, return
   342     0226  0604               	xorwf	4,w	;XOR again to restore value
   343     0227  2A21               	goto	clrloop0	;do the next byte
   344                           
   345                           	psect	cstackCOMMON
   346     0070                     __pcstackCOMMON:
   347     0070                     ?_LCD_Init:
   348     0070                     ?_ADC_Init:	
   349                           ; 1 bytes @ 0x0
   350                           
   351     0070                     ?_LCD_Clear:	
   352                           ; 1 bytes @ 0x0
   353                           
   354     0070                     ?_LCD_Cmd:	
   355                           ; 1 bytes @ 0x0
   356                           
   357     0070                     ?_putch:	
   358                           ; 1 bytes @ 0x0
   359                           
   360     0070                     ?_main:	
   361                           ; 1 bytes @ 0x0
   362                           
   363     0070                     ?_LCD_Data:	
   364                           ; 1 bytes @ 0x0
   365                           
   366     0070                     ?_ADC_Read:	
   367                           ; 1 bytes @ 0x0
   368                           
   369     0070                     ?_fputc:	
   370                           ; 2 bytes @ 0x0
   371                           
   372     0070                     ?___wmul:	
   373                           ; 2 bytes @ 0x0
   374                           
   375     0070                     ?___lwdiv:	
   376                           ; 2 bytes @ 0x0
   377                           
   378     0070                     ?___lwmod:	
   379                           ; 2 bytes @ 0x0
   380                           
   381     0070                     ?___lmul:	
   382                           ; 2 bytes @ 0x0
   383                           
   384     0070                     putch@c:	
   385                           ; 4 bytes @ 0x0
   386                           
   387     0070                     ___wmul@multiplier:	
   388                           ; 1 bytes @ 0x0
   389                           
   390     0070                     ___lwdiv@divisor:	
   391                           ; 2 bytes @ 0x0
   392                           
   393     0070                     ___lwmod@divisor:	
   394                           ; 2 bytes @ 0x0
   395                           
   396     0070                     fputc@c:	
   397                           ; 2 bytes @ 0x0
   398                           
   399     0070                     ___lmul@multiplier:	
   400                           ; 2 bytes @ 0x0
   401                           
   402     0070                     ??_ADC_Init:	
   403                           ; 4 bytes @ 0x0
   404                           
   405     0070                     ??_LCD_Cmd:	
   406                           ; 1 bytes @ 0x0
   407                           
   408     0070                     ??_putch:	
   409                           ; 1 bytes @ 0x0
   410                           
   411     0070                     ??_LCD_Data:	
   412                           ; 1 bytes @ 0x0
   413                           
   414                           
   415                           ; 1 bytes @ 0x0
   416     0070                     	ds	2
   417     0072                     LCD_Cmd@cmd:
   418     0072                     LCD_Data@data:	
   419                           ; 1 bytes @ 0x2
   420                           
   421     0072                     ___wmul@multiplicand:	
   422                           ; 1 bytes @ 0x2
   423                           
   424     0072                     ___lwdiv@dividend:	
   425                           ; 2 bytes @ 0x2
   426                           
   427     0072                     ___lwmod@dividend:	
   428                           ; 2 bytes @ 0x2
   429                           
   430     0072                     fputc@fp:	
   431                           ; 2 bytes @ 0x2
   432                           
   433     0072                     ??_ADC_Read:	
   434                           ; 2 bytes @ 0x2
   435                           
   436                           
   437                           ; 1 bytes @ 0x2
   438     0072                     	ds	1
   439     0073                     ?_LCD_String:
   440     0073                     ?_LCD_Goto:	
   441                           ; 1 bytes @ 0x3
   442                           
   443     0073                     LCD_Goto@col:	
   444                           ; 1 bytes @ 0x3
   445                           
   446     0073                     ADC_Read@result:	
   447                           ; 1 bytes @ 0x3
   448                           
   449     0073                     LCD_String@str:	
   450                           ; 2 bytes @ 0x3
   451                           
   452     0073                     ??_LCD_Init:	
   453                           ; 2 bytes @ 0x3
   454                           
   455     0073                     ??_LCD_Clear:	
   456                           ; 1 bytes @ 0x3
   457                           
   458                           
   459                           ; 1 bytes @ 0x3
   460     0073                     	ds	1
   461     0074                     LCD_Goto@row:
   462     0074                     ___lwmod@counter:	
   463                           ; 1 bytes @ 0x4
   464                           
   465     0074                     ___wmul@product:	
   466                           ; 1 bytes @ 0x4
   467                           
   468     0074                     ___lwdiv@quotient:	
   469                           ; 2 bytes @ 0x4
   470                           
   471     0074                     ___lmul@multiplicand:	
   472                           ; 2 bytes @ 0x4
   473                           
   474     0074                     ??_LCD_Goto:	
   475                           ; 4 bytes @ 0x4
   476                           
   477     0074                     ??_fputc:	
   478                           ; 1 bytes @ 0x4
   479                           
   480     0074                     ??___wmul:	
   481                           ; 1 bytes @ 0x4
   482                           
   483     0074                     ??___lwdiv:	
   484                           ; 1 bytes @ 0x4
   485                           
   486     0074                     ??___lwmod:	
   487                           ; 1 bytes @ 0x4
   488                           
   489                           
   490                           ; 1 bytes @ 0x4
   491     0074                     	ds	1
   492     0075                     ADC_Read@channel:
   493     0075                     LCD_Goto@address:	
   494                           ; 1 bytes @ 0x5
   495                           
   496     0075                     ??_LCD_String:	
   497                           ; 1 bytes @ 0x5
   498                           
   499                           
   500                           ; 1 bytes @ 0x5
   501     0075                     	ds	1
   502     0076                     ?_read_prec_or_width:
   503     0076                     ___lwdiv@counter:	
   504                           ; 2 bytes @ 0x6
   505                           
   506     0076                     read_prec_or_width@fmt:	
   507                           ; 1 bytes @ 0x6
   508                           
   509                           
   510                           ; 1 bytes @ 0x6
   511     0076                     	ds	1
   512     0077                     read_prec_or_width@ap:
   513                           
   514                           ; 1 bytes @ 0x7
   515     0077                     	ds	1
   516     0078                     read_prec_or_width@c:
   517     0078                     ??___lmul:	
   518                           ; 1 bytes @ 0x8
   519                           
   520     0078                     ??_read_prec_or_width:	
   521                           ; 1 bytes @ 0x8
   522                           
   523                           
   524                           ; 1 bytes @ 0x8
   525     0078                     	ds	1
   526     0079                     read_prec_or_width@n:
   527     0079                     ___lmul@product:	
   528                           ; 2 bytes @ 0x9
   529                           
   530                           
   531                           ; 4 bytes @ 0x9
   532     0079                     	ds	4
   533     007D                     ??___lldiv:
   534     007D                     ??_pad:	
   535                           ; 1 bytes @ 0xD
   536                           
   537                           
   538                           ; 1 bytes @ 0xD
   539     007D                     	ds	1
   540     007E                     ??_vfprintf:
   541     007E                     ??_utoa:	
   542                           ; 1 bytes @ 0xE
   543                           
   544                           
   545                           	psect	cstackBANK0
   546     0020                     __pcstackBANK0:	
   547                           ; 1 bytes @ 0xE
   548                           
   549     0020                     ?_fputs:
   550     0020                     ?___lldiv:	
   551                           ; 2 bytes @ 0x0
   552                           
   553     0020                     fputs@s:	
   554                           ; 4 bytes @ 0x0
   555                           
   556     0020                     ___lldiv@divisor:	
   557                           ; 1 bytes @ 0x0
   558                           
   559                           
   560                           ; 4 bytes @ 0x0
   561     0020                     	ds	1
   562     0021                     fputs@fp:
   563                           
   564                           ; 2 bytes @ 0x1
   565     0021                     	ds	2
   566     0023                     ??_fputs:
   567                           
   568                           ; 1 bytes @ 0x3
   569     0023                     	ds	1
   570     0024                     ___lldiv@dividend:
   571                           
   572                           ; 4 bytes @ 0x4
   573     0024                     	ds	1
   574     0025                     fputs@c:
   575                           
   576                           ; 1 bytes @ 0x5
   577     0025                     	ds	1
   578     0026                     fputs@i:
   579                           
   580                           ; 2 bytes @ 0x6
   581     0026                     	ds	2
   582     0028                     ?_pad:
   583     0028                     pad@fp:	
   584                           ; 1 bytes @ 0x8
   585                           
   586     0028                     ___lldiv@quotient:	
   587                           ; 2 bytes @ 0x8
   588                           
   589                           
   590                           ; 4 bytes @ 0x8
   591     0028                     	ds	2
   592     002A                     pad@buf:
   593                           
   594                           ; 1 bytes @ 0xA
   595     002A                     	ds	1
   596     002B                     pad@p:
   597                           
   598                           ; 2 bytes @ 0xB
   599     002B                     	ds	1
   600     002C                     ___lldiv@counter:
   601                           
   602                           ; 1 bytes @ 0xC
   603     002C                     	ds	1
   604     002D                     pad@i:
   605                           
   606                           ; 2 bytes @ 0xD
   607     002D                     	ds	2
   608     002F                     ?_utoa:
   609     002F                     utoa@fp:	
   610                           ; 1 bytes @ 0xF
   611                           
   612                           
   613                           ; 2 bytes @ 0xF
   614     002F                     	ds	2
   615     0031                     utoa@d:
   616                           
   617                           ; 2 bytes @ 0x11
   618     0031                     	ds	2
   619     0033                     utoa@w:
   620                           
   621                           ; 2 bytes @ 0x13
   622     0033                     	ds	2
   623     0035                     utoa@p:
   624                           
   625                           ; 1 bytes @ 0x15
   626     0035                     	ds	1
   627     0036                     utoa@i:
   628                           
   629                           ; 2 bytes @ 0x16
   630     0036                     	ds	2
   631     0038                     ?_vfpfcnvrt:
   632     0038                     vfpfcnvrt@fp:	
   633                           ; 1 bytes @ 0x18
   634                           
   635                           
   636                           ; 2 bytes @ 0x18
   637     0038                     	ds	2
   638     003A                     vfpfcnvrt@fmt:
   639                           
   640                           ; 1 bytes @ 0x1A
   641     003A                     	ds	1
   642     003B                     vfpfcnvrt@ap:
   643                           
   644                           ; 1 bytes @ 0x1B
   645     003B                     	ds	1
   646     003C                     ??_vfpfcnvrt:
   647                           
   648                           ; 1 bytes @ 0x1C
   649     003C                     	ds	2
   650     003E                     vfpfcnvrt@convarg:
   651                           
   652                           ; 4 bytes @ 0x1E
   653     003E                     	ds	4
   654     0042                     vfpfcnvrt@cp:
   655                           
   656                           ; 1 bytes @ 0x22
   657     0042                     	ds	1
   658     0043                     ?_vfprintf:
   659     0043                     vfprintf@fp:	
   660                           ; 2 bytes @ 0x23
   661                           
   662                           
   663                           ; 2 bytes @ 0x23
   664     0043                     	ds	2
   665     0045                     vfprintf@fmt:
   666                           
   667                           ; 1 bytes @ 0x25
   668     0045                     	ds	1
   669     0046                     vfprintf@ap:
   670                           
   671                           ; 1 bytes @ 0x26
   672     0046                     	ds	1
   673     0047                     vfprintf@cfmt:
   674                           
   675                           ; 1 bytes @ 0x27
   676     0047                     	ds	1
   677     0048                     ?_sprintf:
   678     0048                     sprintf@s:	
   679                           ; 2 bytes @ 0x28
   680                           
   681                           
   682                           ; 1 bytes @ 0x28
   683     0048                     	ds	1
   684     0049                     sprintf@fmt:
   685                           
   686                           ; 1 bytes @ 0x29
   687     0049                     	ds	3
   688     004C                     ??_sprintf:
   689                           
   690                           ; 1 bytes @ 0x2C
   691     004C                     	ds	1
   692     004D                     sprintf@ap:
   693                           
   694                           ; 1 bytes @ 0x2D
   695     004D                     	ds	1
   696     004E                     sprintf@f:
   697                           
   698                           ; 11 bytes @ 0x2E
   699     004E                     	ds	11
   700     0059                     ??_main:
   701                           
   702                           ; 1 bytes @ 0x39
   703     0059                     	ds	3
   704     005C                     main@buffer:
   705                           
   706                           ; 16 bytes @ 0x3C
   707     005C                     	ds	16
   708     006C                     main@millivolts:
   709                           
   710                           ; 2 bytes @ 0x4C
   711     006C                     	ds	2
   712     006E                     main@adc_value:
   713                           
   714                           ; 2 bytes @ 0x4E
   715     006E                     	ds	2
   716                           
   717                           	psect	maintext
   718     070C                     __pmaintext:	
   719 ;;
   720 ;;Main: autosize = 0, tempsize = 3, incstack = 0, save=0
   721 ;;
   722 ;; *************** function _main *****************
   723 ;; Defined at:
   724 ;;		line 30 in file "Nadc.c"
   725 ;; Parameters:    Size  Location     Type
   726 ;;		None
   727 ;; Auto vars:     Size  Location     Type
   728 ;;  buffer         16   60[BANK0 ] unsigned char [16]
   729 ;;  adc_value       2   78[BANK0 ] unsigned int 
   730 ;;  millivolts      2   76[BANK0 ] unsigned int 
   731 ;; Return value:  Size  Location     Type
   732 ;;                  1    wreg      void 
   733 ;; Registers used:
   734 ;;		wreg, fsr0l, fsr0h, status,2, status,0, pclath, btemp1, cstack
   735 ;; Tracked objects:
   736 ;;		On entry : B00/0
   737 ;;		On exit  : 0/0
   738 ;;		Unchanged: 0/0
   739 ;; Data sizes:     COMMON   BANK0   BANK1   BANK3   BANK2
   740 ;;      Params:         0       0       0       0       0
   741 ;;      Locals:         0      20       0       0       0
   742 ;;      Temps:          0       3       0       0       0
   743 ;;      Totals:         0      23       0       0       0
   744 ;;Total ram usage:       23 bytes
   745 ;; Hardware stack levels required when called: 7
   746 ;; This function calls:
   747 ;;		_ADC_Init
   748 ;;		_ADC_Read
   749 ;;		_LCD_Clear
   750 ;;		_LCD_Goto
   751 ;;		_LCD_Init
   752 ;;		_LCD_String
   753 ;;		___lldiv
   754 ;;		___lmul
   755 ;;		_sprintf
   756 ;; This function is called by:
   757 ;;		Startup code after reset
   758 ;; This function uses a non-reentrant model
   759 ;;
   760                           
   761     070C                     _main:	
   762                           ;psect for function _main
   763                           
   764     070C                     l1376:	
   765                           ;incstack = 0
   766                           ; Regs used in _main: [wreg-fsr0h+status,2+status,0+pclath+btemp1+cstack]
   767                           
   768                           
   769                           ;Nadc.c: 31:     unsigned int adc_value;;Nadc.c: 32:     unsigned int millivolts;;Nadc.c
      +                          : 33:     char buffer[16];;Nadc.c: 36:     TRISB = 0x00;
   770     070C  1683               	bsf	3,5	;RP0=1, select bank1
   771     070D  1303               	bcf	3,6	;RP1=0, select bank1
   772     070E  0186               	clrf	6	;volatile
   773                           
   774                           ;Nadc.c: 37:     TRISA = 0x00;
   775     070F  0185               	clrf	5	;volatile
   776     0710                     l1378:
   777                           
   778                           ;Nadc.c: 38:     TRISA = 0b00000100;
   779     0710  3004               	movlw	4
   780     0711  0085               	movwf	5	;volatile
   781                           
   782                           ;Nadc.c: 39:     TRISC = 0x00;
   783     0712  0187               	clrf	7	;volatile
   784     0713                     l1380:
   785                           
   786                           ;Nadc.c: 42:     LCD_Init();
   787     0713  120A  118A  2340  120A  118A  	fcall	_LCD_Init
   788     0718                     l1382:
   789                           
   790                           ;Nadc.c: 43:     ADC_Init();
   791     0718  120A  118A  2238  120A  118A  	fcall	_ADC_Init
   792     071D                     l1384:
   793                           
   794                           ;Nadc.c: 46:     LCD_Clear();
   795     071D  120A  118A  2228  120A  118A  	fcall	_LCD_Clear
   796     0722                     l1386:
   797                           
   798                           ;Nadc.c: 47:     LCD_String("  ADC PIC16F877A");
   799     0722  3012               	movlw	(low ((STR_1-__stringbase)| (0+32768)))& (0+255)
   800     0723  00F3               	movwf	LCD_String@str
   801     0724  3080               	movlw	128
   802     0725  00F4               	movwf	LCD_String@str+1
   803     0726  120A  118A  22F3  120A  118A  	fcall	_LCD_String
   804     072B                     l1388:
   805                           
   806                           ;Nadc.c: 48:     LCD_Goto(2, 1);
   807     072B  01F3               	clrf	LCD_Goto@col
   808     072C  0AF3               	incf	LCD_Goto@col,f
   809     072D  3002               	movlw	2
   810     072E  120A  118A  224A  120A  118A  	fcall	_LCD_Goto
   811     0733                     l1390:
   812                           
   813                           ;Nadc.c: 49:     LCD_String("Inicializando...");
   814     0733  3001               	movlw	(low ((STR_2-__stringbase)| (0+32768)))& (0+255)
   815     0734  00F3               	movwf	LCD_String@str
   816     0735  3080               	movlw	128
   817     0736  00F4               	movwf	LCD_String@str+1
   818     0737  120A  118A  22F3  120A  118A  	fcall	_LCD_String
   819     073C                     l1392:
   820                           
   821                           ;Nadc.c: 50:     _delay((unsigned long)((2000)*(4000000/4000.0)));
   822     073C  300B               	movlw	11
   823     073D  1283               	bcf	3,5	;RP0=0, select bank0
   824     073E  1303               	bcf	3,6	;RP1=0, select bank0
   825     073F  00DB               	movwf	??_main+2
   826     0740  3026               	movlw	38
   827     0741  00DA               	movwf	??_main+1
   828     0742  305D               	movlw	93
   829     0743  00D9               	movwf	??_main
   830     0744                     u1057:
   831     0744  0BD9               	decfsz	??_main,f
   832     0745  2F44               	goto	u1057
   833     0746  0BDA               	decfsz	??_main+1,f
   834     0747  2F44               	goto	u1057
   835     0748  0BDB               	decfsz	??_main+2,f
   836     0749  2F44               	goto	u1057
   837     074A                     l1394:
   838                           
   839                           ;Nadc.c: 52:     LCD_Clear();
   840     074A  120A  118A  2228  120A  118A  	fcall	_LCD_Clear
   841     074F                     l1396:
   842                           
   843                           ;Nadc.c: 53:     LCD_String("RAW:");
   844     074F  3032               	movlw	(low ((STR_3-__stringbase)| (0+32768)))& (0+255)
   845     0750  00F3               	movwf	LCD_String@str
   846     0751  3080               	movlw	128
   847     0752  00F4               	movwf	LCD_String@str+1
   848     0753  120A  118A  22F3  120A  118A  	fcall	_LCD_String
   849     0758                     l1398:
   850                           
   851                           ;Nadc.c: 54:     LCD_Goto(2, 1);
   852     0758  01F3               	clrf	LCD_Goto@col
   853     0759  0AF3               	incf	LCD_Goto@col,f
   854     075A  3002               	movlw	2
   855     075B  120A  118A  224A  120A  118A  	fcall	_LCD_Goto
   856     0760                     l1400:
   857                           
   858                           ;Nadc.c: 55:     LCD_String("mV:");
   859     0760  3037               	movlw	(low ((STR_4-__stringbase)| (0+32768)))& (0+255)
   860     0761  00F3               	movwf	LCD_String@str
   861     0762  3080               	movlw	128
   862     0763  00F4               	movwf	LCD_String@str+1
   863     0764  120A  118A  22F3  120A  118A  	fcall	_LCD_String
   864     0769                     l1402:
   865                           
   866                           ;Nadc.c: 60:         adc_value = ADC_Read(0);
   867     0769  3000               	movlw	0
   868     076A  120A  118A  2319  120A  118A  	fcall	_ADC_Read
   869     076F  0871               	movf	?_ADC_Read+1,w
   870     0770  1283               	bcf	3,5	;RP0=0, select bank0
   871     0771  1303               	bcf	3,6	;RP1=0, select bank0
   872     0772  00EF               	movwf	main@adc_value+1
   873     0773  0870               	movf	?_ADC_Read,w
   874     0774  00EE               	movwf	main@adc_value
   875     0775                     l1404:
   876                           
   877                           ;Nadc.c: 64:         millivolts = (unsigned int)((unsigned long)adc_value * 5000 / 1023)
      +                          ;
   878     0775  3000               	movlw	0
   879     0776  00A3               	movwf	___lldiv@divisor+3
   880     0777  3000               	movlw	0
   881     0778  00A2               	movwf	___lldiv@divisor+2
   882     0779  3003               	movlw	3
   883     077A  00A1               	movwf	___lldiv@divisor+1
   884     077B  30FF               	movlw	255
   885     077C  00A0               	movwf	___lldiv@divisor
   886     077D  086E               	movf	main@adc_value,w
   887     077E  00F0               	movwf	___lmul@multiplier
   888     077F  086F               	movf	main@adc_value+1,w
   889     0780  00F1               	movwf	___lmul@multiplier+1
   890     0781  01F2               	clrf	___lmul@multiplier+2
   891     0782  01F3               	clrf	___lmul@multiplier+3
   892     0783  3000               	movlw	0
   893     0784  00F7               	movwf	___lmul@multiplicand+3
   894     0785  3000               	movlw	0
   895     0786  00F6               	movwf	___lmul@multiplicand+2
   896     0787  3013               	movlw	19
   897     0788  00F5               	movwf	___lmul@multiplicand+1
   898     0789  3088               	movlw	136
   899     078A  00F4               	movwf	___lmul@multiplicand
   900     078B  120A  118A  2410  120A  118A  	fcall	___lmul
   901     0790  0873               	movf	?___lmul+3,w
   902     0791  1283               	bcf	3,5	;RP0=0, select bank0
   903     0792  1303               	bcf	3,6	;RP1=0, select bank0
   904     0793  00A7               	movwf	___lldiv@dividend+3
   905     0794  0872               	movf	?___lmul+2,w
   906     0795  00A6               	movwf	___lldiv@dividend+2
   907     0796  0871               	movf	?___lmul+1,w
   908     0797  00A5               	movwf	___lldiv@dividend+1
   909     0798  0870               	movf	?___lmul,w
   910     0799  00A4               	movwf	___lldiv@dividend
   911     079A  120A  118A  2500  120A  118A  	fcall	___lldiv
   912     079F  1283               	bcf	3,5	;RP0=0, select bank0
   913     07A0  1303               	bcf	3,6	;RP1=0, select bank0
   914     07A1  0821               	movf	?___lldiv+1,w
   915     07A2  00ED               	movwf	main@millivolts+1
   916     07A3  0820               	movf	?___lldiv,w
   917     07A4  00EC               	movwf	main@millivolts
   918     07A5                     l1406:
   919                           
   920                           ;Nadc.c: 67:         LCD_Goto(1, 6);
   921     07A5  3006               	movlw	6
   922     07A6  00F3               	movwf	LCD_Goto@col
   923     07A7  3001               	movlw	1
   924     07A8  120A  118A  224A  120A  118A  	fcall	_LCD_Goto
   925     07AD                     l1408:
   926                           
   927                           ;Nadc.c: 68:         sprintf(buffer, "%4u   ", adc_value);
   928     07AD  305C               	movlw	(low (main@buffer| 0))& (0+255)
   929     07AE  1283               	bcf	3,5	;RP0=0, select bank0
   930     07AF  1303               	bcf	3,6	;RP1=0, select bank0
   931     07B0  00C8               	movwf	sprintf@s
   932     07B1  302B               	movlw	(low ((STR_5-__stringbase)| (0+32768)))& (0+255)
   933     07B2  00C9               	movwf	sprintf@fmt
   934     07B3  086F               	movf	main@adc_value+1,w
   935     07B4  00CB               	movwf	?_sprintf+3
   936     07B5  086E               	movf	main@adc_value,w
   937     07B6  00CA               	movwf	?_sprintf+2
   938     07B7  120A  118A  22AB  120A  118A  	fcall	_sprintf
   939     07BC                     l1410:
   940                           
   941                           ;Nadc.c: 69:         LCD_String(buffer);
   942     07BC  305C               	movlw	(low (main@buffer| 0))& (0+255)
   943     07BD  00F3               	movwf	LCD_String@str
   944     07BE  3000               	movlw	0
   945     07BF  00F4               	movwf	LCD_String@str+1
   946     07C0  120A  118A  22F3  120A  118A  	fcall	_LCD_String
   947     07C5                     l1412:
   948                           
   949                           ;Nadc.c: 72:         LCD_Goto(2, 5);
   950     07C5  3005               	movlw	5
   951     07C6  00F3               	movwf	LCD_Goto@col
   952     07C7  3002               	movlw	2
   953     07C8  120A  118A  224A  120A  118A  	fcall	_LCD_Goto
   954     07CD                     l1414:
   955                           
   956                           ;Nadc.c: 73:         sprintf(buffer, "%4u mV ", millivolts);
   957     07CD  305C               	movlw	(low (main@buffer| 0))& (0+255)
   958     07CE  1283               	bcf	3,5	;RP0=0, select bank0
   959     07CF  1303               	bcf	3,6	;RP1=0, select bank0
   960     07D0  00C8               	movwf	sprintf@s
   961     07D1  3023               	movlw	(low ((STR_6-__stringbase)| (0+32768)))& (0+255)
   962     07D2  00C9               	movwf	sprintf@fmt
   963     07D3  086D               	movf	main@millivolts+1,w
   964     07D4  00CB               	movwf	?_sprintf+3
   965     07D5  086C               	movf	main@millivolts,w
   966     07D6  00CA               	movwf	?_sprintf+2
   967     07D7  120A  118A  22AB  120A  118A  	fcall	_sprintf
   968     07DC                     l1416:
   969                           
   970                           ;Nadc.c: 74:         LCD_String(buffer);
   971     07DC  305C               	movlw	(low (main@buffer| 0))& (0+255)
   972     07DD  00F3               	movwf	LCD_String@str
   973     07DE  3000               	movlw	0
   974     07DF  00F4               	movwf	LCD_String@str+1
   975     07E0  120A  118A  22F3  120A  118A  	fcall	_LCD_String
   976     07E5                     l1418:
   977                           
   978                           ;Nadc.c: 76:         _delay((unsigned long)((100)*(4000000/4000.0)));
   979     07E5  3082               	movlw	130
   980     07E6  1283               	bcf	3,5	;RP0=0, select bank0
   981     07E7  1303               	bcf	3,6	;RP1=0, select bank0
   982     07E8  00DA               	movwf	??_main+1
   983     07E9  30DD               	movlw	221
   984     07EA  00D9               	movwf	??_main
   985     07EB                     u1067:
   986     07EB  0BD9               	decfsz	??_main,f
   987     07EC  2FEB               	goto	u1067
   988     07ED  0BDA               	decfsz	??_main+1,f
   989     07EE  2FEB               	goto	u1067
   990     07EF  2F69               	goto	l1402
   991     07F0  120A  118A  2800   	ljmp	start
   992     07F3                     __end_of_main:
   993                           
   994                           	psect	text1
   995     02AB                     __ptext1:	
   996 ;; *************** function _sprintf *****************
   997 ;; Defined at:
   998 ;;		line 9 in file "C:\Program Files\Microchip\xc8\v3.10\pic\sources\c99\common\nf_sprintf.c"
   999 ;; Parameters:    Size  Location     Type
  1000 ;;  s               1   40[BANK0 ] PTR unsigned char 
  1001 ;;		 -> main@buffer(16), 
  1002 ;;  fmt             1   41[BANK0 ] PTR const unsigned char 
  1003 ;;		 -> STR_6(8), STR_5(7), 
  1004 ;; Auto vars:     Size  Location     Type
  1005 ;;  f              11   46[BANK0 ] struct _IO_FILE
  1006 ;;  ret             2    0        int 
  1007 ;;  ap              1   45[BANK0 ] PTR void [1]
  1008 ;;		 -> ?_sprintf(2), 
  1009 ;; Return value:  Size  Location     Type
  1010 ;;                  2   40[BANK0 ] int 
  1011 ;; Registers used:
  1012 ;;		wreg, fsr0l, fsr0h, status,2, status,0, pclath, btemp1, cstack
  1013 ;; Tracked objects:
  1014 ;;		On entry : 0/0
  1015 ;;		On exit  : 0/0
  1016 ;;		Unchanged: 0/0
  1017 ;; Data sizes:     COMMON   BANK0   BANK1   BANK3   BANK2
  1018 ;;      Params:         0       4       0       0       0
  1019 ;;      Locals:         0      12       0       0       0
  1020 ;;      Temps:          0       1       0       0       0
  1021 ;;      Totals:         0      17       0       0       0
  1022 ;;Total ram usage:       17 bytes
  1023 ;; Hardware stack levels used: 1
  1024 ;; Hardware stack levels required when called: 6
  1025 ;; This function calls:
  1026 ;;		_vfprintf
  1027 ;; This function is called by:
  1028 ;;		_main
  1029 ;; This function uses a non-reentrant model
  1030 ;;
  1031                           
  1032     02AB                     _sprintf:	
  1033                           ;psect for function _sprintf
  1034                           
  1035     02AB                     l1324:	
  1036                           ;incstack = 0
  1037                           ; Regs used in _sprintf: [wreg-fsr0h+status,2+status,0+pclath+btemp1+cstack]
  1038                           
  1039     02AB  304A               	movlw	(low ((?_sprintf| 0+2)))& (0+255)
  1040     02AC  1283               	bcf	3,5	;RP0=0, select bank0
  1041     02AD  1303               	bcf	3,6	;RP1=0, select bank0
  1042     02AE  00CD               	movwf	sprintf@ap
  1043     02AF                     l1326:
  1044     02AF  0848               	movf	sprintf@s,w
  1045     02B0  00CE               	movwf	sprintf@f
  1046     02B1  3000               	movlw	0
  1047     02B2  00CF               	movwf	sprintf@f+1
  1048     02B3                     l1328:
  1049     02B3  01D0               	clrf	sprintf@f+2
  1050     02B4  01D1               	clrf	sprintf@f+3
  1051     02B5                     l1330:
  1052     02B5  01D7               	clrf	sprintf@f+9
  1053     02B6  01D8               	clrf	sprintf@f+10
  1054     02B7                     l1332:
  1055     02B7  304E               	movlw	low sprintf@f
  1056     02B8  00C3               	movwf	vfprintf@fp
  1057     02B9  3000               	movlw	high sprintf@f
  1058     02BA  00C4               	movwf	vfprintf@fp+1
  1059     02BB  0849               	movf	sprintf@fmt,w
  1060     02BC  00C5               	movwf	vfprintf@fmt
  1061     02BD  304D               	movlw	(low (sprintf@ap| 0))& (0+255)
  1062     02BE  00C6               	movwf	vfprintf@ap
  1063     02BF  120A  118A  2288  120A  118A  	fcall	_vfprintf
  1064     02C4                     l1334:
  1065     02C4  1283               	bcf	3,5	;RP0=0, select bank0
  1066     02C5  1303               	bcf	3,6	;RP1=0, select bank0
  1067     02C6  0850               	movf	sprintf@f+2,w
  1068     02C7  0748               	addwf	sprintf@s,w
  1069     02C8  00CC               	movwf	??_sprintf
  1070     02C9  084C               	movf	??_sprintf,w
  1071     02CA  0084               	movwf	4
  1072     02CB  1383               	bcf	3,7	;select IRP bank0
  1073     02CC  0180               	clrf	0
  1074     02CD                     l627:
  1075     02CD  0008               	return
  1076     02CE                     __end_of_sprintf:
  1077                           
  1078                           	psect	text2
  1079     0288                     __ptext2:	
  1080 ;; *************** function _vfprintf *****************
  1081 ;; Defined at:
  1082 ;;		line 1817 in file "C:\Program Files\Microchip\xc8\v3.10\pic\sources\c99\common\doprnt.c"
  1083 ;; Parameters:    Size  Location     Type
  1084 ;;  fp              2   35[BANK0 ] PTR struct _IO_FILE
  1085 ;;		 -> sprintf@f(11), 
  1086 ;;  fmt             1   37[BANK0 ] PTR const unsigned char 
  1087 ;;		 -> STR_6(8), STR_5(7), 
  1088 ;;  ap              1   38[BANK0 ] PTR PTR void 
  1089 ;;		 -> sprintf@ap(1), 
  1090 ;; Auto vars:     Size  Location     Type
  1091 ;;  cfmt            1   39[BANK0 ] PTR unsigned char 
  1092 ;;		 -> STR_6(8), STR_5(7), 
  1093 ;; Return value:  Size  Location     Type
  1094 ;;                  2   35[BANK0 ] int 
  1095 ;; Registers used:
  1096 ;;		wreg, fsr0l, fsr0h, status,2, status,0, pclath, btemp1, cstack
  1097 ;; Tracked objects:
  1098 ;;		On entry : 0/0
  1099 ;;		On exit  : 0/0
  1100 ;;		Unchanged: 0/0
  1101 ;; Data sizes:     COMMON   BANK0   BANK1   BANK3   BANK2
  1102 ;;      Params:         0       4       0       0       0
  1103 ;;      Locals:         0       1       0       0       0
  1104 ;;      Temps:          0       0       0       0       0
  1105 ;;      Totals:         0       5       0       0       0
  1106 ;;Total ram usage:        5 bytes
  1107 ;; Hardware stack levels used: 1
  1108 ;; Hardware stack levels required when called: 5
  1109 ;; This function calls:
  1110 ;;		_vfpfcnvrt
  1111 ;; This function is called by:
  1112 ;;		_sprintf
  1113 ;; This function uses a non-reentrant model
  1114 ;;
  1115                           
  1116     0288                     _vfprintf:	
  1117                           ;psect for function _vfprintf
  1118                           
  1119     0288                     l1270:	
  1120                           ;incstack = 0
  1121                           ; Regs used in _vfprintf: [wreg-fsr0h+status,2+status,0+pclath+btemp1+cstack]
  1122                           
  1123                           
  1124                           ;C:\Program Files\Microchip\xc8\v3.10\pic\sources\c99\common\doprnt.c: 1817: int vfprint
      +                          f(FILE *fp, const char *fmt, va_list ap);C:\Program Files\Microchip\xc8\v3.10\pic\source
      +                          s\c99\common\doprnt.c: 1818: {;C:\Program Files\Microchip\xc8\v3.10\pic\sources\c99\comm
      +                          on\doprnt.c: 1820:     char *cfmt;;C:\Program Files\Microchip\xc8\v3.10\pic\sources\c99\
      +                          common\doprnt.c: 1822:     cfmt = (char *)fmt;
  1125     0288  1283               	bcf	3,5	;RP0=0, select bank0
  1126     0289  1303               	bcf	3,6	;RP1=0, select bank0
  1127     028A  0845               	movf	vfprintf@fmt,w
  1128     028B  00C7               	movwf	vfprintf@cfmt
  1129                           
  1130                           ;C:\Program Files\Microchip\xc8\v3.10\pic\sources\c99\common\doprnt.c: 1826:     while (
      +                          *cfmt) {
  1131     028C  2A9A               	goto	l1274
  1132     028D                     l1272:
  1133                           
  1134                           ;C:\Program Files\Microchip\xc8\v3.10\pic\sources\c99\common\doprnt.c: 1830:    vfpfcnvr
      +                          t(fp, &cfmt, ap);
  1135     028D  0843               	movf	vfprintf@fp,w
  1136     028E  00B8               	movwf	vfpfcnvrt@fp
  1137     028F  0844               	movf	vfprintf@fp+1,w
  1138     0290  00B9               	movwf	vfpfcnvrt@fp+1
  1139     0291  3047               	movlw	(low (vfprintf@cfmt| 0))& (0+255)
  1140     0292  00BA               	movwf	vfpfcnvrt@fmt
  1141     0293  0846               	movf	vfprintf@ap,w
  1142     0294  00BB               	movwf	vfpfcnvrt@ap
  1143     0295  120A  118A  2671  120A  118A  	fcall	_vfpfcnvrt
  1144     029A                     l1274:
  1145                           
  1146                           ;C:\Program Files\Microchip\xc8\v3.10\pic\sources\c99\common\doprnt.c: 1826:     while (
      +                          *cfmt) {
  1147     029A  1283               	bcf	3,5	;RP0=0, select bank0
  1148     029B  1303               	bcf	3,6	;RP1=0, select bank0
  1149     029C  0847               	movf	vfprintf@cfmt,w
  1150     029D  0084               	movwf	4
  1151     029E  120A  118A  200D  120A  118A  	fcall	stringdir
  1152     02A3  3A00               	xorlw	0
  1153     02A4  1D03               	skipz
  1154     02A5  2AA7               	goto	u881
  1155     02A6  2AA8               	goto	u880
  1156     02A7                     u881:
  1157     02A7  2A8D               	goto	l1272
  1158     02A8                     u880:
  1159     02A8                     l1276:
  1160                           
  1161                           ;C:\Program Files\Microchip\xc8\v3.10\pic\sources\c99\common\doprnt.c: 1835:  return 0;
  1162     02A8  01C3               	clrf	?_vfprintf
  1163     02A9  01C4               	clrf	?_vfprintf+1
  1164     02AA                     l683:
  1165     02AA  0008               	return
  1166     02AB                     __end_of_vfprintf:
  1167                           
  1168                           	psect	text3
  1169     0671                     __ptext3:	
  1170 ;; *************** function _vfpfcnvrt *****************
  1171 ;; Defined at:
  1172 ;;		line 1177 in file "C:\Program Files\Microchip\xc8\v3.10\pic\sources\c99\common\doprnt.c"
  1173 ;; Parameters:    Size  Location     Type
  1174 ;;  fp              2   24[BANK0 ] PTR struct _IO_FILE
  1175 ;;		 -> sprintf@f(11), 
  1176 ;;  fmt             1   26[BANK0 ] PTR PTR unsigned char 
  1177 ;;		 -> vfprintf@cfmt(1), 
  1178 ;;  ap              1   27[BANK0 ] PTR PTR void 
  1179 ;;		 -> sprintf@ap(1), 
  1180 ;; Auto vars:     Size  Location     Type
  1181 ;;  convarg         4   30[BANK0 ] struct .
  1182 ;;  cp              1   34[BANK0 ] PTR unsigned char 
  1183 ;;		 -> STR_6(8), STR_5(7), 
  1184 ;;  done            1    0        _Bool 
  1185 ;;  c               1    0        unsigned char 
  1186 ;; Return value:  Size  Location     Type
  1187 ;;                  1    wreg      void 
  1188 ;; Registers used:
  1189 ;;		wreg, fsr0l, fsr0h, status,2, status,0, pclath, btemp1, cstack
  1190 ;; Tracked objects:
  1191 ;;		On entry : 0/0
  1192 ;;		On exit  : 0/0
  1193 ;;		Unchanged: 0/0
  1194 ;; Data sizes:     COMMON   BANK0   BANK1   BANK3   BANK2
  1195 ;;      Params:         0       4       0       0       0
  1196 ;;      Locals:         0       5       0       0       0
  1197 ;;      Temps:          0       2       0       0       0
  1198 ;;      Totals:         0      11       0       0       0
  1199 ;;Total ram usage:       11 bytes
  1200 ;; Hardware stack levels used: 1
  1201 ;; Hardware stack levels required when called: 4
  1202 ;; This function calls:
  1203 ;;		_fputc
  1204 ;;		_read_prec_or_width
  1205 ;;		_utoa
  1206 ;; This function is called by:
  1207 ;;		_vfprintf
  1208 ;; This function uses a non-reentrant model
  1209 ;;
  1210                           
  1211     0671                     _vfpfcnvrt:	
  1212                           ;psect for function _vfpfcnvrt
  1213                           
  1214     0671                     l1208:	
  1215                           ;incstack = 0
  1216                           ; Regs used in _vfpfcnvrt: [wreg-fsr0h+status,2+status,0+pclath+btemp1+cstack]
  1217                           
  1218                           
  1219                           ;C:\Program Files\Microchip\xc8\v3.10\pic\sources\c99\common\doprnt.c: 1177: vfpfcnvrt(F
      +                          ILE *fp, char *fmt[], va_list ap);C:\Program Files\Microchip\xc8\v3.10\pic\sources\c99\c
      +                          ommon\doprnt.c: 1178: {;C:\Program Files\Microchip\xc8\v3.10\pic\sources\c99\common\dopr
      +                          nt.c: 1179:     char c, *cp;;C:\Program Files\Microchip\xc8\v3.10\pic\sources\c99\common
      +                          \doprnt.c: 1180:     _Bool done;;C:\Program Files\Microchip\xc8\v3.10\pic\sources\c99\co
      +                          mmon\doprnt.c: 1188:  } convarg;;C:\Program Files\Microchip\xc8\v3.10\pic\sources\c99\co
      +                          mmon\doprnt.c: 1201:     if ((*fmt)[0] == '%') {
  1220     0671  1283               	bcf	3,5	;RP0=0, select bank0
  1221     0672  1303               	bcf	3,6	;RP1=0, select bank0
  1222     0673  083A               	movf	vfpfcnvrt@fmt,w
  1223     0674  0084               	movwf	4
  1224     0675  1383               	bcf	3,7	;select IRP bank0
  1225     0676  0800               	movf	0,w
  1226     0677  0084               	movwf	4
  1227     0678  120A  118A  200D  120A  118A  	fcall	stringdir
  1228     067D  3A25               	xorlw	37
  1229     067E  1D03               	skipz
  1230     067F  2E81               	goto	u851
  1231     0680  2E82               	goto	u850
  1232     0681                     u851:
  1233     0681  2EF2               	goto	l1244
  1234     0682                     u850:
  1235     0682                     l1210:
  1236                           
  1237                           ;C:\Program Files\Microchip\xc8\v3.10\pic\sources\c99\common\doprnt.c: 1202:         ++*
      +                          fmt;
  1238     0682  083A               	movf	vfpfcnvrt@fmt,w
  1239     0683  0084               	movwf	4
  1240     0684  3001               	movlw	1
  1241     0685  0780               	addwf	0,f
  1242     0686                     l1212:
  1243                           
  1244                           ;C:\Program Files\Microchip\xc8\v3.10\pic\sources\c99\common\doprnt.c: 1204:         fla
      +                          gs = width = 0;
  1245     0686  1683               	bsf	3,5	;RP0=1, select bank1
  1246     0687  1303               	bcf	3,6	;RP1=0, select bank1
  1247     0688  01A0               	clrf	_width^(0+128)
  1248     0689  01A1               	clrf	(_width+1)^(0+128)
  1249     068A  3000               	movlw	0
  1250     068B  00A4               	movwf	_flags^(0+128)
  1251     068C                     l1214:
  1252                           
  1253                           ;C:\Program Files\Microchip\xc8\v3.10\pic\sources\c99\common\doprnt.c: 1205:         pre
      +                          c = -1;
  1254     068C  30FF               	movlw	255
  1255     068D  00A2               	movwf	_prec^(0+128)
  1256     068E  30FF               	movlw	255
  1257     068F  00A3               	movwf	(_prec^(0+128)+1)
  1258     0690                     l1216:
  1259                           
  1260                           ;C:\Program Files\Microchip\xc8\v3.10\pic\sources\c99\common\doprnt.c: 1256:   width = r
      +                          ead_prec_or_width(fmt, ap);
  1261     0690  1283               	bcf	3,5	;RP0=0, select bank0
  1262     0691  1303               	bcf	3,6	;RP1=0, select bank0
  1263     0692  083A               	movf	vfpfcnvrt@fmt,w
  1264     0693  00F6               	movwf	read_prec_or_width@fmt
  1265     0694  083B               	movf	vfpfcnvrt@ap,w
  1266     0695  00F7               	movwf	read_prec_or_width@ap
  1267     0696  120A  118A  2456  120A  118A  	fcall	_read_prec_or_width
  1268     069B  0877               	movf	?_read_prec_or_width+1,w
  1269     069C  1683               	bsf	3,5	;RP0=1, select bank1
  1270     069D  1303               	bcf	3,6	;RP1=0, select bank1
  1271     069E  00A1               	movwf	(_width+1)^(0+128)
  1272     069F  0876               	movf	?_read_prec_or_width,w
  1273     06A0  00A0               	movwf	_width^(0+128)
  1274     06A1                     l1218:
  1275                           
  1276                           ;C:\Program Files\Microchip\xc8\v3.10\pic\sources\c99\common\doprnt.c: 1257:   if (width
      +                           < 0) {
  1277     06A1  1FA1               	btfss	(_width+1)^(0+128),7
  1278     06A2  2EA4               	goto	u861
  1279     06A3  2EA5               	goto	u860
  1280     06A4                     u861:
  1281     06A4  2EAB               	goto	l1224
  1282     06A5                     u860:
  1283     06A5                     l1220:
  1284                           
  1285                           ;C:\Program Files\Microchip\xc8\v3.10\pic\sources\c99\common\doprnt.c: 1258:    flags |=
      +                           (1 << 0);
  1286     06A5  1424               	bsf	_flags^(0+128),0
  1287     06A6                     l1222:
  1288                           
  1289                           ;C:\Program Files\Microchip\xc8\v3.10\pic\sources\c99\common\doprnt.c: 1259:    width = 
      +                          -width;
  1290     06A6  09A0               	comf	_width^(0+128),f
  1291     06A7  09A1               	comf	(_width+1)^(0+128),f
  1292     06A8  0AA0               	incf	_width^(0+128),f
  1293     06A9  1903               	skipnz
  1294     06AA  0AA1               	incf	(_width+1)^(0+128),f
  1295     06AB                     l1224:
  1296                           
  1297                           ;C:\Program Files\Microchip\xc8\v3.10\pic\sources\c99\common\doprnt.c: 1439:   if (0
  1298     06AB  1283               	bcf	3,5	;RP0=0, select bank0
  1299     06AC  1303               	bcf	3,6	;RP1=0, select bank0
  1300     06AD  083A               	movf	vfpfcnvrt@fmt,w
  1301     06AE  0084               	movwf	4
  1302     06AF  1383               	bcf	3,7	;select IRP bank0
  1303     06B0  0800               	movf	0,w
  1304     06B1  00C2               	movwf	vfpfcnvrt@cp
  1305     06B2                     l1226:
  1306     06B2  0842               	movf	vfpfcnvrt@cp,w
  1307     06B3  0084               	movwf	4
  1308     06B4  120A  118A  200D  120A  118A  	fcall	stringdir
  1309     06B9  3A75               	xorlw	117
  1310     06BA  1D03               	skipz
  1311     06BB  2EBD               	goto	u871
  1312     06BC  2EBE               	goto	u870
  1313     06BD                     u871:
  1314     06BD  2EEA               	goto	l1240
  1315     06BE                     u870:
  1316     06BE                     l1228:
  1317                           
  1318                           ;C:\Program Files\Microchip\xc8\v3.10\pic\sources\c99\common\doprnt.c: 1452:     ) {;C:\
      +                          Program Files\Microchip\xc8\v3.10\pic\sources\c99\common\doprnt.c: 1495:    convarg.uint
      +                           = (vfpf_uint_t)(unsigned int)(*(unsigned int *)__va_arg(*(unsigned int **)ap, (unsigned
      +                           int)0));
  1319     06BE  083B               	movf	vfpfcnvrt@ap,w
  1320     06BF  0084               	movwf	4
  1321     06C0  0800               	movf	0,w
  1322     06C1  00FF               	movwf	btemp1
  1323     06C2  3002               	movlw	2
  1324     06C3  0780               	addwf	0,f
  1325     06C4  087F               	movf	btemp1,w
  1326     06C5  0084               	movwf	4
  1327     06C6  0800               	movf	0,w
  1328     06C7  00BE               	movwf	vfpfcnvrt@convarg
  1329     06C8  0A84               	incf	4,f
  1330     06C9  0800               	movf	0,w
  1331     06CA  00BF               	movwf	vfpfcnvrt@convarg+1
  1332     06CB                     l1230:
  1333                           
  1334                           ;C:\Program Files\Microchip\xc8\v3.10\pic\sources\c99\common\doprnt.c: 1497:    *fmt = c
      +                          p+1;
  1335     06CB  083A               	movf	vfpfcnvrt@fmt,w
  1336     06CC  0084               	movwf	4
  1337     06CD  0842               	movf	vfpfcnvrt@cp,w
  1338     06CE  3E01               	addlw	1
  1339     06CF  0080               	movwf	0
  1340                           
  1341                           ;C:\Program Files\Microchip\xc8\v3.10\pic\sources\c99\common\doprnt.c: 1498:    switch (
      +                          *cp) {
  1342     06D0  2EDF               	goto	l1238
  1343     06D1                     l1232:
  1344                           
  1345                           ;C:\Program Files\Microchip\xc8\v3.10\pic\sources\c99\common\doprnt.c: 1542:      return
      +                           (void) utoa(fp, convarg.uint);;	Return value of _vfpfcnvrt is never used
  1346     06D1  0838               	movf	vfpfcnvrt@fp,w
  1347     06D2  00AF               	movwf	utoa@fp
  1348     06D3  0839               	movf	vfpfcnvrt@fp+1,w
  1349     06D4  00B0               	movwf	utoa@fp+1
  1350     06D5  083F               	movf	vfpfcnvrt@convarg+1,w
  1351     06D6  00B2               	movwf	utoa@d+1
  1352     06D7  083E               	movf	vfpfcnvrt@convarg,w
  1353     06D8  00B1               	movwf	utoa@d
  1354     06D9  120A  118A  2566  120A  118A  	fcall	_utoa
  1355     06DE  2F0B               	goto	l676
  1356     06DF                     l1238:
  1357     06DF  0842               	movf	vfpfcnvrt@cp,w
  1358     06E0  0084               	movwf	4
  1359     06E1  120A  118A  200D  120A  118A  	fcall	stringdir
  1360                           
  1361                           ; Switch size 1, requested type "simple"
  1362                           ; Number of cases is 1, Range of values is 117 to 117
  1363                           ; switch strategies available:
  1364                           ; Name         Instructions Cycles
  1365                           ; simple_byte            4     3 (average)
  1366                           ; direct_byte           14    11 (fixed)
  1367                           ; jumptable            263     9 (fixed)
  1368                           ;	Chosen strategy is simple_byte
  1369     06E6  3A75               	xorlw	117	; case 117
  1370     06E7  1903               	skipnz
  1371     06E8  2ED1               	goto	l1232
  1372     06E9  2EEA               	goto	l1240
  1373     06EA                     l1240:
  1374                           
  1375                           ;C:\Program Files\Microchip\xc8\v3.10\pic\sources\c99\common\doprnt.c: 1806:         ++*
      +                          fmt;
  1376     06EA  1283               	bcf	3,5	;RP0=0, select bank0
  1377     06EB  1303               	bcf	3,6	;RP1=0, select bank0
  1378     06EC  083A               	movf	vfpfcnvrt@fmt,w
  1379     06ED  0084               	movwf	4
  1380     06EE  3001               	movlw	1
  1381     06EF  1383               	bcf	3,7	;select IRP bank0
  1382     06F0  0780               	addwf	0,f
  1383     06F1  2F0B               	goto	l676
  1384     06F2                     l1244:
  1385                           
  1386                           ;C:\Program Files\Microchip\xc8\v3.10\pic\sources\c99\common\doprnt.c: 1811:     fputc((
      +                          int)(*fmt)[0], fp);
  1387     06F2  083A               	movf	vfpfcnvrt@fmt,w
  1388     06F3  0084               	movwf	4
  1389     06F4  0800               	movf	0,w
  1390     06F5  0084               	movwf	4
  1391     06F6  120A  118A  200D  120A  118A  	fcall	stringdir
  1392     06FB  00BC               	movwf	??_vfpfcnvrt
  1393     06FC  01BD               	clrf	??_vfpfcnvrt+1
  1394     06FD  083C               	movf	??_vfpfcnvrt,w
  1395     06FE  00F0               	movwf	fputc@c
  1396     06FF  083D               	movf	??_vfpfcnvrt+1,w
  1397     0700  00F1               	movwf	fputc@c+1
  1398     0701  0838               	movf	vfpfcnvrt@fp,w
  1399     0702  00F2               	movwf	fputc@fp
  1400     0703  0839               	movf	vfpfcnvrt@fp+1,w
  1401     0704  00F3               	movwf	fputc@fp+1
  1402     0705  120A  118A  25D7  120A  118A  	fcall	_fputc
  1403     070A  2EEA               	goto	l1240
  1404     070B                     l676:
  1405     070B  0008               	return
  1406     070C                     __end_of_vfpfcnvrt:
  1407                           
  1408                           	psect	text4
  1409     0566                     __ptext4:	
  1410 ;; *************** function _utoa *****************
  1411 ;; Defined at:
  1412 ;;		line 1001 in file "C:\Program Files\Microchip\xc8\v3.10\pic\sources\c99\common\doprnt.c"
  1413 ;; Parameters:    Size  Location     Type
  1414 ;;  fp              2   15[BANK0 ] PTR struct _IO_FILE
  1415 ;;		 -> sprintf@f(11), 
  1416 ;;  d               2   17[BANK0 ] unsigned int 
  1417 ;; Auto vars:     Size  Location     Type
  1418 ;;  i               2   22[BANK0 ] int 
  1419 ;;  w               2   19[BANK0 ] int 
  1420 ;;  p               1   21[BANK0 ] _Bool 
  1421 ;; Return value:  Size  Location     Type
  1422 ;;                  1    wreg      void 
  1423 ;; Registers used:
  1424 ;;		wreg, fsr0l, fsr0h, status,2, status,0, pclath, cstack
  1425 ;; Tracked objects:
  1426 ;;		On entry : 0/0
  1427 ;;		On exit  : 0/0
  1428 ;;		Unchanged: 0/0
  1429 ;; Data sizes:     COMMON   BANK0   BANK1   BANK3   BANK2
  1430 ;;      Params:         0       4       0       0       0
  1431 ;;      Locals:         0       5       0       0       0
  1432 ;;      Temps:          0       0       0       0       0
  1433 ;;      Totals:         0       9       0       0       0
  1434 ;;Total ram usage:        9 bytes
  1435 ;; Hardware stack levels used: 1
  1436 ;; Hardware stack levels required when called: 3
  1437 ;; This function calls:
  1438 ;;		___lwdiv
  1439 ;;		___lwmod
  1440 ;;		_pad
  1441 ;; This function is called by:
  1442 ;;		_vfpfcnvrt
  1443 ;; This function uses a non-reentrant model
  1444 ;;
  1445                           
  1446     0566                     _utoa:	
  1447                           ;psect for function _utoa
  1448                           
  1449     0566                     l1164:	
  1450                           ;incstack = 0
  1451                           ; Regs used in _utoa: [wreg-fsr0h+status,2+status,0+pclath+cstack]
  1452                           
  1453                           
  1454                           ;C:\Program Files\Microchip\xc8\v3.10\pic\sources\c99\common\doprnt.c: 1001: static void
      +                           utoa(FILE *fp, vfpf_uint_t d);C:\Program Files\Microchip\xc8\v3.10\pic\sources\c99\comm
      +                          on\doprnt.c: 1002: {;C:\Program Files\Microchip\xc8\v3.10\pic\sources\c99\common\doprnt.
      +                          c: 1003:     int i, w;;C:\Program Files\Microchip\xc8\v3.10\pic\sources\c99\common\doprn
      +                          t.c: 1007:  _Bool p = 1;
  1455     0566  3001               	movlw	1
  1456     0567  1283               	bcf	3,5	;RP0=0, select bank0
  1457     0568  1303               	bcf	3,6	;RP1=0, select bank0
  1458     0569  00B5               	movwf	utoa@p
  1459     056A                     l1166:
  1460                           
  1461                           ;C:\Program Files\Microchip\xc8\v3.10\pic\sources\c99\common\doprnt.c: 1019:     w = wid
      +                          th;
  1462     056A  1683               	bsf	3,5	;RP0=1, select bank1
  1463     056B  1303               	bcf	3,6	;RP1=0, select bank1
  1464     056C  0821               	movf	(_width+1)^(0+128),w
  1465     056D  1283               	bcf	3,5	;RP0=0, select bank0
  1466     056E  1303               	bcf	3,6	;RP1=0, select bank0
  1467     056F  00B4               	movwf	utoa@w+1
  1468     0570  1683               	bsf	3,5	;RP0=1, select bank1
  1469     0571  1303               	bcf	3,6	;RP1=0, select bank1
  1470     0572  0820               	movf	_width^(0+128),w
  1471     0573  1283               	bcf	3,5	;RP0=0, select bank0
  1472     0574  1303               	bcf	3,6	;RP1=0, select bank0
  1473     0575  00B3               	movwf	utoa@w
  1474                           
  1475                           ;C:\Program Files\Microchip\xc8\v3.10\pic\sources\c99\common\doprnt.c: 1022:     i = siz
      +                          eof(dbuf) - 1;
  1476     0576  301F               	movlw	31
  1477     0577  00B6               	movwf	utoa@i
  1478     0578  3000               	movlw	0
  1479     0579  00B7               	movwf	utoa@i+1
  1480     057A                     l1168:
  1481                           
  1482                           ;C:\Program Files\Microchip\xc8\v3.10\pic\sources\c99\common\doprnt.c: 1023:     dbuf[i]
      +                           = '\0';
  1483     057A  1683               	bsf	3,5	;RP0=1, select bank1
  1484     057B  1303               	bcf	3,6	;RP1=0, select bank1
  1485     057C  01C4               	clrf	(_dbuf^(0+128)+31)
  1486                           
  1487                           ;C:\Program Files\Microchip\xc8\v3.10\pic\sources\c99\common\doprnt.c: 1024:     while (
      +                          i && (d != 0
  1488     057D  2DB4               	goto	l1180
  1489     057E                     l1170:
  1490                           
  1491                           ;C:\Program Files\Microchip\xc8\v3.10\pic\sources\c99\common\doprnt.c: 1033:     )) {;C:
      +                          \Program Files\Microchip\xc8\v3.10\pic\sources\c99\common\doprnt.c: 1034:         --i;
  1492     057E  30FF               	movlw	255
  1493     057F  07B6               	addwf	utoa@i,f
  1494     0580  1803               	skipnc
  1495     0581  0AB7               	incf	utoa@i+1,f
  1496     0582  30FF               	movlw	255
  1497     0583  07B7               	addwf	utoa@i+1,f
  1498     0584                     l1172:
  1499                           
  1500                           ;C:\Program Files\Microchip\xc8\v3.10\pic\sources\c99\common\doprnt.c: 1035:         dbu
      +                          f[i] = '0' + (d % 10);
  1501     0584  0836               	movf	utoa@i,w
  1502     0585  3EA5               	addlw	(low (_dbuf| 0))& (0+255)
  1503     0586  0084               	movwf	4
  1504     0587  300A               	movlw	10
  1505     0588  00F0               	movwf	___lwmod@divisor
  1506     0589  3000               	movlw	0
  1507     058A  00F1               	movwf	___lwmod@divisor+1
  1508     058B  0832               	movf	utoa@d+1,w
  1509     058C  00F3               	movwf	___lwmod@dividend+1
  1510     058D  0831               	movf	utoa@d,w
  1511     058E  00F2               	movwf	___lwmod@dividend
  1512     058F  120A  118A  2396  120A  118A  	fcall	___lwmod
  1513     0594  0870               	movf	?___lwmod,w
  1514     0595  3E30               	addlw	48
  1515     0596  1383               	bcf	3,7	;select IRP bank1
  1516     0597  0080               	movwf	0
  1517     0598                     l1174:
  1518                           
  1519                           ;C:\Program Files\Microchip\xc8\v3.10\pic\sources\c99\common\doprnt.c: 1039:   p = 0;
  1520     0598  1283               	bcf	3,5	;RP0=0, select bank0
  1521     0599  1303               	bcf	3,6	;RP1=0, select bank0
  1522     059A  01B5               	clrf	utoa@p
  1523     059B                     l1176:
  1524                           
  1525                           ;C:\Program Files\Microchip\xc8\v3.10\pic\sources\c99\common\doprnt.c: 1041:         --w
      +                          ;
  1526     059B  30FF               	movlw	255
  1527     059C  07B3               	addwf	utoa@w,f
  1528     059D  1803               	skipnc
  1529     059E  0AB4               	incf	utoa@w+1,f
  1530     059F  30FF               	movlw	255
  1531     05A0  07B4               	addwf	utoa@w+1,f
  1532     05A1                     l1178:
  1533                           
  1534                           ;C:\Program Files\Microchip\xc8\v3.10\pic\sources\c99\common\doprnt.c: 1042:         d =
      +                           d / 10;
  1535     05A1  300A               	movlw	10
  1536     05A2  00F0               	movwf	___lwdiv@divisor
  1537     05A3  3000               	movlw	0
  1538     05A4  00F1               	movwf	___lwdiv@divisor+1
  1539     05A5  0832               	movf	utoa@d+1,w
  1540     05A6  00F3               	movwf	___lwdiv@dividend+1
  1541     05A7  0831               	movf	utoa@d,w
  1542     05A8  00F2               	movwf	___lwdiv@dividend
  1543     05A9  120A  118A  23CE  120A  118A  	fcall	___lwdiv
  1544     05AE  0871               	movf	?___lwdiv+1,w
  1545     05AF  1283               	bcf	3,5	;RP0=0, select bank0
  1546     05B0  1303               	bcf	3,6	;RP1=0, select bank0
  1547     05B1  00B2               	movwf	utoa@d+1
  1548     05B2  0870               	movf	?___lwdiv,w
  1549     05B3  00B1               	movwf	utoa@d
  1550     05B4                     l1180:
  1551                           
  1552                           ;C:\Program Files\Microchip\xc8\v3.10\pic\sources\c99\common\doprnt.c: 1024:     while (
      +                          i && (d != 0
  1553     05B4  1283               	bcf	3,5	;RP0=0, select bank0
  1554     05B5  0836               	movf	utoa@i,w
  1555     05B6  0437               	iorwf	utoa@i+1,w
  1556     05B7  1903               	btfsc	3,2
  1557     05B8  2DBA               	goto	u801
  1558     05B9  2DBB               	goto	u800
  1559     05BA                     u801:
  1560     05BA  2DC6               	goto	l1186
  1561     05BB                     u800:
  1562     05BB                     l1182:
  1563     05BB  0831               	movf	utoa@d,w
  1564     05BC  0432               	iorwf	utoa@d+1,w
  1565     05BD  1D03               	btfss	3,2
  1566     05BE  2DC0               	goto	u811
  1567     05BF  2DC1               	goto	u810
  1568     05C0                     u811:
  1569     05C0  2D7E               	goto	l1170
  1570     05C1                     u810:
  1571     05C1                     l1184:
  1572     05C1  0835               	movf	utoa@p,w
  1573     05C2  1D03               	btfss	3,2
  1574     05C3  2DC5               	goto	u821
  1575     05C4  2DC6               	goto	u820
  1576     05C5                     u821:
  1577     05C5  2D7E               	goto	l1170
  1578     05C6                     u820:
  1579     05C6                     l1186:
  1580                           
  1581                           ;C:\Program Files\Microchip\xc8\v3.10\pic\sources\c99\common\doprnt.c: 1046:     return 
      +                          (void) pad(fp, &dbuf[i], w);
  1582     05C6  082F               	movf	utoa@fp,w
  1583     05C7  00A8               	movwf	pad@fp
  1584     05C8  0830               	movf	utoa@fp+1,w
  1585     05C9  00A9               	movwf	pad@fp+1
  1586     05CA  0836               	movf	utoa@i,w
  1587     05CB  3EA5               	addlw	(low (_dbuf| 0))& (0+255)
  1588     05CC  00AA               	movwf	pad@buf
  1589     05CD  0834               	movf	utoa@w+1,w
  1590     05CE  00AC               	movwf	pad@p+1
  1591     05CF  0833               	movf	utoa@w,w
  1592     05D0  00AB               	movwf	pad@p
  1593     05D1  120A  118A  24A9  120A  118A  	fcall	_pad
  1594     05D6                     l658:
  1595     05D6  0008               	return
  1596     05D7                     __end_of_utoa:
  1597                           
  1598                           	psect	text5
  1599     04A9                     __ptext5:	
  1600 ;; *************** function _pad *****************
  1601 ;; Defined at:
  1602 ;;		line 193 in file "C:\Program Files\Microchip\xc8\v3.10\pic\sources\c99\common\doprnt.c"
  1603 ;; Parameters:    Size  Location     Type
  1604 ;;  fp              2    8[BANK0 ] PTR struct _IO_FILE
  1605 ;;		 -> sprintf@f(11), 
  1606 ;;  buf             1   10[BANK0 ] PTR unsigned char 
  1607 ;;		 -> dbuf(32), 
  1608 ;;  p               2   11[BANK0 ] int 
  1609 ;; Auto vars:     Size  Location     Type
  1610 ;;  i               2   13[BANK0 ] int 
  1611 ;; Return value:  Size  Location     Type
  1612 ;;                  1    wreg      void 
  1613 ;; Registers used:
  1614 ;;		wreg, fsr0l, fsr0h, status,2, status,0, pclath, cstack
  1615 ;; Tracked objects:
  1616 ;;		On entry : 0/0
  1617 ;;		On exit  : 0/0
  1618 ;;		Unchanged: 0/0
  1619 ;; Data sizes:     COMMON   BANK0   BANK1   BANK3   BANK2
  1620 ;;      Params:         0       5       0       0       0
  1621 ;;      Locals:         0       2       0       0       0
  1622 ;;      Temps:          1       0       0       0       0
  1623 ;;      Totals:         1       7       0       0       0
  1624 ;;Total ram usage:        8 bytes
  1625 ;; Hardware stack levels used: 1
  1626 ;; Hardware stack levels required when called: 2
  1627 ;; This function calls:
  1628 ;;		_fputc
  1629 ;;		_fputs
  1630 ;; This function is called by:
  1631 ;;		_utoa
  1632 ;; This function uses a non-reentrant model
  1633 ;;
  1634                           
  1635     04A9                     _pad:	
  1636                           ;psect for function _pad
  1637                           
  1638     04A9                     l1148:	
  1639                           ;incstack = 0
  1640                           ; Regs used in _pad: [wreg-fsr0h+status,2+status,0+pclath+cstack]
  1641                           
  1642                           
  1643                           ;C:\Program Files\Microchip\xc8\v3.10\pic\sources\c99\common\doprnt.c: 193: static void 
      +                          pad(FILE *fp, char *buf, int p);C:\Program Files\Microchip\xc8\v3.10\pic\sources\c99\com
      +                          mon\doprnt.c: 194: {;C:\Program Files\Microchip\xc8\v3.10\pic\sources\c99\common\doprnt.
      +                          c: 195:     int i;;C:\Program Files\Microchip\xc8\v3.10\pic\sources\c99\common\doprnt.c:
      +                           199:     if (flags & (1 << 0)) {
  1644     04A9  1683               	bsf	3,5	;RP0=1, select bank1
  1645     04AA  1303               	bcf	3,6	;RP1=0, select bank1
  1646     04AB  1C24               	btfss	_flags^(0+128),0
  1647     04AC  2CAE               	goto	u761
  1648     04AD  2CAF               	goto	u760
  1649     04AE                     u761:
  1650     04AE  2CBC               	goto	l1152
  1651     04AF                     u760:
  1652     04AF                     l1150:
  1653                           
  1654                           ;C:\Program Files\Microchip\xc8\v3.10\pic\sources\c99\common\doprnt.c: 200:         fput
      +                          s((const char *)buf, fp);
  1655     04AF  1283               	bcf	3,5	;RP0=0, select bank0
  1656     04B0  1303               	bcf	3,6	;RP1=0, select bank0
  1657     04B1  082A               	movf	pad@buf,w
  1658     04B2  00A0               	movwf	fputs@s
  1659     04B3  0828               	movf	pad@fp,w
  1660     04B4  00A1               	movwf	fputs@fp
  1661     04B5  0829               	movf	pad@fp+1,w
  1662     04B6  00A2               	movwf	fputs@fp+1
  1663     04B7  120A  118A  236B  120A  118A  	fcall	_fputs
  1664     04BC                     l1152:
  1665                           
  1666                           ;C:\Program Files\Microchip\xc8\v3.10\pic\sources\c99\common\doprnt.c: 205:  if (p < 0) 
      +                          {
  1667     04BC  1283               	bcf	3,5	;RP0=0, select bank0
  1668     04BD  1303               	bcf	3,6	;RP1=0, select bank0
  1669     04BE  1FAC               	btfss	pad@p+1,7
  1670     04BF  2CC1               	goto	u771
  1671     04C0  2CC2               	goto	u770
  1672     04C1                     u771:
  1673     04C1  2CC4               	goto	l645
  1674     04C2                     u770:
  1675     04C2                     l1154:
  1676                           
  1677                           ;C:\Program Files\Microchip\xc8\v3.10\pic\sources\c99\common\doprnt.c: 206:   p = 0;
  1678     04C2  01AB               	clrf	pad@p
  1679     04C3  01AC               	clrf	pad@p+1
  1680     04C4                     l645:	
  1681                           ;C:\Program Files\Microchip\xc8\v3.10\pic\sources\c99\common\doprnt.c: 207:  }
  1682                           
  1683                           
  1684                           ;C:\Program Files\Microchip\xc8\v3.10\pic\sources\c99\common\doprnt.c: 208:     i = 0;
  1685     04C4  01AD               	clrf	pad@i
  1686     04C5  01AE               	clrf	pad@i+1
  1687                           
  1688                           ;C:\Program Files\Microchip\xc8\v3.10\pic\sources\c99\common\doprnt.c: 209:     while (i
      +                           < p) {
  1689     04C6  2CDE               	goto	l1160
  1690     04C7                     l1156:
  1691                           
  1692                           ;C:\Program Files\Microchip\xc8\v3.10\pic\sources\c99\common\doprnt.c: 210:         fput
      +                          c(' ', fp);
  1693     04C7  3020               	movlw	32
  1694     04C8  00F0               	movwf	fputc@c
  1695     04C9  3000               	movlw	0
  1696     04CA  00F1               	movwf	fputc@c+1
  1697     04CB  1283               	bcf	3,5	;RP0=0, select bank0
  1698     04CC  1303               	bcf	3,6	;RP1=0, select bank0
  1699     04CD  0828               	movf	pad@fp,w
  1700     04CE  00F2               	movwf	fputc@fp
  1701     04CF  0829               	movf	pad@fp+1,w
  1702     04D0  00F3               	movwf	fputc@fp+1
  1703     04D1  120A  118A  25D7  120A  118A  	fcall	_fputc
  1704     04D6                     l1158:
  1705                           
  1706                           ;C:\Program Files\Microchip\xc8\v3.10\pic\sources\c99\common\doprnt.c: 211:         ++i;
  1707     04D6  3001               	movlw	1
  1708     04D7  1283               	bcf	3,5	;RP0=0, select bank0
  1709     04D8  1303               	bcf	3,6	;RP1=0, select bank0
  1710     04D9  07AD               	addwf	pad@i,f
  1711     04DA  1803               	skipnc
  1712     04DB  0AAE               	incf	pad@i+1,f
  1713     04DC  3000               	movlw	0
  1714     04DD  07AE               	addwf	pad@i+1,f
  1715     04DE                     l1160:
  1716                           
  1717                           ;C:\Program Files\Microchip\xc8\v3.10\pic\sources\c99\common\doprnt.c: 209:     while (i
      +                           < p) {
  1718     04DE  082E               	movf	pad@i+1,w
  1719     04DF  3A80               	xorlw	128
  1720     04E0  00FD               	movwf	??_pad
  1721     04E1  082C               	movf	pad@p+1,w
  1722     04E2  3A80               	xorlw	128
  1723     04E3  027D               	subwf	??_pad,w
  1724     04E4  1D03               	skipz
  1725     04E5  2CE8               	goto	u785
  1726     04E6  082B               	movf	pad@p,w
  1727     04E7  022D               	subwf	pad@i,w
  1728     04E8                     u785:
  1729     04E8  1C03               	skipc
  1730     04E9  2CEB               	goto	u781
  1731     04EA  2CEC               	goto	u780
  1732     04EB                     u781:
  1733     04EB  2CC7               	goto	l1156
  1734     04EC                     u780:
  1735     04EC                     l648:
  1736                           
  1737                           ;C:\Program Files\Microchip\xc8\v3.10\pic\sources\c99\common\doprnt.c: 216:     if (!(fl
      +                          ags & (1 << 0))) {
  1738     04EC  1683               	bsf	3,5	;RP0=1, select bank1
  1739     04ED  1303               	bcf	3,6	;RP1=0, select bank1
  1740     04EE  1824               	btfsc	_flags^(0+128),0
  1741     04EF  2CF1               	goto	u791
  1742     04F0  2CF2               	goto	u790
  1743     04F1                     u791:
  1744     04F1  2CFF               	goto	l650
  1745     04F2                     u790:
  1746     04F2                     l1162:
  1747                           
  1748                           ;C:\Program Files\Microchip\xc8\v3.10\pic\sources\c99\common\doprnt.c: 218:         fput
      +                          s((const char *)buf, fp);
  1749     04F2  1283               	bcf	3,5	;RP0=0, select bank0
  1750     04F3  1303               	bcf	3,6	;RP1=0, select bank0
  1751     04F4  082A               	movf	pad@buf,w
  1752     04F5  00A0               	movwf	fputs@s
  1753     04F6  0828               	movf	pad@fp,w
  1754     04F7  00A1               	movwf	fputs@fp
  1755     04F8  0829               	movf	pad@fp+1,w
  1756     04F9  00A2               	movwf	fputs@fp+1
  1757     04FA  120A  118A  236B  120A  118A  	fcall	_fputs
  1758     04FF                     l650:
  1759     04FF  0008               	return
  1760     0500                     __end_of_pad:
  1761                           
  1762                           	psect	text6
  1763     036B                     __ptext6:	
  1764 ;; *************** function _fputs *****************
  1765 ;; Defined at:
  1766 ;;		line 8 in file "C:\Program Files\Microchip\xc8\v3.10\pic\sources\c99\common\nf_fputs.c"
  1767 ;; Parameters:    Size  Location     Type
  1768 ;;  s               1    0[BANK0 ] PTR const unsigned char 
  1769 ;;		 -> dbuf(32), 
  1770 ;;  fp              2    1[BANK0 ] PTR struct _IO_FILE
  1771 ;;		 -> sprintf@f(11), 
  1772 ;; Auto vars:     Size  Location     Type
  1773 ;;  i               2    6[BANK0 ] int 
  1774 ;;  c               1    5[BANK0 ] unsigned char 
  1775 ;; Return value:  Size  Location     Type
  1776 ;;                  2    0[BANK0 ] int 
  1777 ;; Registers used:
  1778 ;;		wreg, fsr0l, fsr0h, status,2, status,0, pclath, cstack
  1779 ;; Tracked objects:
  1780 ;;		On entry : 0/0
  1781 ;;		On exit  : 0/0
  1782 ;;		Unchanged: 0/0
  1783 ;; Data sizes:     COMMON   BANK0   BANK1   BANK3   BANK2
  1784 ;;      Params:         0       3       0       0       0
  1785 ;;      Locals:         0       3       0       0       0
  1786 ;;      Temps:          0       2       0       0       0
  1787 ;;      Totals:         0       8       0       0       0
  1788 ;;Total ram usage:        8 bytes
  1789 ;; Hardware stack levels used: 1
  1790 ;; Hardware stack levels required when called: 1
  1791 ;; This function calls:
  1792 ;;		_fputc
  1793 ;; This function is called by:
  1794 ;;		_pad
  1795 ;; This function uses a non-reentrant model
  1796 ;;
  1797                           
  1798     036B                     _fputs:	
  1799                           ;psect for function _fputs
  1800                           
  1801     036B                     l1078:	
  1802                           ;incstack = 0
  1803                           ; Regs used in _fputs: [wreg-fsr0h+status,2+status,0+pclath+cstack]
  1804                           
  1805     036B  1283               	bcf	3,5	;RP0=0, select bank0
  1806     036C  1303               	bcf	3,6	;RP1=0, select bank0
  1807     036D  01A6               	clrf	fputs@i
  1808     036E  01A7               	clrf	fputs@i+1
  1809     036F  2B88               	goto	l1084
  1810     0370                     l1080:
  1811     0370  0825               	movf	fputs@c,w
  1812     0371  00A3               	movwf	??_fputs
  1813     0372  01A4               	clrf	??_fputs+1
  1814     0373  0823               	movf	??_fputs,w
  1815     0374  00F0               	movwf	fputc@c
  1816     0375  0824               	movf	??_fputs+1,w
  1817     0376  00F1               	movwf	fputc@c+1
  1818     0377  0821               	movf	fputs@fp,w
  1819     0378  00F2               	movwf	fputc@fp
  1820     0379  0822               	movf	fputs@fp+1,w
  1821     037A  00F3               	movwf	fputc@fp+1
  1822     037B  120A  118A  25D7  120A  118A  	fcall	_fputc
  1823     0380                     l1082:
  1824     0380  3001               	movlw	1
  1825     0381  1283               	bcf	3,5	;RP0=0, select bank0
  1826     0382  1303               	bcf	3,6	;RP1=0, select bank0
  1827     0383  07A6               	addwf	fputs@i,f
  1828     0384  1803               	skipnc
  1829     0385  0AA7               	incf	fputs@i+1,f
  1830     0386  3000               	movlw	0
  1831     0387  07A7               	addwf	fputs@i+1,f
  1832     0388                     l1084:
  1833     0388  0826               	movf	fputs@i,w
  1834     0389  0720               	addwf	fputs@s,w
  1835     038A  00A3               	movwf	??_fputs
  1836     038B  0823               	movf	??_fputs,w
  1837     038C  0084               	movwf	4
  1838     038D  1383               	bcf	3,7	;select IRP bank0
  1839     038E  0800               	movf	0,w
  1840     038F  00A5               	movwf	fputs@c
  1841     0390  0825               	movf	fputs@c,w
  1842     0391  1D03               	btfss	3,2
  1843     0392  2B94               	goto	u581
  1844     0393  2B95               	goto	u580
  1845     0394                     u581:
  1846     0394  2B70               	goto	l1080
  1847     0395                     u580:
  1848     0395                     l703:
  1849     0395  0008               	return
  1850     0396                     __end_of_fputs:
  1851                           
  1852                           	psect	text7
  1853     05D7                     __ptext7:	
  1854 ;; *************** function _fputc *****************
  1855 ;; Defined at:
  1856 ;;		line 8 in file "C:\Program Files\Microchip\xc8\v3.10\pic\sources\c99\common\nf_fputc.c"
  1857 ;; Parameters:    Size  Location     Type
  1858 ;;  c               2    0[COMMON] int 
  1859 ;;  fp              2    2[COMMON] PTR struct _IO_FILE
  1860 ;;		 -> sprintf@f(11), 
  1861 ;; Auto vars:     Size  Location     Type
  1862 ;;		None
  1863 ;; Return value:  Size  Location     Type
  1864 ;;                  2    0[COMMON] int 
  1865 ;; Registers used:
  1866 ;;		wreg, fsr0l, fsr0h, status,2, status,0, pclath, cstack
  1867 ;; Tracked objects:
  1868 ;;		On entry : 0/0
  1869 ;;		On exit  : 0/0
  1870 ;;		Unchanged: 0/0
  1871 ;; Data sizes:     COMMON   BANK0   BANK1   BANK3   BANK2
  1872 ;;      Params:         4       0       0       0       0
  1873 ;;      Locals:         0       0       0       0       0
  1874 ;;      Temps:          9       0       0       0       0
  1875 ;;      Totals:        13       0       0       0       0
  1876 ;;Total ram usage:       13 bytes
  1877 ;; Hardware stack levels used: 1
  1878 ;; This function calls:
  1879 ;;		_putch
  1880 ;; This function is called by:
  1881 ;;		_pad
  1882 ;;		_vfpfcnvrt
  1883 ;;		_fputs
  1884 ;; This function uses a non-reentrant model
  1885 ;;
  1886                           
  1887     05D7                     _fputc:	
  1888                           ;psect for function _fputc
  1889                           
  1890     05D7                     l1064:	
  1891                           ;incstack = 0
  1892                           ; Regs used in _fputc: [wreg-fsr0h+status,2+status,0+pclath+cstack]
  1893                           
  1894     05D7  0872               	movf	fputc@fp,w
  1895     05D8  0473               	iorwf	fputc@fp+1,w
  1896     05D9  1903               	btfsc	3,2
  1897     05DA  2DDC               	goto	u531
  1898     05DB  2DDD               	goto	u530
  1899     05DC                     u531:
  1900     05DC  2DE3               	goto	l1068
  1901     05DD                     u530:
  1902     05DD                     l1066:
  1903     05DD  0872               	movf	fputc@fp,w
  1904     05DE  0473               	iorwf	fputc@fp+1,w
  1905     05DF  1D03               	btfss	3,2
  1906     05E0  2DE2               	goto	u541
  1907     05E1  2DE3               	goto	u540
  1908     05E2                     u541:
  1909     05E2  2DEA               	goto	l1070
  1910     05E3                     u540:
  1911     05E3                     l1068:
  1912     05E3  0870               	movf	fputc@c,w
  1913     05E4  120A  118A  221F  120A  118A  	fcall	_putch
  1914     05E9  2E70               	goto	l695
  1915     05EA                     l1070:
  1916     05EA  0872               	movf	fputc@fp,w
  1917     05EB  3E09               	addlw	9
  1918     05EC  00F4               	movwf	??_fputc
  1919     05ED  0873               	movf	fputc@fp+1,w
  1920     05EE  1803               	skipnc
  1921     05EF  3E01               	addlw	1
  1922     05F0  3E00               	addlw	0
  1923     05F1  00F5               	movwf	??_fputc+1
  1924     05F2  0874               	movf	??_fputc,w
  1925     05F3  0084               	movwf	4
  1926     05F4  1783               	bsf	3,7
  1927     05F5  1C75               	btfss	??_fputc+1,0
  1928     05F6  1383               	bcf	3,7
  1929     05F7  0800               	movf	0,w
  1930     05F8  00F6               	movwf	??_fputc+2
  1931     05F9  0A84               	incf	4,f
  1932     05FA  0800               	movf	0,w
  1933     05FB  00F7               	movwf	??_fputc+3
  1934     05FC  0876               	movf	??_fputc+2,w
  1935     05FD  0477               	iorwf	??_fputc+3,w
  1936     05FE  1903               	btfsc	3,2
  1937     05FF  2E01               	goto	u551
  1938     0600  2E02               	goto	u550
  1939     0601                     u551:
  1940     0601  2E34               	goto	l1074
  1941     0602                     u550:
  1942     0602                     l1072:
  1943     0602  0872               	movf	fputc@fp,w
  1944     0603  3E09               	addlw	9
  1945     0604  00F4               	movwf	??_fputc
  1946     0605  0873               	movf	fputc@fp+1,w
  1947     0606  1803               	skipnc
  1948     0607  3E01               	addlw	1
  1949     0608  3E00               	addlw	0
  1950     0609  00F5               	movwf	??_fputc+1
  1951     060A  0874               	movf	??_fputc,w
  1952     060B  0084               	movwf	4
  1953     060C  1783               	bsf	3,7
  1954     060D  1C75               	btfss	??_fputc+1,0
  1955     060E  1383               	bcf	3,7
  1956     060F  0800               	movf	0,w
  1957     0610  00F6               	movwf	??_fputc+2
  1958     0611  0A84               	incf	4,f
  1959     0612  0800               	movf	0,w
  1960     0613  00F7               	movwf	??_fputc+3
  1961     0614  0872               	movf	fputc@fp,w
  1962     0615  3E02               	addlw	2
  1963     0616  00F8               	movwf	??_fputc+4
  1964     0617  0873               	movf	fputc@fp+1,w
  1965     0618  1803               	skipnc
  1966     0619  3E01               	addlw	1
  1967     061A  3E00               	addlw	0
  1968     061B  00F9               	movwf	??_fputc+5
  1969     061C  0878               	movf	??_fputc+4,w
  1970     061D  0084               	movwf	4
  1971     061E  1783               	bsf	3,7
  1972     061F  1C79               	btfss	??_fputc+5,0
  1973     0620  1383               	bcf	3,7
  1974     0621  0800               	movf	0,w
  1975     0622  00FA               	movwf	??_fputc+6
  1976     0623  0A84               	incf	4,f
  1977     0624  0800               	movf	0,w
  1978     0625  00FB               	movwf	??_fputc+7
  1979     0626  087B               	movf	??_fputc+7,w
  1980     0627  3A80               	xorlw	128
  1981     0628  00FC               	movwf	??_fputc+8
  1982     0629  0877               	movf	??_fputc+3,w
  1983     062A  3A80               	xorlw	128
  1984     062B  027C               	subwf	??_fputc+8,w
  1985     062C  1D03               	skipz
  1986     062D  2E30               	goto	u565
  1987     062E  0876               	movf	??_fputc+2,w
  1988     062F  027A               	subwf	??_fputc+6,w
  1989     0630                     u565:
  1990     0630  1803               	skipnc
  1991     0631  2E33               	goto	u561
  1992     0632  2E34               	goto	u560
  1993     0633                     u561:
  1994     0633  2E70               	goto	l695
  1995     0634                     u560:
  1996     0634                     l1074:
  1997     0634  0872               	movf	fputc@fp,w
  1998     0635  0084               	movwf	4
  1999     0636  1783               	bsf	3,7
  2000     0637  1C73               	btfss	fputc@fp+1,0
  2001     0638  1383               	bcf	3,7
  2002     0639  0800               	movf	0,w
  2003     063A  00F4               	movwf	??_fputc
  2004     063B  0A84               	incf	4,f
  2005     063C  0800               	movf	0,w
  2006     063D  00F5               	movwf	??_fputc+1
  2007     063E  0872               	movf	fputc@fp,w
  2008     063F  3E02               	addlw	2
  2009     0640  00F6               	movwf	??_fputc+2
  2010     0641  0873               	movf	fputc@fp+1,w
  2011     0642  1803               	skipnc
  2012     0643  3E01               	addlw	1
  2013     0644  3E00               	addlw	0
  2014     0645  00F7               	movwf	??_fputc+3
  2015     0646  0876               	movf	??_fputc+2,w
  2016     0647  0084               	movwf	4
  2017     0648  1783               	bsf	3,7
  2018     0649  1C77               	btfss	??_fputc+3,0
  2019     064A  1383               	bcf	3,7
  2020     064B  0800               	movf	0,w
  2021     064C  0774               	addwf	??_fputc,w
  2022     064D  00F9               	movwf	??_fputc+5
  2023     064E  0875               	movf	??_fputc+1,w
  2024     064F  00F8               	movwf	??_fputc+4
  2025     0650  1803               	skipnc
  2026     0651  0AF8               	incf	??_fputc+4,f
  2027     0652  1F80               	btfss	0,7
  2028     0653  2E55               	goto	u570
  2029     0654  03F8               	decf	??_fputc+4,f
  2030     0655                     u570:
  2031     0655  0878               	movf	??_fputc+4,w
  2032     0656  00FA               	movwf	??_fputc+6
  2033     0657  0879               	movf	??_fputc+5,w
  2034     0658  0084               	movwf	4
  2035     0659  1783               	bsf	3,7
  2036     065A  1C7A               	btfss	??_fputc+6,0
  2037     065B  1383               	bcf	3,7
  2038     065C  0870               	movf	fputc@c,w
  2039     065D  0080               	movwf	0
  2040     065E  0872               	movf	fputc@fp,w
  2041     065F  3E02               	addlw	2
  2042     0660  00F4               	movwf	??_fputc
  2043     0661  0873               	movf	fputc@fp+1,w
  2044     0662  1803               	skipnc
  2045     0663  3E01               	addlw	1
  2046     0664  3E00               	addlw	0
  2047     0665  00F5               	movwf	??_fputc+1
  2048     0666  0874               	movf	??_fputc,w
  2049     0667  0084               	movwf	4
  2050     0668  1783               	bsf	3,7
  2051     0669  1C75               	btfss	??_fputc+1,0
  2052     066A  1383               	bcf	3,7
  2053     066B  3001               	movlw	1
  2054     066C  0780               	addwf	0,f
  2055     066D  0A84               	incf	4,f
  2056     066E  1803               	skipnc
  2057     066F  0A80               	incf	0,f
  2058     0670                     l695:
  2059     0670  0008               	return
  2060     0671                     __end_of_fputc:
  2061                           
  2062                           	psect	text8
  2063     021F                     __ptext8:	
  2064 ;; *************** function _putch *****************
  2065 ;; Defined at:
  2066 ;;		line 7 in file "C:\Program Files\Microchip\xc8\v3.10\pic\sources\c99\common\putch.c"
  2067 ;; Parameters:    Size  Location     Type
  2068 ;;  c               1    wreg     unsigned char 
  2069 ;; Auto vars:     Size  Location     Type
  2070 ;;  c               1    0[COMMON] unsigned char 
  2071 ;; Return value:  Size  Location     Type
  2072 ;;                  1    wreg      void 
  2073 ;; Registers used:
  2074 ;;		wreg
  2075 ;; Tracked objects:
  2076 ;;		On entry : 0/0
  2077 ;;		On exit  : 0/0
  2078 ;;		Unchanged: 0/0
  2079 ;; Data sizes:     COMMON   BANK0   BANK1   BANK3   BANK2
  2080 ;;      Params:         0       0       0       0       0
  2081 ;;      Locals:         0       0       0       0       0
  2082 ;;      Temps:          0       0       0       0       0
  2083 ;;      Totals:         0       0       0       0       0
  2084 ;;Total ram usage:        0 bytes
  2085 ;; Hardware stack levels used: 1
  2086 ;; This function calls:
  2087 ;;		Nothing
  2088 ;; This function is called by:
  2089 ;;		_fputc
  2090 ;; This function uses a non-reentrant model
  2091 ;;
  2092                           
  2093     021F                     _putch:	
  2094                           ;psect for function _putch
  2095                           
  2096     021F                     l706:	
  2097                           ;incstack = 0
  2098                           ; Regs used in _putch: [wreg]
  2099                           
  2100     021F  0008               	return
  2101     0220                     __end_of_putch:
  2102                           
  2103                           	psect	text9
  2104     0396                     __ptext9:	
  2105 ;; *************** function ___lwmod *****************
  2106 ;; Defined at:
  2107 ;;		line 5 in file "C:\Program Files\Microchip\xc8\v3.10\pic\sources\c99\common\lwmod.c"
  2108 ;; Parameters:    Size  Location     Type
  2109 ;;  divisor         2    0[COMMON] unsigned int 
  2110 ;;  dividend        2    2[COMMON] unsigned int 
  2111 ;; Auto vars:     Size  Location     Type
  2112 ;;  counter         1    4[COMMON] unsigned char 
  2113 ;; Return value:  Size  Location     Type
  2114 ;;                  2    0[COMMON] unsigned int 
  2115 ;; Registers used:
  2116 ;;		wreg, status,2, status,0
  2117 ;; Tracked objects:
  2118 ;;		On entry : 0/0
  2119 ;;		On exit  : 0/0
  2120 ;;		Unchanged: 0/0
  2121 ;; Data sizes:     COMMON   BANK0   BANK1   BANK3   BANK2
  2122 ;;      Params:         4       0       0       0       0
  2123 ;;      Locals:         1       0       0       0       0
  2124 ;;      Temps:          0       0       0       0       0
  2125 ;;      Totals:         5       0       0       0       0
  2126 ;;Total ram usage:        5 bytes
  2127 ;; Hardware stack levels used: 1
  2128 ;; This function calls:
  2129 ;;		Nothing
  2130 ;; This function is called by:
  2131 ;;		_utoa
  2132 ;; This function uses a non-reentrant model
  2133 ;;
  2134                           
  2135     0396                     ___lwmod:	
  2136                           ;psect for function ___lwmod
  2137                           
  2138     0396                     l1126:	
  2139                           ;incstack = 0
  2140                           ; Regs used in ___lwmod: [wreg+status,2+status,0]
  2141                           
  2142     0396  0870               	movf	___lwmod@divisor,w
  2143     0397  0471               	iorwf	___lwmod@divisor+1,w
  2144     0398  1903               	btfsc	3,2
  2145     0399  2B9B               	goto	u701
  2146     039A  2B9C               	goto	u700
  2147     039B                     u701:
  2148     039B  2BC9               	goto	l1144
  2149     039C                     u700:
  2150     039C                     l1128:
  2151     039C  3001               	movlw	1
  2152     039D  00F4               	movwf	___lwmod@counter
  2153     039E  2BA8               	goto	l1134
  2154     039F                     l1130:
  2155     039F  3001               	movlw	1
  2156     03A0                     u715:
  2157     03A0  1003               	clrc
  2158     03A1  0DF0               	rlf	___lwmod@divisor,f
  2159     03A2  0DF1               	rlf	___lwmod@divisor+1,f
  2160     03A3  3EFF               	addlw	-1
  2161     03A4  1D03               	skipz
  2162     03A5  2BA0               	goto	u715
  2163     03A6                     l1132:
  2164     03A6  3001               	movlw	1
  2165     03A7  07F4               	addwf	___lwmod@counter,f
  2166     03A8                     l1134:
  2167     03A8  1FF1               	btfss	___lwmod@divisor+1,7
  2168     03A9  2BAB               	goto	u721
  2169     03AA  2BAC               	goto	u720
  2170     03AB                     u721:
  2171     03AB  2B9F               	goto	l1130
  2172     03AC                     u720:
  2173     03AC                     l1136:
  2174     03AC  0871               	movf	___lwmod@divisor+1,w
  2175     03AD  0273               	subwf	___lwmod@dividend+1,w
  2176     03AE  1D03               	skipz
  2177     03AF  2BB2               	goto	u735
  2178     03B0  0870               	movf	___lwmod@divisor,w
  2179     03B1  0272               	subwf	___lwmod@dividend,w
  2180     03B2                     u735:
  2181     03B2  1C03               	skipc
  2182     03B3  2BB5               	goto	u731
  2183     03B4  2BB6               	goto	u730
  2184     03B5                     u731:
  2185     03B5  2BBC               	goto	l1140
  2186     03B6                     u730:
  2187     03B6                     l1138:
  2188     03B6  0870               	movf	___lwmod@divisor,w
  2189     03B7  02F2               	subwf	___lwmod@dividend,f
  2190     03B8  0871               	movf	___lwmod@divisor+1,w
  2191     03B9  1C03               	skipc
  2192     03BA  03F3               	decf	___lwmod@dividend+1,f
  2193     03BB  02F3               	subwf	___lwmod@dividend+1,f
  2194     03BC                     l1140:
  2195     03BC  3001               	movlw	1
  2196     03BD                     u745:
  2197     03BD  1003               	clrc
  2198     03BE  0CF1               	rrf	___lwmod@divisor+1,f
  2199     03BF  0CF0               	rrf	___lwmod@divisor,f
  2200     03C0  3EFF               	addlw	-1
  2201     03C1  1D03               	skipz
  2202     03C2  2BBD               	goto	u745
  2203     03C3                     l1142:
  2204     03C3  3001               	movlw	1
  2205     03C4  02F4               	subwf	___lwmod@counter,f
  2206     03C5  1D03               	btfss	3,2
  2207     03C6  2BC8               	goto	u751
  2208     03C7  2BC9               	goto	u750
  2209     03C8                     u751:
  2210     03C8  2BAC               	goto	l1136
  2211     03C9                     u750:
  2212     03C9                     l1144:
  2213     03C9  0873               	movf	___lwmod@dividend+1,w
  2214     03CA  00F1               	movwf	?___lwmod+1
  2215     03CB  0872               	movf	___lwmod@dividend,w
  2216     03CC  00F0               	movwf	?___lwmod
  2217     03CD                     l454:
  2218     03CD  0008               	return
  2219     03CE                     __end_of___lwmod:
  2220                           
  2221                           	psect	text10
  2222     03CE                     __ptext10:	
  2223 ;; *************** function ___lwdiv *****************
  2224 ;; Defined at:
  2225 ;;		line 5 in file "C:\Program Files\Microchip\xc8\v3.10\pic\sources\c99\common\lwdiv.c"
  2226 ;; Parameters:    Size  Location     Type
  2227 ;;  divisor         2    0[COMMON] unsigned int 
  2228 ;;  dividend        2    2[COMMON] unsigned int 
  2229 ;; Auto vars:     Size  Location     Type
  2230 ;;  quotient        2    4[COMMON] unsigned int 
  2231 ;;  counter         1    6[COMMON] unsigned char 
  2232 ;; Return value:  Size  Location     Type
  2233 ;;                  2    0[COMMON] unsigned int 
  2234 ;; Registers used:
  2235 ;;		wreg, status,2, status,0
  2236 ;; Tracked objects:
  2237 ;;		On entry : 0/0
  2238 ;;		On exit  : 0/0
  2239 ;;		Unchanged: 0/0
  2240 ;; Data sizes:     COMMON   BANK0   BANK1   BANK3   BANK2
  2241 ;;      Params:         4       0       0       0       0
  2242 ;;      Locals:         3       0       0       0       0
  2243 ;;      Temps:          0       0       0       0       0
  2244 ;;      Totals:         7       0       0       0       0
  2245 ;;Total ram usage:        7 bytes
  2246 ;; Hardware stack levels used: 1
  2247 ;; This function calls:
  2248 ;;		Nothing
  2249 ;; This function is called by:
  2250 ;;		_utoa
  2251 ;; This function uses a non-reentrant model
  2252 ;;
  2253                           
  2254     03CE                     ___lwdiv:	
  2255                           ;psect for function ___lwdiv
  2256                           
  2257     03CE                     l1100:	
  2258                           ;incstack = 0
  2259                           ; Regs used in ___lwdiv: [wreg+status,2+status,0]
  2260                           
  2261     03CE  01F4               	clrf	___lwdiv@quotient
  2262     03CF  01F5               	clrf	___lwdiv@quotient+1
  2263     03D0                     l1102:
  2264     03D0  0870               	movf	___lwdiv@divisor,w
  2265     03D1  0471               	iorwf	___lwdiv@divisor+1,w
  2266     03D2  1903               	btfsc	3,2
  2267     03D3  2BD5               	goto	u631
  2268     03D4  2BD6               	goto	u630
  2269     03D5                     u631:
  2270     03D5  2C0B               	goto	l1122
  2271     03D6                     u630:
  2272     03D6                     l1104:
  2273     03D6  3001               	movlw	1
  2274     03D7  00F6               	movwf	___lwdiv@counter
  2275     03D8  2BE2               	goto	l1110
  2276     03D9                     l1106:
  2277     03D9  3001               	movlw	1
  2278     03DA                     u645:
  2279     03DA  1003               	clrc
  2280     03DB  0DF0               	rlf	___lwdiv@divisor,f
  2281     03DC  0DF1               	rlf	___lwdiv@divisor+1,f
  2282     03DD  3EFF               	addlw	-1
  2283     03DE  1D03               	skipz
  2284     03DF  2BDA               	goto	u645
  2285     03E0                     l1108:
  2286     03E0  3001               	movlw	1
  2287     03E1  07F6               	addwf	___lwdiv@counter,f
  2288     03E2                     l1110:
  2289     03E2  1FF1               	btfss	___lwdiv@divisor+1,7
  2290     03E3  2BE5               	goto	u651
  2291     03E4  2BE6               	goto	u650
  2292     03E5                     u651:
  2293     03E5  2BD9               	goto	l1106
  2294     03E6                     u650:
  2295     03E6                     l1112:
  2296     03E6  3001               	movlw	1
  2297     03E7                     u665:
  2298     03E7  1003               	clrc
  2299     03E8  0DF4               	rlf	___lwdiv@quotient,f
  2300     03E9  0DF5               	rlf	___lwdiv@quotient+1,f
  2301     03EA  3EFF               	addlw	-1
  2302     03EB  1D03               	skipz
  2303     03EC  2BE7               	goto	u665
  2304     03ED  0871               	movf	___lwdiv@divisor+1,w
  2305     03EE  0273               	subwf	___lwdiv@dividend+1,w
  2306     03EF  1D03               	skipz
  2307     03F0  2BF3               	goto	u675
  2308     03F1  0870               	movf	___lwdiv@divisor,w
  2309     03F2  0272               	subwf	___lwdiv@dividend,w
  2310     03F3                     u675:
  2311     03F3  1C03               	skipc
  2312     03F4  2BF6               	goto	u671
  2313     03F5  2BF7               	goto	u670
  2314     03F6                     u671:
  2315     03F6  2BFE               	goto	l1118
  2316     03F7                     u670:
  2317     03F7                     l1114:
  2318     03F7  0870               	movf	___lwdiv@divisor,w
  2319     03F8  02F2               	subwf	___lwdiv@dividend,f
  2320     03F9  0871               	movf	___lwdiv@divisor+1,w
  2321     03FA  1C03               	skipc
  2322     03FB  03F3               	decf	___lwdiv@dividend+1,f
  2323     03FC  02F3               	subwf	___lwdiv@dividend+1,f
  2324     03FD                     l1116:
  2325     03FD  1474               	bsf	___lwdiv@quotient,0
  2326     03FE                     l1118:
  2327     03FE  3001               	movlw	1
  2328     03FF                     u685:
  2329     03FF  1003               	clrc
  2330     0400  0CF1               	rrf	___lwdiv@divisor+1,f
  2331     0401  0CF0               	rrf	___lwdiv@divisor,f
  2332     0402  3EFF               	addlw	-1
  2333     0403  1D03               	skipz
  2334     0404  2BFF               	goto	u685
  2335     0405                     l1120:
  2336     0405  3001               	movlw	1
  2337     0406  02F6               	subwf	___lwdiv@counter,f
  2338     0407  1D03               	btfss	3,2
  2339     0408  2C0A               	goto	u691
  2340     0409  2C0B               	goto	u690
  2341     040A                     u691:
  2342     040A  2BE6               	goto	l1112
  2343     040B                     u690:
  2344     040B                     l1122:
  2345     040B  0875               	movf	___lwdiv@quotient+1,w
  2346     040C  00F1               	movwf	?___lwdiv+1
  2347     040D  0874               	movf	___lwdiv@quotient,w
  2348     040E  00F0               	movwf	?___lwdiv
  2349     040F                     l444:
  2350     040F  0008               	return
  2351     0410                     __end_of___lwdiv:
  2352                           
  2353                           	psect	text11
  2354     0456                     __ptext11:	
  2355 ;; *************** function _read_prec_or_width *****************
  2356 ;; Defined at:
  2357 ;;		line 1158 in file "C:\Program Files\Microchip\xc8\v3.10\pic\sources\c99\common\doprnt.c"
  2358 ;; Parameters:    Size  Location     Type
  2359 ;;  fmt             1    6[COMMON] PTR PTR const unsigned c
  2360 ;;		 -> vfprintf@cfmt(1), 
  2361 ;;  ap              1    7[COMMON] PTR PTR void [1]
  2362 ;;		 -> sprintf@ap(1), 
  2363 ;; Auto vars:     Size  Location     Type
  2364 ;;  c               1    8[COMMON] unsigned char 
  2365 ;;  n               2    9[COMMON] int 
  2366 ;; Return value:  Size  Location     Type
  2367 ;;                  2    6[COMMON] int 
  2368 ;; Registers used:
  2369 ;;		wreg, fsr0l, fsr0h, status,2, status,0, pclath, btemp1, cstack
  2370 ;; Tracked objects:
  2371 ;;		On entry : 0/0
  2372 ;;		On exit  : 0/0
  2373 ;;		Unchanged: 0/0
  2374 ;; Data sizes:     COMMON   BANK0   BANK1   BANK3   BANK2
  2375 ;;      Params:         2       0       0       0       0
  2376 ;;      Locals:         3       0       0       0       0
  2377 ;;      Temps:          0       0       0       0       0
  2378 ;;      Totals:         5       0       0       0       0
  2379 ;;Total ram usage:        5 bytes
  2380 ;; Hardware stack levels used: 1
  2381 ;; Hardware stack levels required when called: 1
  2382 ;; This function calls:
  2383 ;;		___wmul
  2384 ;; This function is called by:
  2385 ;;		_vfpfcnvrt
  2386 ;; This function uses a non-reentrant model
  2387 ;;
  2388                           
  2389     0456                     _read_prec_or_width:	
  2390                           ;psect for function _read_prec_or_width
  2391                           
  2392     0456                     l1190:	
  2393                           ;incstack = 0
  2394                           ; Regs used in _read_prec_or_width: [wreg-fsr0h+status,2+status,0+pclath+btemp1+cstack]
  2395                           
  2396                           
  2397                           ;C:\Program Files\Microchip\xc8\v3.10\pic\sources\c99\common\doprnt.c: 1159:     int n =
      +                           0;
  2398     0456  01F9               	clrf	read_prec_or_width@n
  2399     0457  01FA               	clrf	read_prec_or_width@n+1
  2400     0458                     l1192:
  2401                           
  2402                           ;C:\Program Files\Microchip\xc8\v3.10\pic\sources\c99\common\doprnt.c: 1160:     if ((*f
      +                          mt)[0] == '*') {
  2403     0458  0876               	movf	read_prec_or_width@fmt,w
  2404     0459  0084               	movwf	4
  2405     045A  1383               	bcf	3,7	;select IRP bank0
  2406     045B  0800               	movf	0,w
  2407     045C  0084               	movwf	4
  2408     045D  120A  118A  200D  120A  118A  	fcall	stringdir
  2409     0462  3A2A               	xorlw	42
  2410     0463  1D03               	skipz
  2411     0464  2C66               	goto	u831
  2412     0465  2C67               	goto	u830
  2413     0466                     u831:
  2414     0466  2C93               	goto	l1202
  2415     0467                     u830:
  2416     0467                     l1194:
  2417                           
  2418                           ;C:\Program Files\Microchip\xc8\v3.10\pic\sources\c99\common\doprnt.c: 1161:         ++*
      +                          fmt;
  2419     0467  0876               	movf	read_prec_or_width@fmt,w
  2420     0468  0084               	movwf	4
  2421     0469  3001               	movlw	1
  2422     046A  0780               	addwf	0,f
  2423     046B                     l1196:
  2424                           
  2425                           ;C:\Program Files\Microchip\xc8\v3.10\pic\sources\c99\common\doprnt.c: 1162:         n =
      +                           (*(int *)__va_arg(*(int **)*ap, (int)0));
  2426     046B  0877               	movf	read_prec_or_width@ap,w
  2427     046C  0084               	movwf	4
  2428     046D  0800               	movf	0,w
  2429     046E  00FF               	movwf	btemp1
  2430     046F  3002               	movlw	2
  2431     0470  0780               	addwf	0,f
  2432     0471  087F               	movf	btemp1,w
  2433     0472  0084               	movwf	4
  2434     0473  0800               	movf	0,w
  2435     0474  00F9               	movwf	read_prec_or_width@n
  2436     0475  0A84               	incf	4,f
  2437     0476  0800               	movf	0,w
  2438     0477  00FA               	movwf	read_prec_or_width@n+1
  2439                           
  2440                           ;C:\Program Files\Microchip\xc8\v3.10\pic\sources\c99\common\doprnt.c: 1163:     } else 
      +                          {
  2441     0478  2CA4               	goto	l1204
  2442     0479                     l1198:
  2443                           
  2444                           ;C:\Program Files\Microchip\xc8\v3.10\pic\sources\c99\common\doprnt.c: 1166:            
      +                           n = n * 10 + c;
  2445     0479  087A               	movf	read_prec_or_width@n+1,w
  2446     047A  00F1               	movwf	___wmul@multiplier+1
  2447     047B  0879               	movf	read_prec_or_width@n,w
  2448     047C  00F0               	movwf	___wmul@multiplier
  2449     047D  300A               	movlw	10
  2450     047E  00F2               	movwf	___wmul@multiplicand
  2451     047F  3000               	movlw	0
  2452     0480  00F3               	movwf	___wmul@multiplicand+1
  2453     0481  120A  118A  22CE  120A  118A  	fcall	___wmul
  2454     0486  0878               	movf	read_prec_or_width@c,w
  2455     0487  0770               	addwf	?___wmul,w
  2456     0488  00F9               	movwf	read_prec_or_width@n
  2457     0489  3000               	movlw	0
  2458     048A  1803               	skipnc
  2459     048B  3001               	movlw	1
  2460     048C  0771               	addwf	?___wmul+1,w
  2461     048D  00FA               	movwf	read_prec_or_width@n+1
  2462     048E                     l1200:
  2463                           
  2464                           ;C:\Program Files\Microchip\xc8\v3.10\pic\sources\c99\common\doprnt.c: 1167:            
      +                           ++*fmt;
  2465     048E  0876               	movf	read_prec_or_width@fmt,w
  2466     048F  0084               	movwf	4
  2467     0490  3001               	movlw	1
  2468     0491  1383               	bcf	3,7	;select IRP bank0
  2469     0492  0780               	addwf	0,f
  2470     0493                     l1202:
  2471                           
  2472                           ;C:\Program Files\Microchip\xc8\v3.10\pic\sources\c99\common\doprnt.c: 1165:         whi
      +                          le ((c = ((unsigned)(*fmt)[0]) - '0') < 10) {
  2473     0493  0876               	movf	read_prec_or_width@fmt,w
  2474     0494  0084               	movwf	4
  2475     0495  0800               	movf	0,w
  2476     0496  0084               	movwf	4
  2477     0497  120A  118A  200D  120A  118A  	fcall	stringdir
  2478     049C  3ED0               	addlw	208
  2479     049D  00F8               	movwf	read_prec_or_width@c
  2480     049E  300A               	movlw	10
  2481     049F  0278               	subwf	read_prec_or_width@c,w
  2482     04A0  1C03               	skipc
  2483     04A1  2CA3               	goto	u841
  2484     04A2  2CA4               	goto	u840
  2485     04A3                     u841:
  2486     04A3  2C79               	goto	l1198
  2487     04A4                     u840:
  2488     04A4                     l1204:
  2489                           
  2490                           ;C:\Program Files\Microchip\xc8\v3.10\pic\sources\c99\common\doprnt.c: 1170:     return 
      +                          n;
  2491     04A4  087A               	movf	read_prec_or_width@n+1,w
  2492     04A5  00F7               	movwf	?_read_prec_or_width+1
  2493     04A6  0879               	movf	read_prec_or_width@n,w
  2494     04A7  00F6               	movwf	?_read_prec_or_width
  2495     04A8                     l666:
  2496     04A8  0008               	return
  2497     04A9                     __end_of_read_prec_or_width:
  2498                           
  2499                           	psect	text12
  2500     02CE                     __ptext12:	
  2501 ;; *************** function ___wmul *****************
  2502 ;; Defined at:
  2503 ;;		line 15 in file "C:\Program Files\Microchip\xc8\v3.10\pic\sources\c99\common\Umul16.c"
  2504 ;; Parameters:    Size  Location     Type
  2505 ;;  multiplier      2    0[COMMON] unsigned int 
  2506 ;;  multiplicand    2    2[COMMON] unsigned int 
  2507 ;; Auto vars:     Size  Location     Type
  2508 ;;  product         2    4[COMMON] unsigned int 
  2509 ;; Return value:  Size  Location     Type
  2510 ;;                  2    0[COMMON] unsigned int 
  2511 ;; Registers used:
  2512 ;;		wreg, status,2, status,0
  2513 ;; Tracked objects:
  2514 ;;		On entry : 0/0
  2515 ;;		On exit  : 0/0
  2516 ;;		Unchanged: 0/0
  2517 ;; Data sizes:     COMMON   BANK0   BANK1   BANK3   BANK2
  2518 ;;      Params:         4       0       0       0       0
  2519 ;;      Locals:         2       0       0       0       0
  2520 ;;      Temps:          0       0       0       0       0
  2521 ;;      Totals:         6       0       0       0       0
  2522 ;;Total ram usage:        6 bytes
  2523 ;; Hardware stack levels used: 1
  2524 ;; This function calls:
  2525 ;;		Nothing
  2526 ;; This function is called by:
  2527 ;;		_read_prec_or_width
  2528 ;; This function uses a non-reentrant model
  2529 ;;
  2530                           
  2531     02CE                     ___wmul:	
  2532                           ;psect for function ___wmul
  2533                           
  2534     02CE                     l1086:	
  2535                           ;incstack = 0
  2536                           ; Regs used in ___wmul: [wreg+status,2+status,0]
  2537                           
  2538     02CE  01F4               	clrf	___wmul@product
  2539     02CF  01F5               	clrf	___wmul@product+1
  2540     02D0                     l1088:
  2541     02D0  1C70               	btfss	___wmul@multiplier,0
  2542     02D1  2AD3               	goto	u591
  2543     02D2  2AD4               	goto	u590
  2544     02D3                     u591:
  2545     02D3  2ADA               	goto	l164
  2546     02D4                     u590:
  2547     02D4                     l1090:
  2548     02D4  0872               	movf	___wmul@multiplicand,w
  2549     02D5  07F4               	addwf	___wmul@product,f
  2550     02D6  1803               	skipnc
  2551     02D7  0AF5               	incf	___wmul@product+1,f
  2552     02D8  0873               	movf	___wmul@multiplicand+1,w
  2553     02D9  07F5               	addwf	___wmul@product+1,f
  2554     02DA                     l164:
  2555     02DA  3001               	movlw	1
  2556     02DB                     u605:
  2557     02DB  1003               	clrc
  2558     02DC  0DF2               	rlf	___wmul@multiplicand,f
  2559     02DD  0DF3               	rlf	___wmul@multiplicand+1,f
  2560     02DE  3EFF               	addlw	-1
  2561     02DF  1D03               	skipz
  2562     02E0  2ADB               	goto	u605
  2563     02E1                     l1092:
  2564     02E1  3001               	movlw	1
  2565     02E2                     u615:
  2566     02E2  1003               	clrc
  2567     02E3  0CF1               	rrf	___wmul@multiplier+1,f
  2568     02E4  0CF0               	rrf	___wmul@multiplier,f
  2569     02E5  3EFF               	addlw	-1
  2570     02E6  1D03               	skipz
  2571     02E7  2AE2               	goto	u615
  2572     02E8                     l1094:
  2573     02E8  0870               	movf	___wmul@multiplier,w
  2574     02E9  0471               	iorwf	___wmul@multiplier+1,w
  2575     02EA  1D03               	btfss	3,2
  2576     02EB  2AED               	goto	u621
  2577     02EC  2AEE               	goto	u620
  2578     02ED                     u621:
  2579     02ED  2AD0               	goto	l1088
  2580     02EE                     u620:
  2581     02EE                     l1096:
  2582     02EE  0875               	movf	___wmul@product+1,w
  2583     02EF  00F1               	movwf	?___wmul+1
  2584     02F0  0874               	movf	___wmul@product,w
  2585     02F1  00F0               	movwf	?___wmul
  2586     02F2                     l166:
  2587     02F2  0008               	return
  2588     02F3                     __end_of___wmul:
  2589                           
  2590                           	psect	text13
  2591     0410                     __ptext13:	
  2592 ;; *************** function ___lmul *****************
  2593 ;; Defined at:
  2594 ;;		line 15 in file "C:\Program Files\Microchip\xc8\v3.10\pic\sources\c99\common\Umul32.c"
  2595 ;; Parameters:    Size  Location     Type
  2596 ;;  multiplier      4    0[COMMON] unsigned long 
  2597 ;;  multiplicand    4    4[COMMON] unsigned long 
  2598 ;; Auto vars:     Size  Location     Type
  2599 ;;  product         4    9[COMMON] unsigned long 
  2600 ;; Return value:  Size  Location     Type
  2601 ;;                  4    0[COMMON] unsigned long 
  2602 ;; Registers used:
  2603 ;;		wreg, status,2, status,0
  2604 ;; Tracked objects:
  2605 ;;		On entry : 0/0
  2606 ;;		On exit  : 0/0
  2607 ;;		Unchanged: 0/0
  2608 ;; Data sizes:     COMMON   BANK0   BANK1   BANK3   BANK2
  2609 ;;      Params:         8       0       0       0       0
  2610 ;;      Locals:         4       0       0       0       0
  2611 ;;      Temps:          1       0       0       0       0
  2612 ;;      Totals:        13       0       0       0       0
  2613 ;;Total ram usage:       13 bytes
  2614 ;; Hardware stack levels used: 1
  2615 ;; This function calls:
  2616 ;;		Nothing
  2617 ;; This function is called by:
  2618 ;;		_main
  2619 ;; This function uses a non-reentrant model
  2620 ;;
  2621                           
  2622     0410                     ___lmul:	
  2623                           ;psect for function ___lmul
  2624                           
  2625     0410                     l1338:	
  2626                           ;incstack = 0
  2627                           ; Regs used in ___lmul: [wreg+status,2+status,0]
  2628                           
  2629     0410  3000               	movlw	0
  2630     0411  00FC               	movwf	___lmul@product+3
  2631     0412  3000               	movlw	0
  2632     0413  00FB               	movwf	___lmul@product+2
  2633     0414  3000               	movlw	0
  2634     0415  00FA               	movwf	___lmul@product+1
  2635     0416  3000               	movlw	0
  2636     0417  00F9               	movwf	___lmul@product
  2637     0418                     l1340:
  2638     0418  1C70               	btfss	___lmul@multiplier,0
  2639     0419  2C1B               	goto	u931
  2640     041A  2C1C               	goto	u930
  2641     041B                     u931:
  2642     041B  2C33               	goto	l1344
  2643     041C                     u930:
  2644     041C                     l1342:
  2645     041C  0874               	movf	___lmul@multiplicand,w
  2646     041D  07F9               	addwf	___lmul@product,f
  2647     041E  0875               	movf	___lmul@multiplicand+1,w
  2648     041F  1103               	clrz
  2649     0420  1803               	skipnc
  2650     0421  3E01               	addlw	1
  2651     0422  1903               	skipnz
  2652     0423  2C25               	goto	u941
  2653     0424  07FA               	addwf	___lmul@product+1,f
  2654     0425                     u941:
  2655     0425  0876               	movf	___lmul@multiplicand+2,w
  2656     0426  1103               	clrz
  2657     0427  1803               	skipnc
  2658     0428  3E01               	addlw	1
  2659     0429  1903               	skipnz
  2660     042A  2C2C               	goto	u942
  2661     042B  07FB               	addwf	___lmul@product+2,f
  2662     042C                     u942:
  2663     042C  0877               	movf	___lmul@multiplicand+3,w
  2664     042D  1103               	clrz
  2665     042E  1803               	skipnc
  2666     042F  3E01               	addlw	1
  2667     0430  1903               	skipnz
  2668     0431  2C33               	goto	u943
  2669     0432  07FC               	addwf	___lmul@product+3,f
  2670     0433                     u943:
  2671     0433                     l1344:
  2672     0433  3001               	movlw	1
  2673     0434  00F8               	movwf	??___lmul
  2674     0435                     u955:
  2675     0435  1003               	clrc
  2676     0436  0DF4               	rlf	___lmul@multiplicand,f
  2677     0437  0DF5               	rlf	___lmul@multiplicand+1,f
  2678     0438  0DF6               	rlf	___lmul@multiplicand+2,f
  2679     0439  0DF7               	rlf	___lmul@multiplicand+3,f
  2680     043A  0BF8               	decfsz	??___lmul,f
  2681     043B  2C35               	goto	u955
  2682     043C                     l1346:
  2683     043C  3001               	movlw	1
  2684     043D                     u965:
  2685     043D  1003               	clrc
  2686     043E  0CF3               	rrf	___lmul@multiplier+3,f
  2687     043F  0CF2               	rrf	___lmul@multiplier+2,f
  2688     0440  0CF1               	rrf	___lmul@multiplier+1,f
  2689     0441  0CF0               	rrf	___lmul@multiplier,f
  2690     0442  3EFF               	addlw	-1
  2691     0443  1D03               	skipz
  2692     0444  2C3D               	goto	u965
  2693     0445  0873               	movf	___lmul@multiplier+3,w
  2694     0446  0472               	iorwf	___lmul@multiplier+2,w
  2695     0447  0471               	iorwf	___lmul@multiplier+1,w
  2696     0448  0470               	iorwf	___lmul@multiplier,w
  2697     0449  1D03               	skipz
  2698     044A  2C4C               	goto	u971
  2699     044B  2C4D               	goto	u970
  2700     044C                     u971:
  2701     044C  2C18               	goto	l1340
  2702     044D                     u970:
  2703     044D                     l1348:
  2704     044D  087C               	movf	___lmul@product+3,w
  2705     044E  00F3               	movwf	?___lmul+3
  2706     044F  087B               	movf	___lmul@product+2,w
  2707     0450  00F2               	movwf	?___lmul+2
  2708     0451  087A               	movf	___lmul@product+1,w
  2709     0452  00F1               	movwf	?___lmul+1
  2710     0453  0879               	movf	___lmul@product,w
  2711     0454  00F0               	movwf	?___lmul
  2712     0455                     l178:
  2713     0455  0008               	return
  2714     0456                     __end_of___lmul:
  2715                           
  2716                           	psect	text14
  2717     0500                     __ptext14:	
  2718 ;; *************** function ___lldiv *****************
  2719 ;; Defined at:
  2720 ;;		line 5 in file "C:\Program Files\Microchip\xc8\v3.10\pic\sources\c99\common\__lldiv.c"
  2721 ;; Parameters:    Size  Location     Type
  2722 ;;  divisor         4    0[BANK0 ] unsigned long 
  2723 ;;  dividend        4    4[BANK0 ] unsigned long 
  2724 ;; Auto vars:     Size  Location     Type
  2725 ;;  quotient        4    8[BANK0 ] unsigned long 
  2726 ;;  counter         1   12[BANK0 ] unsigned char 
  2727 ;; Return value:  Size  Location     Type
  2728 ;;                  4    0[BANK0 ] unsigned long 
  2729 ;; Registers used:
  2730 ;;		wreg, status,2, status,0
  2731 ;; Tracked objects:
  2732 ;;		On entry : 0/0
  2733 ;;		On exit  : 0/0
  2734 ;;		Unchanged: 0/0
  2735 ;; Data sizes:     COMMON   BANK0   BANK1   BANK3   BANK2
  2736 ;;      Params:         0       8       0       0       0
  2737 ;;      Locals:         0       5       0       0       0
  2738 ;;      Temps:          1       0       0       0       0
  2739 ;;      Totals:         1      13       0       0       0
  2740 ;;Total ram usage:       14 bytes
  2741 ;; Hardware stack levels used: 1
  2742 ;; This function calls:
  2743 ;;		Nothing
  2744 ;; This function is called by:
  2745 ;;		_main
  2746 ;; This function uses a non-reentrant model
  2747 ;;
  2748                           
  2749     0500                     ___lldiv:	
  2750                           ;psect for function ___lldiv
  2751                           
  2752     0500                     l1352:	
  2753                           ;incstack = 0
  2754                           ; Regs used in ___lldiv: [wreg+status,2+status,0]
  2755                           
  2756     0500  3000               	movlw	0
  2757     0501  1283               	bcf	3,5	;RP0=0, select bank0
  2758     0502  1303               	bcf	3,6	;RP1=0, select bank0
  2759     0503  00AB               	movwf	___lldiv@quotient+3
  2760     0504  3000               	movlw	0
  2761     0505  00AA               	movwf	___lldiv@quotient+2
  2762     0506  3000               	movlw	0
  2763     0507  00A9               	movwf	___lldiv@quotient+1
  2764     0508  3000               	movlw	0
  2765     0509  00A8               	movwf	___lldiv@quotient
  2766     050A  0823               	movf	___lldiv@divisor+3,w
  2767     050B  0422               	iorwf	___lldiv@divisor+2,w
  2768     050C  0421               	iorwf	___lldiv@divisor+1,w
  2769     050D  0420               	iorwf	___lldiv@divisor,w
  2770     050E  1903               	skipnz
  2771     050F  2D11               	goto	u981
  2772     0510  2D12               	goto	u980
  2773     0511                     u981:
  2774     0511  2D5D               	goto	l1372
  2775     0512                     u980:
  2776     0512                     l1354:
  2777     0512  3001               	movlw	1
  2778     0513  00AC               	movwf	___lldiv@counter
  2779     0514  2D20               	goto	l1358
  2780     0515                     l1356:
  2781     0515  3001               	movlw	1
  2782     0516  00FD               	movwf	??___lldiv
  2783     0517                     u995:
  2784     0517  1003               	clrc
  2785     0518  0DA0               	rlf	___lldiv@divisor,f
  2786     0519  0DA1               	rlf	___lldiv@divisor+1,f
  2787     051A  0DA2               	rlf	___lldiv@divisor+2,f
  2788     051B  0DA3               	rlf	___lldiv@divisor+3,f
  2789     051C  0BFD               	decfsz	??___lldiv,f
  2790     051D  2D17               	goto	u995
  2791     051E  3001               	movlw	1
  2792     051F  07AC               	addwf	___lldiv@counter,f
  2793     0520                     l1358:
  2794     0520  1FA3               	btfss	___lldiv@divisor+3,7
  2795     0521  2D23               	goto	u1001
  2796     0522  2D24               	goto	u1000
  2797     0523                     u1001:
  2798     0523  2D15               	goto	l1356
  2799     0524                     u1000:
  2800     0524                     l1360:
  2801     0524  3001               	movlw	1
  2802     0525  00FD               	movwf	??___lldiv
  2803     0526                     u1015:
  2804     0526  1003               	clrc
  2805     0527  0DA8               	rlf	___lldiv@quotient,f
  2806     0528  0DA9               	rlf	___lldiv@quotient+1,f
  2807     0529  0DAA               	rlf	___lldiv@quotient+2,f
  2808     052A  0DAB               	rlf	___lldiv@quotient+3,f
  2809     052B  0BFD               	decfsz	??___lldiv,f
  2810     052C  2D26               	goto	u1015
  2811     052D                     l1362:
  2812     052D  0823               	movf	___lldiv@divisor+3,w
  2813     052E  0227               	subwf	___lldiv@dividend+3,w
  2814     052F  1D03               	skipz
  2815     0530  2D3B               	goto	u1025
  2816     0531  0822               	movf	___lldiv@divisor+2,w
  2817     0532  0226               	subwf	___lldiv@dividend+2,w
  2818     0533  1D03               	skipz
  2819     0534  2D3B               	goto	u1025
  2820     0535  0821               	movf	___lldiv@divisor+1,w
  2821     0536  0225               	subwf	___lldiv@dividend+1,w
  2822     0537  1D03               	skipz
  2823     0538  2D3B               	goto	u1025
  2824     0539  0820               	movf	___lldiv@divisor,w
  2825     053A  0224               	subwf	___lldiv@dividend,w
  2826     053B                     u1025:
  2827     053B  1C03               	skipc
  2828     053C  2D3E               	goto	u1021
  2829     053D  2D3F               	goto	u1020
  2830     053E                     u1021:
  2831     053E  2D4E               	goto	l1368
  2832     053F                     u1020:
  2833     053F                     l1364:
  2834     053F  0820               	movf	___lldiv@divisor,w
  2835     0540  02A4               	subwf	___lldiv@dividend,f
  2836     0541  0821               	movf	___lldiv@divisor+1,w
  2837     0542  1C03               	skipc
  2838     0543  0F21               	incfsz	___lldiv@divisor+1,w
  2839     0544  02A5               	subwf	___lldiv@dividend+1,f
  2840     0545  0822               	movf	___lldiv@divisor+2,w
  2841     0546  1C03               	skipc
  2842     0547  0F22               	incfsz	___lldiv@divisor+2,w
  2843     0548  02A6               	subwf	___lldiv@dividend+2,f
  2844     0549  0823               	movf	___lldiv@divisor+3,w
  2845     054A  1C03               	skipc
  2846     054B  0F23               	incfsz	___lldiv@divisor+3,w
  2847     054C  02A7               	subwf	___lldiv@dividend+3,f
  2848     054D                     l1366:
  2849     054D  1428               	bsf	___lldiv@quotient,0
  2850     054E                     l1368:
  2851     054E  3001               	movlw	1
  2852     054F                     u1035:
  2853     054F  1003               	clrc
  2854     0550  0CA3               	rrf	___lldiv@divisor+3,f
  2855     0551  0CA2               	rrf	___lldiv@divisor+2,f
  2856     0552  0CA1               	rrf	___lldiv@divisor+1,f
  2857     0553  0CA0               	rrf	___lldiv@divisor,f
  2858     0554  3EFF               	addlw	-1
  2859     0555  1D03               	skipz
  2860     0556  2D4F               	goto	u1035
  2861     0557                     l1370:
  2862     0557  3001               	movlw	1
  2863     0558  02AC               	subwf	___lldiv@counter,f
  2864     0559  1D03               	btfss	3,2
  2865     055A  2D5C               	goto	u1041
  2866     055B  2D5D               	goto	u1040
  2867     055C                     u1041:
  2868     055C  2D24               	goto	l1360
  2869     055D                     u1040:
  2870     055D                     l1372:
  2871     055D  082B               	movf	___lldiv@quotient+3,w
  2872     055E  00A3               	movwf	?___lldiv+3
  2873     055F  082A               	movf	___lldiv@quotient+2,w
  2874     0560  00A2               	movwf	?___lldiv+2
  2875     0561  0829               	movf	___lldiv@quotient+1,w
  2876     0562  00A1               	movwf	?___lldiv+1
  2877     0563  0828               	movf	___lldiv@quotient,w
  2878     0564  00A0               	movwf	?___lldiv
  2879     0565                     l200:
  2880     0565  0008               	return
  2881     0566                     __end_of___lldiv:
  2882                           
  2883                           	psect	text15
  2884     02F3                     __ptext15:	
  2885 ;; *************** function _LCD_String *****************
  2886 ;; Defined at:
  2887 ;;		line 157 in file "Nadc.c"
  2888 ;; Parameters:    Size  Location     Type
  2889 ;;  str             2    3[COMMON] PTR const unsigned char 
  2890 ;;		 -> main@buffer(16), STR_4(4), STR_3(5), STR_2(17), 
  2891 ;;		 -> STR_1(17), 
  2892 ;; Auto vars:     Size  Location     Type
  2893 ;;		None
  2894 ;; Return value:  Size  Location     Type
  2895 ;;                  1    wreg      void 
  2896 ;; Registers used:
  2897 ;;		wreg, fsr0l, fsr0h, status,2, status,0, pclath, btemp1, cstack
  2898 ;; Tracked objects:
  2899 ;;		On entry : 0/0
  2900 ;;		On exit  : 0/0
  2901 ;;		Unchanged: 0/0
  2902 ;; Data sizes:     COMMON   BANK0   BANK1   BANK3   BANK2
  2903 ;;      Params:         2       0       0       0       0
  2904 ;;      Locals:         0       0       0       0       0
  2905 ;;      Temps:          0       0       0       0       0
  2906 ;;      Totals:         2       0       0       0       0
  2907 ;;Total ram usage:        2 bytes
  2908 ;; Hardware stack levels used: 1
  2909 ;; Hardware stack levels required when called: 1
  2910 ;; This function calls:
  2911 ;;		_LCD_Data
  2912 ;; This function is called by:
  2913 ;;		_main
  2914 ;; This function uses a non-reentrant model
  2915 ;;
  2916                           
  2917     02F3                     _LCD_String:	
  2918                           ;psect for function _LCD_String
  2919                           
  2920     02F3                     l1298:	
  2921                           ;incstack = 0
  2922                           ; Regs used in _LCD_String: [wreg-fsr0h+status,2+status,0+pclath+btemp1+cstack]
  2923                           
  2924                           
  2925                           ;Nadc.c: 158:     while(*str) {
  2926     02F3  2B08               	goto	l1304
  2927     02F4                     l1300:
  2928                           
  2929                           ;Nadc.c: 159:         LCD_Data(*str++);
  2930     02F4  0874               	movf	LCD_String@str+1,w
  2931     02F5  00FF               	movwf	btemp1
  2932     02F6  0873               	movf	LCD_String@str,w
  2933     02F7  0084               	movwf	4
  2934     02F8  120A  118A  2003  120A  118A  	fcall	stringtab
  2935     02FD  120A  118A  2273  120A  118A  	fcall	_LCD_Data
  2936     0302                     l1302:
  2937     0302  3001               	movlw	1
  2938     0303  07F3               	addwf	LCD_String@str,f
  2939     0304  1803               	skipnc
  2940     0305  0AF4               	incf	LCD_String@str+1,f
  2941     0306  3000               	movlw	0
  2942     0307  07F4               	addwf	LCD_String@str+1,f
  2943     0308                     l1304:
  2944                           
  2945                           ;Nadc.c: 158:     while(*str) {
  2946     0308  0874               	movf	LCD_String@str+1,w
  2947     0309  1283               	bcf	3,5	;RP0=0, select bank0
  2948     030A  1303               	bcf	3,6	;RP1=0, select bank0
  2949     030B  00FF               	movwf	btemp1
  2950     030C  0873               	movf	LCD_String@str,w
  2951     030D  0084               	movwf	4
  2952     030E  120A  118A  2003  120A  118A  	fcall	stringtab
  2953     0313  3A00               	xorlw	0
  2954     0314  1D03               	skipz
  2955     0315  2B17               	goto	u891
  2956     0316  2B18               	goto	u890
  2957     0317                     u891:
  2958     0317  2AF4               	goto	l1300
  2959     0318                     u890:
  2960     0318                     l70:
  2961     0318  0008               	return
  2962     0319                     __end_of_LCD_String:
  2963                           
  2964                           	psect	text16
  2965     0273                     __ptext16:	
  2966 ;; *************** function _LCD_Data *****************
  2967 ;; Defined at:
  2968 ;;		line 147 in file "Nadc.c"
  2969 ;; Parameters:    Size  Location     Type
  2970 ;;  data            1    wreg     unsigned char 
  2971 ;; Auto vars:     Size  Location     Type
  2972 ;;  data            1    2[COMMON] unsigned char 
  2973 ;; Return value:  Size  Location     Type
  2974 ;;                  1    wreg      void 
  2975 ;; Registers used:
  2976 ;;		wreg
  2977 ;; Tracked objects:
  2978 ;;		On entry : 0/0
  2979 ;;		On exit  : 0/0
  2980 ;;		Unchanged: 0/0
  2981 ;; Data sizes:     COMMON   BANK0   BANK1   BANK3   BANK2
  2982 ;;      Params:         0       0       0       0       0
  2983 ;;      Locals:         1       0       0       0       0
  2984 ;;      Temps:          2       0       0       0       0
  2985 ;;      Totals:         3       0       0       0       0
  2986 ;;Total ram usage:        3 bytes
  2987 ;; Hardware stack levels used: 1
  2988 ;; This function calls:
  2989 ;;		Nothing
  2990 ;; This function is called by:
  2991 ;;		_LCD_String
  2992 ;; This function uses a non-reentrant model
  2993 ;;
  2994                           
  2995     0273                     _LCD_Data:	
  2996                           ;psect for function _LCD_Data
  2997                           
  2998                           
  2999                           ;incstack = 0
  3000                           ; Regs used in _LCD_Data: [wreg]
  3001                           ;LCD_Data@data stored from wreg
  3002     0273  00F2               	movwf	LCD_Data@data
  3003     0274                     l1260:
  3004                           
  3005                           ;Nadc.c: 148:     PORTAbits.RA0 = 1;
  3006     0274  1283               	bcf	3,5	;RP0=0, select bank0
  3007     0275  1303               	bcf	3,6	;RP1=0, select bank0
  3008     0276  1405               	bsf	5,0	;volatile
  3009     0277                     l1262:
  3010                           
  3011                           ;Nadc.c: 149:     PORTB = data;
  3012     0277  0872               	movf	LCD_Data@data,w
  3013     0278  0086               	movwf	6	;volatile
  3014     0279                     l1264:
  3015                           
  3016                           ;Nadc.c: 150:     PORTAbits.RA1 = 1;
  3017     0279  1485               	bsf	5,1	;volatile
  3018     027A                     l1266:
  3019                           
  3020                           ;Nadc.c: 151:     _delay((unsigned long)((1)*(4000000/4000000.0)));
  3021     027A  0000               	nop
  3022     027B                     l1268:
  3023                           
  3024                           ;Nadc.c: 152:     PORTAbits.RA1 = 0;
  3025     027B  1283               	bcf	3,5	;RP0=0, select bank0
  3026     027C  1303               	bcf	3,6	;RP1=0, select bank0
  3027     027D  1085               	bcf	5,1	;volatile
  3028                           
  3029                           ;Nadc.c: 153:     _delay((unsigned long)((2)*(4000000/4000.0)));
  3030     027E  3003               	movlw	3
  3031     027F  00F1               	movwf	??_LCD_Data+1
  3032     0280  3097               	movlw	151
  3033     0281  00F0               	movwf	??_LCD_Data
  3034     0282                     u1077:
  3035     0282  0BF0               	decfsz	??_LCD_Data,f
  3036     0283  2A82               	goto	u1077
  3037     0284  0BF1               	decfsz	??_LCD_Data+1,f
  3038     0285  2A82               	goto	u1077
  3039     0286  2A87               	nop2
  3040     0287                     l64:
  3041     0287  0008               	return
  3042     0288                     __end_of_LCD_Data:
  3043                           
  3044                           	psect	text17
  3045     0340                     __ptext17:	
  3046 ;; *************** function _LCD_Init *****************
  3047 ;; Defined at:
  3048 ;;		line 126 in file "Nadc.c"
  3049 ;; Parameters:    Size  Location     Type
  3050 ;;		None
  3051 ;; Auto vars:     Size  Location     Type
  3052 ;;		None
  3053 ;; Return value:  Size  Location     Type
  3054 ;;                  1    wreg      void 
  3055 ;; Registers used:
  3056 ;;		wreg, status,2, status,0, pclath, cstack
  3057 ;; Tracked objects:
  3058 ;;		On entry : 0/0
  3059 ;;		On exit  : 0/0
  3060 ;;		Unchanged: 0/0
  3061 ;; Data sizes:     COMMON   BANK0   BANK1   BANK3   BANK2
  3062 ;;      Params:         0       0       0       0       0
  3063 ;;      Locals:         0       0       0       0       0
  3064 ;;      Temps:          2       0       0       0       0
  3065 ;;      Totals:         2       0       0       0       0
  3066 ;;Total ram usage:        2 bytes
  3067 ;; Hardware stack levels used: 1
  3068 ;; Hardware stack levels required when called: 1
  3069 ;; This function calls:
  3070 ;;		_LCD_Cmd
  3071 ;; This function is called by:
  3072 ;;		_main
  3073 ;; This function uses a non-reentrant model
  3074 ;;
  3075                           
  3076     0340                     _LCD_Init:	
  3077                           ;psect for function _LCD_Init
  3078                           
  3079     0340                     l1280:	
  3080                           ;incstack = 0
  3081                           ; Regs used in _LCD_Init: [wreg+status,2+status,0+pclath+cstack]
  3082                           
  3083                           
  3084                           ;Nadc.c: 127:     _delay((unsigned long)((50)*(4000000/4000.0)));
  3085     0340  3041               	movlw	65
  3086     0341  00F4               	movwf	??_LCD_Init+1
  3087     0342  30EE               	movlw	238
  3088     0343  00F3               	movwf	??_LCD_Init
  3089     0344                     u1087:
  3090     0344  0BF3               	decfsz	??_LCD_Init,f
  3091     0345  2B44               	goto	u1087
  3092     0346  0BF4               	decfsz	??_LCD_Init+1,f
  3093     0347  2B44               	goto	u1087
  3094     0348  0000               	nop
  3095     0349                     l1282:
  3096                           
  3097                           ;Nadc.c: 129:     LCD_Cmd(0x38);
  3098     0349  3038               	movlw	56
  3099     034A  120A  118A  225E  120A  118A  	fcall	_LCD_Cmd
  3100     034F                     l1284:
  3101                           
  3102                           ;Nadc.c: 130:     LCD_Cmd(0x0C);
  3103     034F  300C               	movlw	12
  3104     0350  120A  118A  225E  120A  118A  	fcall	_LCD_Cmd
  3105     0355                     l1286:
  3106                           
  3107                           ;Nadc.c: 131:     LCD_Cmd(0x06);
  3108     0355  3006               	movlw	6
  3109     0356  120A  118A  225E  120A  118A  	fcall	_LCD_Cmd
  3110     035B                     l1288:
  3111                           
  3112                           ;Nadc.c: 132:     LCD_Cmd(0x01);
  3113     035B  3001               	movlw	1
  3114     035C  120A  118A  225E  120A  118A  	fcall	_LCD_Cmd
  3115                           
  3116                           ;Nadc.c: 133:     _delay((unsigned long)((2)*(4000000/4000.0)));
  3117     0361  3003               	movlw	3
  3118     0362  00F4               	movwf	??_LCD_Init+1
  3119     0363  3097               	movlw	151
  3120     0364  00F3               	movwf	??_LCD_Init
  3121     0365                     u1097:
  3122     0365  0BF3               	decfsz	??_LCD_Init,f
  3123     0366  2B65               	goto	u1097
  3124     0367  0BF4               	decfsz	??_LCD_Init+1,f
  3125     0368  2B65               	goto	u1097
  3126     0369  2B6A               	nop2
  3127     036A                     l58:
  3128     036A  0008               	return
  3129     036B                     __end_of_LCD_Init:
  3130                           
  3131                           	psect	text18
  3132     024A                     __ptext18:	
  3133 ;; *************** function _LCD_Goto *****************
  3134 ;; Defined at:
  3135 ;;		line 169 in file "Nadc.c"
  3136 ;; Parameters:    Size  Location     Type
  3137 ;;  row             1    wreg     unsigned char 
  3138 ;;  col             1    3[COMMON] unsigned char 
  3139 ;; Auto vars:     Size  Location     Type
  3140 ;;  row             1    4[COMMON] unsigned char 
  3141 ;;  address         1    5[COMMON] unsigned char 
  3142 ;; Return value:  Size  Location     Type
  3143 ;;                  1    wreg      void 
  3144 ;; Registers used:
  3145 ;;		wreg, status,2, status,0, pclath, cstack
  3146 ;; Tracked objects:
  3147 ;;		On entry : 0/0
  3148 ;;		On exit  : 0/0
  3149 ;;		Unchanged: 0/0
  3150 ;; Data sizes:     COMMON   BANK0   BANK1   BANK3   BANK2
  3151 ;;      Params:         1       0       0       0       0
  3152 ;;      Locals:         2       0       0       0       0
  3153 ;;      Temps:          0       0       0       0       0
  3154 ;;      Totals:         3       0       0       0       0
  3155 ;;Total ram usage:        3 bytes
  3156 ;; Hardware stack levels used: 1
  3157 ;; Hardware stack levels required when called: 1
  3158 ;; This function calls:
  3159 ;;		_LCD_Cmd
  3160 ;; This function is called by:
  3161 ;;		_main
  3162 ;; This function uses a non-reentrant model
  3163 ;;
  3164                           
  3165     024A                     _LCD_Goto:	
  3166                           ;psect for function _LCD_Goto
  3167                           
  3168                           
  3169                           ;incstack = 0
  3170                           ; Regs used in _LCD_Goto: [wreg+status,2+status,0+pclath+cstack]
  3171                           ;LCD_Goto@row stored from wreg
  3172     024A  00F4               	movwf	LCD_Goto@row
  3173     024B                     l1306:
  3174                           
  3175                           ;Nadc.c: 170:     unsigned char address;;Nadc.c: 173:     if(row == 1)
  3176     024B  0374               	decf	LCD_Goto@row,w
  3177     024C  1D03               	btfss	3,2
  3178     024D  2A4F               	goto	u901
  3179     024E  2A50               	goto	u900
  3180     024F                     u901:
  3181     024F  2A54               	goto	l1310
  3182     0250                     u900:
  3183     0250                     l1308:
  3184                           
  3185                           ;Nadc.c: 174:         address = 0x80 + (col - 1);
  3186     0250  0873               	movf	LCD_Goto@col,w
  3187     0251  3E7F               	addlw	127
  3188     0252  00F5               	movwf	LCD_Goto@address
  3189     0253  2A57               	goto	l1312
  3190     0254                     l1310:
  3191                           
  3192                           ;Nadc.c: 176:         address = 0xC0 + (col - 1);
  3193     0254  0873               	movf	LCD_Goto@col,w
  3194     0255  3EBF               	addlw	191
  3195     0256  00F5               	movwf	LCD_Goto@address
  3196     0257                     l1312:
  3197                           
  3198                           ;Nadc.c: 178:     LCD_Cmd(address);
  3199     0257  0875               	movf	LCD_Goto@address,w
  3200     0258  120A  118A  225E  120A  118A  	fcall	_LCD_Cmd
  3201     025D                     l78:
  3202     025D  0008               	return
  3203     025E                     __end_of_LCD_Goto:
  3204                           
  3205                           	psect	text19
  3206     0228                     __ptext19:	
  3207 ;; *************** function _LCD_Clear *****************
  3208 ;; Defined at:
  3209 ;;		line 163 in file "Nadc.c"
  3210 ;; Parameters:    Size  Location     Type
  3211 ;;		None
  3212 ;; Auto vars:     Size  Location     Type
  3213 ;;		None
  3214 ;; Return value:  Size  Location     Type
  3215 ;;                  1    wreg      void 
  3216 ;; Registers used:
  3217 ;;		wreg, status,2, status,0, pclath, cstack
  3218 ;; Tracked objects:
  3219 ;;		On entry : 0/0
  3220 ;;		On exit  : 0/0
  3221 ;;		Unchanged: 0/0
  3222 ;; Data sizes:     COMMON   BANK0   BANK1   BANK3   BANK2
  3223 ;;      Params:         0       0       0       0       0
  3224 ;;      Locals:         0       0       0       0       0
  3225 ;;      Temps:          2       0       0       0       0
  3226 ;;      Totals:         2       0       0       0       0
  3227 ;;Total ram usage:        2 bytes
  3228 ;; Hardware stack levels used: 1
  3229 ;; Hardware stack levels required when called: 1
  3230 ;; This function calls:
  3231 ;;		_LCD_Cmd
  3232 ;; This function is called by:
  3233 ;;		_main
  3234 ;; This function uses a non-reentrant model
  3235 ;;
  3236                           
  3237     0228                     _LCD_Clear:	
  3238                           ;psect for function _LCD_Clear
  3239                           
  3240     0228                     l1294:	
  3241                           ;incstack = 0
  3242                           ; Regs used in _LCD_Clear: [wreg+status,2+status,0+pclath+cstack]
  3243                           
  3244                           
  3245                           ;Nadc.c: 164:     LCD_Cmd(0x01);
  3246     0228  3001               	movlw	1
  3247     0229  120A  118A  225E  120A  118A  	fcall	_LCD_Cmd
  3248     022E                     l1296:
  3249                           
  3250                           ;Nadc.c: 165:     _delay((unsigned long)((2)*(4000000/4000.0)));
  3251     022E  3003               	movlw	3
  3252     022F  00F4               	movwf	??_LCD_Clear+1
  3253     0230  3097               	movlw	151
  3254     0231  00F3               	movwf	??_LCD_Clear
  3255     0232                     u1107:
  3256     0232  0BF3               	decfsz	??_LCD_Clear,f
  3257     0233  2A32               	goto	u1107
  3258     0234  0BF4               	decfsz	??_LCD_Clear+1,f
  3259     0235  2A32               	goto	u1107
  3260     0236  2A37               	nop2
  3261     0237                     l73:
  3262     0237  0008               	return
  3263     0238                     __end_of_LCD_Clear:
  3264                           
  3265                           	psect	text20
  3266     025E                     __ptext20:	
  3267 ;; *************** function _LCD_Cmd *****************
  3268 ;; Defined at:
  3269 ;;		line 137 in file "Nadc.c"
  3270 ;; Parameters:    Size  Location     Type
  3271 ;;  cmd             1    wreg     unsigned char 
  3272 ;; Auto vars:     Size  Location     Type
  3273 ;;  cmd             1    2[COMMON] unsigned char 
  3274 ;; Return value:  Size  Location     Type
  3275 ;;                  1    wreg      void 
  3276 ;; Registers used:
  3277 ;;		wreg
  3278 ;; Tracked objects:
  3279 ;;		On entry : 0/0
  3280 ;;		On exit  : 0/0
  3281 ;;		Unchanged: 0/0
  3282 ;; Data sizes:     COMMON   BANK0   BANK1   BANK3   BANK2
  3283 ;;      Params:         0       0       0       0       0
  3284 ;;      Locals:         1       0       0       0       0
  3285 ;;      Temps:          2       0       0       0       0
  3286 ;;      Totals:         3       0       0       0       0
  3287 ;;Total ram usage:        3 bytes
  3288 ;; Hardware stack levels used: 1
  3289 ;; This function calls:
  3290 ;;		Nothing
  3291 ;; This function is called by:
  3292 ;;		_LCD_Init
  3293 ;;		_LCD_Clear
  3294 ;;		_LCD_Goto
  3295 ;; This function uses a non-reentrant model
  3296 ;;
  3297                           
  3298     025E                     _LCD_Cmd:	
  3299                           ;psect for function _LCD_Cmd
  3300                           
  3301                           
  3302                           ;incstack = 0
  3303                           ; Regs used in _LCD_Cmd: [wreg]
  3304                           ;LCD_Cmd@cmd stored from wreg
  3305     025E  00F2               	movwf	LCD_Cmd@cmd
  3306     025F                     l1250:
  3307                           
  3308                           ;Nadc.c: 138:     PORTAbits.RA0 = 0;
  3309     025F  1283               	bcf	3,5	;RP0=0, select bank0
  3310     0260  1303               	bcf	3,6	;RP1=0, select bank0
  3311     0261  1005               	bcf	5,0	;volatile
  3312     0262                     l1252:
  3313                           
  3314                           ;Nadc.c: 139:     PORTB = cmd;
  3315     0262  0872               	movf	LCD_Cmd@cmd,w
  3316     0263  0086               	movwf	6	;volatile
  3317     0264                     l1254:
  3318                           
  3319                           ;Nadc.c: 140:     PORTAbits.RA1 = 1;
  3320     0264  1485               	bsf	5,1	;volatile
  3321     0265                     l1256:
  3322                           
  3323                           ;Nadc.c: 141:     _delay((unsigned long)((1)*(4000000/4000000.0)));
  3324     0265  0000               	nop
  3325     0266                     l1258:
  3326                           
  3327                           ;Nadc.c: 142:     PORTAbits.RA1 = 0;
  3328     0266  1283               	bcf	3,5	;RP0=0, select bank0
  3329     0267  1303               	bcf	3,6	;RP1=0, select bank0
  3330     0268  1085               	bcf	5,1	;volatile
  3331                           
  3332                           ;Nadc.c: 143:     _delay((unsigned long)((2)*(4000000/4000.0)));
  3333     0269  3003               	movlw	3
  3334     026A  00F1               	movwf	??_LCD_Cmd+1
  3335     026B  3097               	movlw	151
  3336     026C  00F0               	movwf	??_LCD_Cmd
  3337     026D                     u1117:
  3338     026D  0BF0               	decfsz	??_LCD_Cmd,f
  3339     026E  2A6D               	goto	u1117
  3340     026F  0BF1               	decfsz	??_LCD_Cmd+1,f
  3341     0270  2A6D               	goto	u1117
  3342     0271  2A72               	nop2
  3343     0272                     l61:
  3344     0272  0008               	return
  3345     0273                     __end_of_LCD_Cmd:
  3346                           
  3347                           	psect	text21
  3348     0319                     __ptext21:	
  3349 ;; *************** function _ADC_Read *****************
  3350 ;; Defined at:
  3351 ;;		line 103 in file "Nadc.c"
  3352 ;; Parameters:    Size  Location     Type
  3353 ;;  channel         1    wreg     unsigned char 
  3354 ;; Auto vars:     Size  Location     Type
  3355 ;;  channel         1    5[COMMON] unsigned char 
  3356 ;;  result          2    3[COMMON] unsigned int 
  3357 ;; Return value:  Size  Location     Type
  3358 ;;                  2    0[COMMON] unsigned int 
  3359 ;; Registers used:
  3360 ;;		wreg, status,2, status,0
  3361 ;; Tracked objects:
  3362 ;;		On entry : 0/0
  3363 ;;		On exit  : 0/0
  3364 ;;		Unchanged: 0/0
  3365 ;; Data sizes:     COMMON   BANK0   BANK1   BANK3   BANK2
  3366 ;;      Params:         2       0       0       0       0
  3367 ;;      Locals:         3       0       0       0       0
  3368 ;;      Temps:          1       0       0       0       0
  3369 ;;      Totals:         6       0       0       0       0
  3370 ;;Total ram usage:        6 bytes
  3371 ;; Hardware stack levels used: 1
  3372 ;; This function calls:
  3373 ;;		Nothing
  3374 ;; This function is called by:
  3375 ;;		_main
  3376 ;; This function uses a non-reentrant model
  3377 ;;
  3378                           
  3379     0319                     _ADC_Read:	
  3380                           ;psect for function _ADC_Read
  3381                           
  3382                           
  3383                           ;incstack = 0
  3384                           ; Regs used in _ADC_Read: [wreg+status,2+status,0]
  3385                           ;ADC_Read@channel stored from wreg
  3386     0319  00F5               	movwf	ADC_Read@channel
  3387     031A                     l1314:
  3388                           
  3389                           ;Nadc.c: 104:     unsigned int result;;Nadc.c: 108:     ADCON0 &= 0b11000111;
  3390     031A  30C7               	movlw	199
  3391     031B  1283               	bcf	3,5	;RP0=0, select bank0
  3392     031C  1303               	bcf	3,6	;RP1=0, select bank0
  3393     031D  059F               	andwf	31,f	;volatile
  3394                           
  3395                           ;Nadc.c: 109:     ADCON0 |= (channel << 3);
  3396     031E  0875               	movf	ADC_Read@channel,w	;volatile
  3397     031F  00F2               	movwf	??_ADC_Read
  3398     0320  3002               	movlw	2
  3399     0321                     u915:
  3400     0321  1003               	clrc
  3401     0322  0DF2               	rlf	??_ADC_Read,f
  3402     0323  3EFF               	addlw	-1
  3403     0324  1D03               	skipz
  3404     0325  2B21               	goto	u915
  3405     0326  1003               	clrc
  3406     0327  0D72               	rlf	??_ADC_Read,w
  3407     0328  049F               	iorwf	31,f	;volatile
  3408     0329                     l1316:
  3409                           
  3410                           ;Nadc.c: 111:     _delay((unsigned long)((20)*(4000000/4000000.0)));
  3411     0329  3006               	movlw	6
  3412     032A  00F2               	movwf	??_ADC_Read
  3413     032B                     u1127:
  3414     032B  0BF2               	decfsz	??_ADC_Read,f
  3415     032C  2B2B               	goto	u1127
  3416     032D  0000               	nop
  3417     032E                     l1318:
  3418                           
  3419                           ;Nadc.c: 114:     GO_nDONE = 1;
  3420     032E  1283               	bcf	3,5	;RP0=0, select bank0
  3421     032F  1303               	bcf	3,6	;RP1=0, select bank0
  3422     0330  151F               	bsf	31,2	;volatile
  3423     0331                     l52:	
  3424                           ;Nadc.c: 117:     while(GO_nDONE);
  3425                           
  3426     0331  191F               	btfsc	31,2	;volatile
  3427     0332  2B34               	goto	u921
  3428     0333  2B35               	goto	u920
  3429     0334                     u921:
  3430     0334  2B31               	goto	l52
  3431     0335                     u920:
  3432     0335                     l1320:
  3433                           
  3434                           ;Nadc.c: 120:     result = (ADRESH << 8) | ADRESL;
  3435     0335  081E               	movf	30,w	;volatile
  3436     0336  00F4               	movwf	ADC_Read@result+1
  3437     0337  1683               	bsf	3,5	;RP0=1, select bank1
  3438     0338  1303               	bcf	3,6	;RP1=0, select bank1
  3439     0339  081E               	movf	30,w	;volatile
  3440     033A  00F3               	movwf	ADC_Read@result
  3441                           
  3442                           ;Nadc.c: 122:     return result;
  3443     033B  0874               	movf	ADC_Read@result+1,w
  3444     033C  00F1               	movwf	?_ADC_Read+1
  3445     033D  0873               	movf	ADC_Read@result,w
  3446     033E  00F0               	movwf	?_ADC_Read
  3447     033F                     l55:
  3448     033F  0008               	return
  3449     0340                     __end_of_ADC_Read:
  3450                           
  3451                           	psect	text22
  3452     0238                     __ptext22:	
  3453 ;; *************** function _ADC_Init *****************
  3454 ;; Defined at:
  3455 ;;		line 81 in file "Nadc.c"
  3456 ;; Parameters:    Size  Location     Type
  3457 ;;		None
  3458 ;; Auto vars:     Size  Location     Type
  3459 ;;		None
  3460 ;; Return value:  Size  Location     Type
  3461 ;;                  1    wreg      void 
  3462 ;; Registers used:
  3463 ;;		wreg
  3464 ;; Tracked objects:
  3465 ;;		On entry : 0/0
  3466 ;;		On exit  : 0/0
  3467 ;;		Unchanged: 0/0
  3468 ;; Data sizes:     COMMON   BANK0   BANK1   BANK3   BANK2
  3469 ;;      Params:         0       0       0       0       0
  3470 ;;      Locals:         0       0       0       0       0
  3471 ;;      Temps:          2       0       0       0       0
  3472 ;;      Totals:         2       0       0       0       0
  3473 ;;Total ram usage:        2 bytes
  3474 ;; Hardware stack levels used: 1
  3475 ;; This function calls:
  3476 ;;		Nothing
  3477 ;; This function is called by:
  3478 ;;		_main
  3479 ;; This function uses a non-reentrant model
  3480 ;;
  3481                           
  3482     0238                     _ADC_Init:	
  3483                           ;psect for function _ADC_Init
  3484                           
  3485     0238                     l1290:	
  3486                           ;incstack = 0
  3487                           ; Regs used in _ADC_Init: [wreg]
  3488                           
  3489                           
  3490                           ;Nadc.c: 89:     ADCON0 = 0b01000001;
  3491     0238  3041               	movlw	65
  3492     0239  1283               	bcf	3,5	;RP0=0, select bank0
  3493     023A  1303               	bcf	3,6	;RP1=0, select bank0
  3494     023B  009F               	movwf	31	;volatile
  3495                           
  3496                           ;Nadc.c: 97:     ADCON1 = 0b10001110;
  3497     023C  308E               	movlw	142
  3498     023D  1683               	bsf	3,5	;RP0=1, select bank1
  3499     023E  1303               	bcf	3,6	;RP1=0, select bank1
  3500     023F  009F               	movwf	31	;volatile
  3501     0240                     l1292:
  3502                           
  3503                           ;Nadc.c: 99:     _delay((unsigned long)((20)*(4000000/4000.0)));
  3504     0240  301A               	movlw	26
  3505     0241  00F1               	movwf	??_ADC_Init+1
  3506     0242  30F8               	movlw	248
  3507     0243  00F0               	movwf	??_ADC_Init
  3508     0244                     u1137:
  3509     0244  0BF0               	decfsz	??_ADC_Init,f
  3510     0245  2A44               	goto	u1137
  3511     0246  0BF1               	decfsz	??_ADC_Init+1,f
  3512     0247  2A44               	goto	u1137
  3513     0248  0000               	nop
  3514     0249                     l49:
  3515     0249  0008               	return
  3516     024A                     __end_of_ADC_Init:
  3517     0002                     ___latbits      equ	2
  3518     007E                     btemp           set	126	;btemp
  3519     007E                     btemp0          set	126
  3520     007F                     btemp1          set	127
  3521     007E                     wtemp0          set	126
  3522     007F                     wtemp0a         set	127
  3523     007F                     ttemp0a         set	127
  3524     0080                     ltemp0a         set	128
  3525                           
  3526                           	psect	config
  3527                           
  3528                           ;Config register CONFIG @ 0x2007
  3529                           ;	Oscillator Selection bits
  3530                           ;	FOSC = XT, XT oscillator
  3531                           ;	Watchdog Timer Enable bit
  3532                           ;	WDTE = OFF, WDT disabled
  3533                           ;	Power-up Timer Enable bit
  3534                           ;	PWRTE = OFF, PWRT disabled
  3535                           ;	Brown-out Reset Enable bit
  3536                           ;	BOREN = ON, BOR enabled
  3537                           ;	Low-Voltage (Single-Supply) In-Circuit Serial Programming Enable bit
  3538                           ;	LVP = OFF, RB3 is digital I/O, HV on MCLR must be used for programming
  3539                           ;	Data EEPROM Memory Code Protection bit
  3540                           ;	CPD = OFF, Data EEPROM code protection off
  3541                           ;	Flash Program Memory Write Enable bits
  3542                           ;	WRT = OFF, Write protection off; all program memory may be written to by EECON control
  3543                           ;	In-Circuit Debugger Mode bit
  3544                           ;	DEBUG = 0x1, unprogrammed default
  3545                           ;	Flash Program Memory Code Protection bit
  3546                           ;	CP = OFF, Code protection off
  3547     2007                     	org	8199
  3548     2007  3F79               	dw	16249

Data Sizes:
    Strings     58
    Constant    0
    Data        0
    BSS         37
    Persistent  0
    Stack       0

Auto Spaces:
    Space          Size  Autos    Used
    COMMON           14     14      14
    BANK0            80     80      80
    BANK1            80      0      37
    BANK3            96      0       0
    BANK2            96      0       0

Pointer List with Targets:

    f$.$buffer	PTR unsigned char  size(2) Largest target is 16
		 -> main@buffer(BANK0[16]), 

    f$.$source	PTR const unsigned char  size(1) Largest target is 0

    fputc@fp	PTR struct _IO_FILE size(2) Largest target is 11
		 -> sprintf@f(BANK0[11]), 

    fputc@fp$.$buffer	PTR unsigned char  size(2) Largest target is 16
		 -> main@buffer(BANK0[16]), 

    fputc@fp$.$source	PTR const unsigned char  size(1) Largest target is 0

    fputs@fp	PTR struct _IO_FILE size(2) Largest target is 11
		 -> sprintf@f(BANK0[11]), 

    fputs@s	PTR const unsigned char  size(1) Largest target is 32
		 -> dbuf(BANK1[32]), 

    LCD_String@str	PTR const unsigned char  size(2) Largest target is 17
		 -> main@buffer(BANK0[16]), STR_1(CODE[17]), STR_2(CODE[17]), STR_3(CODE[5]), 
		 -> STR_4(CODE[4]), 

    pad@buf	PTR unsigned char  size(1) Largest target is 32
		 -> dbuf(BANK1[32]), 

    pad@fp	PTR struct _IO_FILE size(2) Largest target is 11
		 -> sprintf@f(BANK0[11]), 

    read_prec_or_width@ap	PTR PTR void [1] size(1) Largest target is 1
		 -> sprintf@ap(BANK0[1]), 

    read_prec_or_width@fmt	PTR PTR const unsigned char  size(1) Largest target is 1
		 -> vfprintf@cfmt(BANK0[1]), 

    S571$buffer	PTR unsigned char  size(2) Largest target is 16
		 -> main@buffer(BANK0[16]), 

    S571$source	PTR const unsigned char  size(1) Largest target is 0

    sprintf@ap	PTR void [1] size(1) Largest target is 2
		 -> ?_sprintf(BANK0[2]), 

    sprintf@fmt	PTR const unsigned char  size(1) Largest target is 8
		 -> STR_5(CODE[7]), STR_6(CODE[8]), 

    sprintf@s	PTR unsigned char  size(1) Largest target is 16
		 -> main@buffer(BANK0[16]), 

    utoa@fp	PTR struct _IO_FILE size(2) Largest target is 11
		 -> sprintf@f(BANK0[11]), 

    vfpfcnvrt@ap	PTR PTR void  size(1) Largest target is 1
		 -> sprintf@ap(BANK0[1]), 

    vfpfcnvrt@cp	PTR unsigned char  size(1) Largest target is 8
		 -> STR_5(CODE[7]), STR_6(CODE[8]), 

    vfpfcnvrt@fmt	PTR PTR unsigned char  size(1) Largest target is 1
		 -> vfprintf@cfmt(BANK0[1]), 

    vfpfcnvrt@fp	PTR struct _IO_FILE size(2) Largest target is 11
		 -> sprintf@f(BANK0[11]), 

    vfprintf@ap	PTR PTR void  size(1) Largest target is 1
		 -> sprintf@ap(BANK0[1]), 

    vfprintf@cfmt	PTR unsigned char  size(1) Largest target is 8
		 -> STR_5(CODE[7]), STR_6(CODE[8]), 

    vfprintf@fmt	PTR const unsigned char  size(1) Largest target is 8
		 -> STR_5(CODE[7]), STR_6(CODE[8]), 

    vfprintf@fp	PTR struct _IO_FILE size(2) Largest target is 11
		 -> sprintf@f(BANK0[11]), 


Critical Paths under _main in COMMON

    _main->___lldiv
    _utoa->_pad
    _pad->_fputc
    _fputs->_fputc
    _read_prec_or_width->___wmul
    ___lldiv->___lmul
    _LCD_String->_LCD_Data
    _LCD_Init->_LCD_Cmd
    _LCD_Goto->_LCD_Cmd
    _LCD_Clear->_LCD_Cmd

Critical Paths under _main in BANK0

    _main->_sprintf
    _sprintf->_vfprintf
    _vfprintf->_vfpfcnvrt
    _vfpfcnvrt->_utoa
    _utoa->_pad
    _pad->_fputs

Critical Paths under _main in BANK1

    None.

Critical Paths under _main in BANK3

    None.

Critical Paths under _main in BANK2

    None.

Call Graph Tables:

 ---------------------------------------------------------------------------------
 (Depth) Function   	        Calls       Base Space   Used Autos Params    Refs
 ---------------------------------------------------------------------------------
 (0) _main                                                23    23      0    3242
                                             57 BANK0     23    23      0
                           _ADC_Init
                           _ADC_Read
                          _LCD_Clear
                           _LCD_Goto
                           _LCD_Init
                         _LCD_String
                            ___lldiv
                             ___lmul
                            _sprintf
 ---------------------------------------------------------------------------------
 (1) _sprintf                                             19    15      4    2502
                                             40 BANK0     17    13      4
                           _vfprintf
 ---------------------------------------------------------------------------------
 (2) _vfprintf                                             5     1      4    2297
                                             35 BANK0      5     1      4
                          _vfpfcnvrt
 ---------------------------------------------------------------------------------
 (3) _vfpfcnvrt                                           13     9      4    2166
                                             24 BANK0     11     7      4
                              _fputc
                 _read_prec_or_width
                               _utoa
 ---------------------------------------------------------------------------------
 (4) _utoa                                                 9     5      4    1301
                                             15 BANK0      9     5      4
                            ___lwdiv
                            ___lwmod
                                _pad
 ---------------------------------------------------------------------------------
 (5) _pad                                                  8     3      5     747
                                             13 COMMON     1     1      0
                                              8 BANK0      7     2      5
                              _fputc
                              _fputs
 ---------------------------------------------------------------------------------
 (6) _fputs                                                8     5      3     333
                                              0 BANK0      8     5      3
                              _fputc
 ---------------------------------------------------------------------------------
 (7) _fputc                                               13     9      4     232
                                              0 COMMON    13     9      4
                              _putch
 ---------------------------------------------------------------------------------
 (8) _putch                                                1     1      0       0
 ---------------------------------------------------------------------------------
 (5) ___lwmod                                              5     1      4     161
                                              0 COMMON     5     1      4
 ---------------------------------------------------------------------------------
 (5) ___lwdiv                                              7     3      4     164
                                              0 COMMON     7     3      4
 ---------------------------------------------------------------------------------
 (4) _read_prec_or_width                                   5     3      2     276
                                              6 COMMON     5     3      2
                             ___wmul
 ---------------------------------------------------------------------------------
 (5) ___wmul                                               6     2      4      94
                                              0 COMMON     6     2      4
 ---------------------------------------------------------------------------------
 (1) ___lmul                                              13     5      8      94
                                              0 COMMON    13     5      8
 ---------------------------------------------------------------------------------
 (1) ___lldiv                                             14     6      8     164
                                             13 COMMON     1     1      0
                                              0 BANK0     13     5      8
                             ___lmul (ARG)
 ---------------------------------------------------------------------------------
 (1) _LCD_String                                           2     0      2      80
                                              3 COMMON     2     0      2
                           _LCD_Data
 ---------------------------------------------------------------------------------
 (2) _LCD_Data                                             3     3      0      29
                                              0 COMMON     3     3      0
 ---------------------------------------------------------------------------------
 (1) _LCD_Init                                             2     2      0      29
                                              3 COMMON     2     2      0
                            _LCD_Cmd
 ---------------------------------------------------------------------------------
 (1) _LCD_Goto                                             3     2      1     130
                                              3 COMMON     3     2      1
                            _LCD_Cmd
 ---------------------------------------------------------------------------------
 (1) _LCD_Clear                                            2     2      0      29
                                              3 COMMON     2     2      0
                            _LCD_Cmd
 ---------------------------------------------------------------------------------
 (2) _LCD_Cmd                                              3     3      0      29
                                              0 COMMON     3     3      0
 ---------------------------------------------------------------------------------
 (1) _ADC_Read                                             6     4      2      52
                                              0 COMMON     6     4      2
 ---------------------------------------------------------------------------------
 (1) _ADC_Init                                             2     2      0       0
                                              0 COMMON     2     2      0
 ---------------------------------------------------------------------------------
 Estimated maximum stack depth 8
 ---------------------------------------------------------------------------------

 Call Graph Graphs:

 _main (ROOT)
   _ADC_Init
   _ADC_Read
   _LCD_Clear
     _LCD_Cmd
   _LCD_Goto
     _LCD_Cmd
   _LCD_Init
     _LCD_Cmd
   _LCD_String
     _LCD_Data
   ___lldiv
     ___lmul (ARG)
   ___lmul
   _sprintf
     _vfprintf
       _vfpfcnvrt
         _fputc
           _putch
         _read_prec_or_width
           ___wmul
         _utoa
           ___lwdiv
           ___lwmod
           _pad
             _fputc
             _fputs
               _fputc

Address spaces:
Name               Size   Autos  Total    Usage
BITCOMMON           14      0       0      0.0%
BITBANK0            80      0       0      0.0%
BITBANK1            80      0       0      0.0%
BITBANK3            96      0       0      0.0%
BITBANK2            96      0       0      0.0%
COMMON              14     14      14    100.0%
BANK0               80     80      80    100.0%
BANK1               80      0      37     46.2%
BANK3               96      0       0      0.0%
BANK2               96      0       0      0.0%
STACK                0      0       0      0.0%
DATA                 0      0     131      0.0%


Microchip Technology PIC Macro Assembler V3.10 build 20250813170317 
Symbol Table                                                                                   Sun Nov 23 11:04:48 2025

                         pc 0002                          l52 0331                          l61 0272  
                        l70 0318                          l55 033F                          l64 0287  
                        l49 0249                          l73 0237                          l58 036A  
                        l78 025D                          fsr 0004         ___wmul@multiplicand 0072  
               ?_LCD_String 0073                         l200 0565                         l164 02DA  
                       l166 02F2                         l178 0455                         l444 040F  
                       l454 03CD                         l703 0395                         l706 021F  
                       l650 04FF                         l627 02CD                         l645 04C4  
                       l648 04EC                         l666 04A8                         l658 05D6  
                       l683 02AA                         l676 070B                         l695 0670  
                       u530 05DD                         u531 05DC                         u620 02EE  
                       u700 039C                         u540 05E3                         u621 02ED  
                       u605 02DB                         u701 039B                         u541 05E2  
                       u630 03D6                         u550 0602                         u615 02E2  
                       u631 03D5                         u551 0601                         u720 03AC  
                       u560 0634                         u800 05BB                         u721 03AB  
                       u561 0633                         u801 05BA                         u650 03E6  
                       u730 03B6                         u570 0655                         u810 05C1  
                       u651 03E5                         u731 03B5                         u715 03A0  
                       u811 05C0                         u900 0250                         u580 0395  
                       u820 05C6                         u901 024F                         u645 03DA  
                       u565 0630                         u581 0394                         u821 05C5  
                       u590 02D4                         u830 0467                         u670 03F7  
                       u750 03C9                         u591 02D3                         u831 0466  
                       u671 03F6                         u751 03C8                         u735 03B2  
                       u920 0335                         u840 04A4                         u760 04AF  
                       u921 0334                         u841 04A3                         u665 03E7  
                       u745 03BD                         u761 04AE                         u930 041C  
                       u690 040B                         u770 04C2                         u850 0682  
                       u915 0321                         u931 041B                         u691 040A  
                       u675 03F3                         u771 04C1                         u851 0681  
                       u780 04EC                         u860 06A5                         u941 0425  
                       u685 03FF                         u781 04EB                         u861 06A4  
                       u942 042C                         u790 04F2                         u870 06BE  
                       u943 0433                         u791 04F1                         u871 06BD  
                       u880 02A8                         u785 04E8                         u881 02A7  
                       u890 0318                         u970 044D                         u891 0317  
                       u971 044C                         u955 0435                         u980 0512  
                       u981 0511                         u965 043D                         u995 0517  
                       _pad 04A9                         fsr0 0004                         indf 0000  
           LCD_Goto@address 0075             __end_of_LCD_Cmd 0273                        l1100 03CE  
                      l1110 03E2                        l1102 03D0                        l1200 048E  
                      l1120 0405                        l1112 03E6                        l1104 03D6  
                      l1202 0493                        l1114 03F7                        l1106 03D9  
                      l1122 040B                        l1130 039F                        l1210 0682  
                      l1300 02F4                        l1204 04A4                        l1116 03FD  
                      l1108 03E0                        l1140 03BC                        l1132 03A6  
                      l1220 06A5                        l1212 0686                        l1310 0254  
                      l1302 0302                        l1118 03FE                        l1142 03C3  
                      l1134 03A8                        l1126 0396                        l1070 05EA  
                      l1150 04AF                        l1230 06CB                        l1222 06A6  
                      l1214 068C                        l1320 0335                        l1312 0257  
                      l1304 0308                        l1136 03AC                        l1128 039C  
                      l1144 03C9                        l1072 0602                        l1064 05D7  
                      l1080 0370                        l1160 04DE                        l1152 04BC  
                      l1232 06D1                        l1240 06EA                        l1224 06AB  
                      l1216 0690                        l1208 0671                        l1400 0760  
                      l1314 031A                        l1250 025F                        l1306 024B  
                      l1090 02D4                        l1138 03B6                        l1074 0634  
                      l1066 05DD                        l1082 0380                        l1162 04F2  
                      l1154 04C2                        l1170 057E                        l1226 06B2  
                      l1218 06A1                        l1330 02B5                        l1410 07BC  
                      l1402 0769                        l1316 0329                        l1252 0262  
                      l1308 0250                        l1260 0274                        l1340 0418  
                      l1092 02E1                        l1068 05E3                        l1084 0388  
                      l1156 04C7                        l1148 04A9                        l1172 0584  
                      l1180 05B4                        l1164 0566                        l1228 06BE  
                      l1244 06F2                        l1332 02B7                        l1324 02AB  
                      l1412 07C5                        l1404 0775                        l1318 032E  
                      l1254 0264                        l1262 0277                        l1342 041C  
                      l1094 02E8                        l1086 02CE                        l1190 0456  
                      l1078 036B                        l1158 04D6                        l1182 05BB  
                      l1174 0598                        l1166 056A                        l1238 06DF  
                      l1270 0288                        l1334 02C4                        l1326 02AF  
                      l1414 07CD                        l1406 07A5                        l1256 0265  
                      l1280 0340                        l1264 0279                        l1360 0524  
                      l1352 0500                        l1344 0433                        l1096 02EE  
                      l1088 02D0                        l1192 0458                        l1184 05C1  
                      l1176 059B                        l1168 057A                        l1272 028D  
                      l1328 02B3                        l1416 07DC                        l1408 07AD  
                      l1290 0238                        l1258 0266                        l1282 0349  
                      l1266 027A                        l1370 0557                        l1362 052D  
                      l1354 0512                        l1346 043C                        l1338 0410  
                      l1194 0467                        l1186 05C6                        l1178 05A1  
                      l1274 029A                        l1418 07E5                        l1292 0240  
                      l1284 034F                        l1268 027B                        l1364 053F  
                      l1356 0515                        l1372 055D                        l1348 044D  
                      l1196 046B                        l1276 02A8                        l1380 0713  
                      l1294 0228                        l1286 0355                        l1366 054D  
                      l1358 0520                        l1198 0479                        l1390 0733  
                      l1382 0718                        l1296 022E                        l1288 035B  
                      l1368 054E                        l1392 073C                        l1384 071D  
                      l1376 070C                        l1298 02F3                        l1394 074A  
                      l1386 0722                        l1378 0710                        l1396 074F  
                      l1388 072B                        l1398 0758                        ?_pad 0028  
                      STR_1 0024                        STR_2 0013                        STR_3 0044  
                      STR_4 0049                        STR_5 003D                        STR_6 0035  
                      u1000 0524                        u1001 0523                        u1020 053F  
                      u1021 053E                        u1015 0526                        u1040 055D  
                      u1041 055C                        u1025 053B                        u1107 0232  
                      u1035 054F                        u1117 026D                        u1127 032B  
                      u1137 0244                        u1057 0744                        u1067 07EB  
                      u1077 0282                        u1087 0344                        u1097 0365  
                      _dbuf 00A5                        _main 070C                        _prec 00A2  
                      pad@i 002D                        pad@p 002B                        btemp 007E  
                      _utoa 0566            __end_of_ADC_Init 024A            __end_of_ADC_Read 0340  
                      start 0000                 LCD_Goto@col 0073                 LCD_Goto@row 0074  
                     ??_pad 007D            __end_of_LCD_Data 0288            __end_of_LCD_Init 036B  
          __end_of_LCD_Goto 025E                LCD_Data@data 0072                       ?_main 0070  
           __end_of___lldiv 0566                       ?_utoa 002F             __end_of___lwdiv 0410  
           __end_of___lwmod 03CE                vfpfcnvrt@fmt 003A                       _PORTB 0006  
                     _TRISA 0085                       _TRISB 0086                       _TRISC 0087  
       ___lmul@multiplicand 0074                       _flags 00A4         read_prec_or_width@c 0078  
       read_prec_or_width@n 0079                       _fputc 05D7                       _fputs 036B  
                     btemp0 007E                       pad@fp 0028                       btemp1 007F  
                     _width 00A0                       _putch 021F                       pclath 000A  
                     utoa@d 0031                       utoa@i 0036                       utoa@p 0035  
                     utoa@w 0033                       status 0003                       wtemp0 007E  
           __end_of_sprintf 02CE               main@adc_value 006E             __initialization 07F3  
              __end_of_main 07F3                __end_of_utoa 05D7                      ??_main 0059  
                    ??_utoa 007E           __end_of_LCD_Clear 0238                   ??_LCD_Cmd 0070  
__end_of_read_prec_or_width 04A9                      _ADCON0 001F                      _ADCON1 009F  
                    ?_fputc 0070                      ?_fputs 0020                      _ADRESH 001E  
                    _ADRESL 009E                      ?_putch 0070                vfprintf@cfmt 0047  
                    ___lmul 0410                      ___wmul 02CE                   ??___lldiv 007D  
                 ??___lwdiv 0074                   ??___lwmod 0074             ADC_Read@channel 0075  
      read_prec_or_width@ap 0077                      pad@buf 002A                      fputc@c 0070  
                    fputs@c 0025                      fputs@i 0026                      fputs@s 0020  
                    ltemp0a 0080                   ?_ADC_Init 0070                   ?_ADC_Read 0070  
                    putch@c 0070                      ttemp0a 007F            __end_of_vfprintf 02AB  
                    utoa@fp 002F                   ??_sprintf 004C                      wtemp0a 007F  
                 ?_LCD_Data 0070     __end_of__initialization 07FC                   ?_LCD_Init 0070  
                 ?_LCD_Goto 0073              __pcstackCOMMON 0070               __end_of_fputc 0671  
             __end_of_fputs 0396               __end_of_putch 0220                ??_LCD_String 0075  
                ??_ADC_Init 0070                  ??_ADC_Read 0072                     ??_fputc 0074  
                   ??_fputs 0023                     ??_putch 0070                  __pbssBANK1 00A0  
                ??_LCD_Data 0070                  ??_LCD_Init 0073                  ??_LCD_Goto 0074  
        __end_of_LCD_String 0319                  __pmaintext 070C                     ?___lmul 0070  
                   ?___wmul 0070              ___lmul@product 0079                     _LCD_Cmd 025E  
                __stringtab 0003               LCD_String@str 0073              main@millivolts 006C  
                   ___lldiv 0500                     ___lwdiv 03CE                     ___lwmod 0396  
                 ?_vfprintf 0043                     __ptext1 02AB                     __ptext2 0288  
                   __ptext3 0671                     __ptext4 0566                     __ptext5 04A9  
                   __ptext6 036B                     __ptext7 05D7                     __ptext8 021F  
                   __ptext9 0396       read_prec_or_width@fmt 0076                   _LCD_Clear 0228  
                   _sprintf 02AB                     clrloop0 0221        end_of_initialization 07FC  
                   fputc@fp 0072                     fputs@fp 0021          _read_prec_or_width 0456  
           ___lldiv@divisor 0020             ___lldiv@counter 002C           __end_of_vfpfcnvrt 070C  
       ?_read_prec_or_width 0076            vfpfcnvrt@convarg 003E                  ??_vfprintf 007E  
                 _PORTAbits 0005                  ?_LCD_Clear 0070        ??_read_prec_or_width 0078  
                LCD_Cmd@cmd 0072                  main@buffer 005C              __end_of___lmul 0456  
               vfpfcnvrt@ap 003B                 vfpfcnvrt@cp 0042                 vfpfcnvrt@fp 0038  
            __end_of___wmul 02F3         start_initialization 07F3                 __end_of_pad 0500  
               vfprintf@fmt 0045                    ??___lmul 0078                    ??___wmul 0074  
            ADC_Read@result 0073                    ?_LCD_Cmd 0070                   ___latbits 0002  
             __pcstackBANK0 0020                 ??_LCD_Clear 0073            ___lwdiv@dividend 0072  
                  ?___lldiv 0020                    ?___lwdiv 0070                    ?___lwmod 0070  
                 __pstrings 0003                    _ADC_Init 0238                    _ADC_Read 0319  
          ___lwdiv@quotient 0074                    ?_sprintf 0048                    _LCD_Data 0273  
                  _LCD_Init 0340                    _LCD_Goto 024A              ___wmul@product 0074  
                 clear_ram0 0220                    _GO_nDONE 00FA                   _vfpfcnvrt 0671  
               __stringbase 0012           ___wmul@multiplier 0070           ___lmul@multiplier 0070  
                vfprintf@ap 0046                  vfprintf@fp 0043                  ?_vfpfcnvrt 0038  
        __end_of__stringtab 0013                  sprintf@fmt 0049             ___lwdiv@divisor 0070  
           ___lwdiv@counter 0076                    __ptext10 03CE                    __ptext11 0456  
                  __ptext20 025E                    __ptext12 02CE                    __ptext21 0319  
                  __ptext13 0410                    __ptext22 0238                    __ptext14 0500  
                  __ptext15 02F3                    __ptext16 0273                    __ptext17 0340  
                  __ptext18 024A                    __ptext19 0228                    _vfprintf 0288  
                _LCD_String 02F3                   sprintf@ap 004D            ___lwmod@dividend 0072  
          ___lldiv@dividend 0024                   stringcode 000D                 ??_vfpfcnvrt 003C  
                  sprintf@f 004E                    sprintf@s 0048            ___lldiv@quotient 0028  
           ___lwmod@divisor 0070             ___lwmod@counter 0074                    stringdir 000D  
                  stringtab 0003  
