

Microchip MPLAB XC8 Assembler V3.10 build 20250813170317 
                                                                                               Sun Nov  9 02:20:18 2025

Microchip MPLAB XC8 C Compiler v3.10 (Free license) build 20250813170317 Og1 
     1                           	processor	16F877A
     2                           	pagewidth 120
     3                           	opt	flic
     4                           	psect	strings,global,class=STRING,space=0,delta=2,noexec
     5                           	psect	cinit,global,class=CODE,space=0,merge=1,delta=2
     6                           	psect	bssBANK0,global,class=BANK0,space=1,delta=1,noexec
     7                           	psect	bssBANK1,global,class=BANK1,space=1,delta=1,noexec
     8                           	psect	clrtext,global,class=CODE,space=0,delta=2
     9                           	psect	cstackBANK1,global,class=BANK1,space=1,delta=1,noexec
    10                           	psect	cstackCOMMON,global,class=COMMON,space=1,delta=1,noexec
    11                           	psect	cstackBANK0,global,class=BANK0,space=1,delta=1,noexec
    12                           	psect	maintext,global,class=CODE,space=0,split=1,delta=2
    13                           	psect	text1,local,class=CODE,space=0,merge=1,delta=2,group=3
    14                           	psect	text2,local,class=CODE,space=0,merge=1,delta=2,group=1
    15                           	psect	text3,local,class=CODE,space=0,merge=1,delta=2,group=1
    16                           	psect	text4,local,class=CODE,space=0,merge=1,delta=2,group=1
    17                           	psect	text5,local,class=CODE,space=0,merge=1,delta=2,group=1
    18                           	psect	text6,local,class=CODE,space=0,merge=1,delta=2,group=3
    19                           	psect	text7,local,class=CODE,space=0,merge=1,delta=2,group=3
    20                           	psect	text8,local,class=CODE,space=0,merge=1,delta=2,group=3
    21                           	psect	text9,local,class=CODE,space=0,merge=1,delta=2,group=2
    22                           	psect	text10,local,class=CODE,space=0,merge=1,delta=2,group=2
    23                           	psect	text11,local,class=CODE,space=0,merge=1,delta=2,group=1
    24                           	psect	text12,local,class=CODE,space=0,merge=1,delta=2,group=2
    25                           	psect	text13,local,class=CODE,space=0,merge=1,delta=2
    26                           	psect	text14,local,class=CODE,space=0,merge=1,delta=2
    27                           	psect	text15,local,class=CODE,space=0,merge=1,delta=2
    28                           	psect	text16,local,class=CODE,space=0,merge=1,delta=2
    29                           	psect	text17,local,class=CODE,space=0,merge=1,delta=2
    30                           	psect	text18,local,class=CODE,space=0,merge=1,delta=2
    31                           	psect	text19,local,class=CODE,space=0,merge=1,delta=2,group=2
    32                           	psect	text20,local,class=CODE,space=0,merge=1,delta=2,group=2
    33                           	dabs	1,0x7E,2
    34     0000                     
    35                           ; Generated 12/10/2023 GMT
    36                           ; 
    37                           ; Copyright © 2023, Microchip Technology Inc. and its subsidiaries ("Microchip")
    38                           ; All rights reserved.
    39                           ; 
    40                           ; This software is developed by Microchip Technology Inc. and its subsidiaries ("Microch
      +                          ip").
    41                           ; 
    42                           ; Redistribution and use in source and binary forms, with or without modification, are
    43                           ; permitted provided that the following conditions are met:
    44                           ; 
    45                           ;     1. Redistributions of source code must retain the above copyright notice, this lis
      +                          t of
    46                           ;        conditions and the following disclaimer.
    47                           ; 
    48                           ;     2. Redistributions in binary form must reproduce the above copyright notice, this 
      +                          list
    49                           ;        of conditions and the following disclaimer in the documentation and/or other
    50                           ;        materials provided with the distribution. Publication is not required when
    51                           ;        this file is used in an embedded application.
    52                           ; 
    53                           ;     3. Microchip's name may not be used to endorse or promote products derived from th
      +                          is
    54                           ;        software without specific prior written permission.
    55                           ; 
    56                           ; THIS SOFTWARE IS PROVIDED BY MICROCHIP "AS IS" AND ANY EXPRESS OR IMPLIED WARRANTIES,
    57                           ; INCLUDING, BUT NOT LIMITED TO, THE IMPLIED WARRANTIES OF MERCHANTABILITY AND FITNESS F
      +                          OR
    58                           ; PURPOSE ARE DISCLAIMED.  IN NO EVENT SHALL MICROCHIP BE LIABLE FOR ANY DIRECT, INDIREC
      +                          T,
    59                           ; INCIDENTAL, SPECIAL, EXEMPLARY, OR CONSEQUENTIAL DAMAGES (INCLUDING BUT NOT LIMITED TO
    60                           ; PROCUREMENT OF SUBSTITUTE GOODS OR SERVICES; LOSS OF USE, DATA OR PROFITS; OR BUSINESS
    61                           ; INTERRUPTION) HOWSOEVER CAUSED AND ON ANY THEORY OF LIABILITY, WHETHER IN CONTRACT, ST
      +                          RICT
    62                           ; LIABILITY, OR TORT (INCLUDING NEGLIGENCE OR OTHERWISE) ARISING IN ANY WAY OUT OF THE U
      +                          SE OF
    63                           ; THIS SOFTWARE, EVEN IF ADVISED OF THE POSSIBILITY OF SUCH DAMAGE.
    64                           ; 
    65                           ; 
    66                           ; Code-generator required, PIC16F877A Definitions
    67                           ; 
    68                           ; SFR Addresses
    69     0004                     fsr             equ	4
    70     0004                     fsr0            equ	4
    71     0000                     indf            equ	0
    72     0000                     indf0           equ	0
    73     0002                     pc              equ	2
    74     0002                     pcl             equ	2
    75     000A                     pclath          equ	10
    76     0003                     status          equ	3
    77     0000                     INDF            equ	0	;# 
    78     0001                     TMR0            equ	1	;# 
    79     0002                     PCL             equ	2	;# 
    80     0003                     STATUS          equ	3	;# 
    81     0004                     FSR             equ	4	;# 
    82     0005                     PORTA           equ	5	;# 
    83     0006                     PORTB           equ	6	;# 
    84     0007                     PORTC           equ	7	;# 
    85     0008                     PORTD           equ	8	;# 
    86     0009                     PORTE           equ	9	;# 
    87     000A                     PCLATH          equ	10	;# 
    88     000B                     INTCON          equ	11	;# 
    89     000C                     PIR1            equ	12	;# 
    90     000D                     PIR2            equ	13	;# 
    91     000E                     TMR1            equ	14	;# 
    92     000E                     TMR1L           equ	14	;# 
    93     000F                     TMR1H           equ	15	;# 
    94     0010                     T1CON           equ	16	;# 
    95     0011                     TMR2            equ	17	;# 
    96     0012                     T2CON           equ	18	;# 
    97     0013                     SSPBUF          equ	19	;# 
    98     0014                     SSPCON          equ	20	;# 
    99     0015                     CCPR1           equ	21	;# 
   100     0015                     CCPR1L          equ	21	;# 
   101     0016                     CCPR1H          equ	22	;# 
   102     0017                     CCP1CON         equ	23	;# 
   103     0018                     RCSTA           equ	24	;# 
   104     0019                     TXREG           equ	25	;# 
   105     001A                     RCREG           equ	26	;# 
   106     001B                     CCPR2           equ	27	;# 
   107     001B                     CCPR2L          equ	27	;# 
   108     001C                     CCPR2H          equ	28	;# 
   109     001D                     CCP2CON         equ	29	;# 
   110     001E                     ADRESH          equ	30	;# 
   111     001F                     ADCON0          equ	31	;# 
   112     0081                     OPTION_REG      equ	129	;# 
   113     0085                     TRISA           equ	133	;# 
   114     0086                     TRISB           equ	134	;# 
   115     0087                     TRISC           equ	135	;# 
   116     0088                     TRISD           equ	136	;# 
   117     0089                     TRISE           equ	137	;# 
   118     008C                     PIE1            equ	140	;# 
   119     008D                     PIE2            equ	141	;# 
   120     008E                     PCON            equ	142	;# 
   121     0091                     SSPCON2         equ	145	;# 
   122     0092                     PR2             equ	146	;# 
   123     0093                     SSPADD          equ	147	;# 
   124     0094                     SSPSTAT         equ	148	;# 
   125     0098                     TXSTA           equ	152	;# 
   126     0099                     SPBRG           equ	153	;# 
   127     009C                     CMCON           equ	156	;# 
   128     009D                     CVRCON          equ	157	;# 
   129     009E                     ADRESL          equ	158	;# 
   130     009F                     ADCON1          equ	159	;# 
   131     010C                     EEDATA          equ	268	;# 
   132     010D                     EEADR           equ	269	;# 
   133     010E                     EEDATH          equ	270	;# 
   134     010F                     EEADRH          equ	271	;# 
   135     018C                     EECON1          equ	396	;# 
   136     018D                     EECON2          equ	397	;# 
   137     0000                     INDF            equ	0	;# 
   138     0001                     TMR0            equ	1	;# 
   139     0002                     PCL             equ	2	;# 
   140     0003                     STATUS          equ	3	;# 
   141     0004                     FSR             equ	4	;# 
   142     0005                     PORTA           equ	5	;# 
   143     0006                     PORTB           equ	6	;# 
   144     0007                     PORTC           equ	7	;# 
   145     0008                     PORTD           equ	8	;# 
   146     0009                     PORTE           equ	9	;# 
   147     000A                     PCLATH          equ	10	;# 
   148     000B                     INTCON          equ	11	;# 
   149     000C                     PIR1            equ	12	;# 
   150     000D                     PIR2            equ	13	;# 
   151     000E                     TMR1            equ	14	;# 
   152     000E                     TMR1L           equ	14	;# 
   153     000F                     TMR1H           equ	15	;# 
   154     0010                     T1CON           equ	16	;# 
   155     0011                     TMR2            equ	17	;# 
   156     0012                     T2CON           equ	18	;# 
   157     0013                     SSPBUF          equ	19	;# 
   158     0014                     SSPCON          equ	20	;# 
   159     0015                     CCPR1           equ	21	;# 
   160     0015                     CCPR1L          equ	21	;# 
   161     0016                     CCPR1H          equ	22	;# 
   162     0017                     CCP1CON         equ	23	;# 
   163     0018                     RCSTA           equ	24	;# 
   164     0019                     TXREG           equ	25	;# 
   165     001A                     RCREG           equ	26	;# 
   166     001B                     CCPR2           equ	27	;# 
   167     001B                     CCPR2L          equ	27	;# 
   168     001C                     CCPR2H          equ	28	;# 
   169     001D                     CCP2CON         equ	29	;# 
   170     001E                     ADRESH          equ	30	;# 
   171     001F                     ADCON0          equ	31	;# 
   172     0081                     OPTION_REG      equ	129	;# 
   173     0085                     TRISA           equ	133	;# 
   174     0086                     TRISB           equ	134	;# 
   175     0087                     TRISC           equ	135	;# 
   176     0088                     TRISD           equ	136	;# 
   177     0089                     TRISE           equ	137	;# 
   178     008C                     PIE1            equ	140	;# 
   179     008D                     PIE2            equ	141	;# 
   180     008E                     PCON            equ	142	;# 
   181     0091                     SSPCON2         equ	145	;# 
   182     0092                     PR2             equ	146	;# 
   183     0093                     SSPADD          equ	147	;# 
   184     0094                     SSPSTAT         equ	148	;# 
   185     0098                     TXSTA           equ	152	;# 
   186     0099                     SPBRG           equ	153	;# 
   187     009C                     CMCON           equ	156	;# 
   188     009D                     CVRCON          equ	157	;# 
   189     009E                     ADRESL          equ	158	;# 
   190     009F                     ADCON1          equ	159	;# 
   191     010C                     EEDATA          equ	268	;# 
   192     010D                     EEADR           equ	269	;# 
   193     010E                     EEDATH          equ	270	;# 
   194     010F                     EEADRH          equ	271	;# 
   195     018C                     EECON1          equ	396	;# 
   196     018D                     EECON2          equ	397	;# 
   197     001E                     _ADRESH         set	30
   198     001F                     _ADCON0         set	31
   199     0008                     _PORTD          set	8
   200     0006                     _PORTBbits      set	6
   201     00FA                     _GO_nDONE       set	250
   202     0086                     _TRISB          set	134
   203     0088                     _TRISD          set	136
   204     009E                     _ADRESL         set	158
   205     009F                     _ADCON1         set	159
   206     0085                     _TRISA          set	133
   207                           
   208                           	psect	strings
   209     0003                     __pstrings:
   210     0003                     stringtab:
   211     0003                     __stringtab:
   212     0003                     stringcode:	
   213                           ;	String table - string pointers are 1 byte each
   214                           
   215     0003                     stringdir:
   216     0003  3000               	movlw	high stringdir
   217     0004  008A               	movwf	10
   218     0005  0804               	movf	4,w
   219     0006  0A84               	incf	4,f
   220     0007  0782               	addwf	2,f
   221     0008                     __stringbase:
   222     0008  3400               	retlw	0
   223     0009                     __end_of__stringtab:
   224     0009                     STR_1:
   225     0009  3452               	retlw	82	;'R'
   226     000A  3441               	retlw	65	;'A'
   227     000B  3457               	retlw	87	;'W'
   228     000C  343A               	retlw	58	;':'
   229     000D  3425               	retlw	37	;'%'
   230     000E  3434               	retlw	52	;'4'
   231     000F  3475               	retlw	117	;'u'
   232     0010  3400               	retlw	0
   233     0011                     STR_2:
   234     0011  346D               	retlw	109	;'m'
   235     0012  3456               	retlw	86	;'V'
   236     0013  343A               	retlw	58	;':'
   237     0014  3425               	retlw	37	;'%'
   238     0015  3434               	retlw	52	;'4'
   239     0016  3475               	retlw	117	;'u'
   240     0017  3400               	retlw	0
   241                           
   242                           	psect	cinit
   243     07EC                     start_initialization:	
   244                           ; #config settings
   245                           
   246     07EC                     __initialization:
   247                           
   248                           ; Clear objects allocated to BANK0
   249     07EC  1283               	bcf	3,5	;RP0=0, select bank0
   250     07ED  1303               	bcf	3,6	;RP1=0, select bank0
   251     07EE  01DB               	clrf	__pbssBANK0& (0+127)
   252     07EF  01DC               	clrf	(__pbssBANK0+1)& (0+127)
   253     07F0  01DD               	clrf	(__pbssBANK0+2)& (0+127)
   254     07F1  01DE               	clrf	(__pbssBANK0+3)& (0+127)
   255     07F2  01DF               	clrf	(__pbssBANK0+4)& (0+127)
   256                           
   257                           ; Clear objects allocated to BANK1
   258     07F3  1383               	bcf	3,7	;select IRP bank0
   259     07F4  30A0               	movlw	low __pbssBANK1
   260     07F5  0084               	movwf	4
   261     07F6  30C0               	movlw	low (__pbssBANK1+32)
   262     07F7  120A  118A  226E  120A  118A  	fcall	clear_ram0
   263     07FC                     end_of_initialization:	
   264                           ;End of C runtime variable initialization code
   265                           
   266     07FC                     __end_of__initialization:
   267     07FC  0183               	clrf	3
   268     07FD  120A  118A  2F2D   	ljmp	_main	;jump to C main() function
   269                           
   270                           	psect	bssBANK0
   271     005B                     __pbssBANK0:
   272     005B                     _width:
   273     005B                     	ds	2
   274     005D                     _prec:
   275     005D                     	ds	2
   276     005F                     _flags:
   277     005F                     	ds	1
   278                           
   279                           	psect	bssBANK1
   280     00A0                     __pbssBANK1:
   281     00A0                     _dbuf:
   282     00A0                     	ds	32
   283                           
   284                           	psect	clrtext
   285     026E                     clear_ram0:	
   286                           ;	Called with FSR containing the base address, and
   287                           ;	W with the last address+1
   288                           
   289     026E  0064               	clrwdt	;clear the watchdog before getting into this loop
   290     026F                     clrloop0:
   291     026F  0180               	clrf	0	;clear RAM location pointed to by FSR
   292     0270  0A84               	incf	4,f	;increment pointer
   293     0271  0604               	xorwf	4,w	;XOR with final address
   294     0272  1903               	btfsc	3,2	;have we reached the end yet?
   295     0273  3400               	retlw	0	;all done for this memory range, return
   296     0274  0604               	xorwf	4,w	;XOR again to restore value
   297     0275  2A6F               	goto	clrloop0	;do the next byte
   298                           
   299                           	psect	cstackBANK1
   300     00C0                     __pcstackBANK1:
   301     00C0                     main@buffer:
   302                           
   303                           ; 16 bytes @ 0x0
   304     00C0                     	ds	16
   305     00D0                     main@prev_mv:
   306                           
   307                           ; 2 bytes @ 0x10
   308     00D0                     	ds	2
   309     00D2                     main@raw:
   310                           
   311                           ; 2 bytes @ 0x12
   312     00D2                     	ds	2
   313     00D4                     main@mV:
   314                           
   315                           ; 2 bytes @ 0x14
   316     00D4                     	ds	2
   317                           
   318                           	psect	cstackCOMMON
   319     0070                     __pcstackCOMMON:
   320     0070                     ?_putch:
   321     0070                     ?_lcdCommand:	
   322                           ; 1 bytes @ 0x0
   323                           
   324     0070                     ?_lcSendDataByte:	
   325                           ; 1 bytes @ 0x0
   326                           
   327     0070                     ?_lcd_init:	
   328                           ; 1 bytes @ 0x0
   329                           
   330     0070                     ?_adc_init:	
   331                           ; 1 bytes @ 0x0
   332                           
   333     0070                     ?_main:	
   334                           ; 1 bytes @ 0x0
   335                           
   336     0070                     ?_fputc:	
   337                           ; 1 bytes @ 0x0
   338                           
   339     0070                     ?_adc_read_an0:	
   340                           ; 2 bytes @ 0x0
   341                           
   342     0070                     ?___wmul:	
   343                           ; 2 bytes @ 0x0
   344                           
   345     0070                     ?___lwdiv:	
   346                           ; 2 bytes @ 0x0
   347                           
   348     0070                     ?___lwmod:	
   349                           ; 2 bytes @ 0x0
   350                           
   351     0070                     ?___lmul:	
   352                           ; 2 bytes @ 0x0
   353                           
   354     0070                     putch@c:	
   355                           ; 4 bytes @ 0x0
   356                           
   357     0070                     ___wmul@multiplier:	
   358                           ; 1 bytes @ 0x0
   359                           
   360     0070                     ___lwdiv@divisor:	
   361                           ; 2 bytes @ 0x0
   362                           
   363     0070                     ___lwmod@divisor:	
   364                           ; 2 bytes @ 0x0
   365                           
   366     0070                     fputc@c:	
   367                           ; 2 bytes @ 0x0
   368                           
   369     0070                     ___lmul@multiplier:	
   370                           ; 2 bytes @ 0x0
   371                           
   372     0070                     ??_putch:	
   373                           ; 4 bytes @ 0x0
   374                           
   375     0070                     ??_lcdCommand:	
   376                           ; 1 bytes @ 0x0
   377                           
   378     0070                     ??_lcSendDataByte:	
   379                           ; 1 bytes @ 0x0
   380                           
   381     0070                     ??_adc_init:	
   382                           ; 1 bytes @ 0x0
   383                           
   384                           
   385                           ; 1 bytes @ 0x0
   386     0070                     	ds	2
   387     0072                     lcdCommand@cmd:
   388     0072                     lcSendDataByte@data:	
   389                           ; 1 bytes @ 0x2
   390                           
   391     0072                     ___wmul@multiplicand:	
   392                           ; 1 bytes @ 0x2
   393                           
   394     0072                     ___lwdiv@dividend:	
   395                           ; 2 bytes @ 0x2
   396                           
   397     0072                     ___lwmod@dividend:	
   398                           ; 2 bytes @ 0x2
   399                           
   400     0072                     fputc@fp:	
   401                           ; 2 bytes @ 0x2
   402                           
   403     0072                     ??_adc_read_an0:	
   404                           ; 2 bytes @ 0x2
   405                           
   406                           
   407                           ; 1 bytes @ 0x2
   408     0072                     	ds	1
   409     0073                     ?_lcdSendString:
   410     0073                     lcdSendString@addr:	
   411                           ; 1 bytes @ 0x3
   412                           
   413     0073                     ??_lcd_init:	
   414                           ; 1 bytes @ 0x3
   415                           
   416                           
   417                           ; 1 bytes @ 0x3
   418     0073                     	ds	1
   419     0074                     ___lwmod@counter:
   420     0074                     ___wmul@product:	
   421                           ; 1 bytes @ 0x4
   422                           
   423     0074                     ___lwdiv@quotient:	
   424                           ; 2 bytes @ 0x4
   425                           
   426     0074                     ___lmul@multiplicand:	
   427                           ; 2 bytes @ 0x4
   428                           
   429     0074                     ??_fputc:	
   430                           ; 4 bytes @ 0x4
   431                           
   432     0074                     ??_lcdSendString:	
   433                           ; 1 bytes @ 0x4
   434                           
   435     0074                     ??___wmul:	
   436                           ; 1 bytes @ 0x4
   437                           
   438     0074                     ??___lwdiv:	
   439                           ; 1 bytes @ 0x4
   440                           
   441     0074                     ??___lwmod:	
   442                           ; 1 bytes @ 0x4
   443                           
   444                           
   445                           ; 1 bytes @ 0x4
   446     0074                     	ds	2
   447     0076                     ?_read_prec_or_width:
   448     0076                     ___lwdiv@counter:	
   449                           ; 2 bytes @ 0x6
   450                           
   451     0076                     read_prec_or_width@fmt:	
   452                           ; 1 bytes @ 0x6
   453                           
   454                           
   455                           ; 1 bytes @ 0x6
   456     0076                     	ds	1
   457     0077                     read_prec_or_width@ap:
   458                           
   459                           ; 1 bytes @ 0x7
   460     0077                     	ds	1
   461     0078                     ??___lmul:
   462     0078                     ??_read_prec_or_width:	
   463                           ; 1 bytes @ 0x8
   464                           
   465                           
   466                           ; 1 bytes @ 0x8
   467     0078                     	ds	1
   468     0079                     read_prec_or_width@c:
   469     0079                     ___lmul@product:	
   470                           ; 1 bytes @ 0x9
   471                           
   472                           
   473                           ; 4 bytes @ 0x9
   474     0079                     	ds	1
   475     007A                     read_prec_or_width@n:
   476                           
   477                           ; 2 bytes @ 0xA
   478     007A                     	ds	3
   479     007D                     ??___aldiv:
   480     007D                     ??_pad:	
   481                           ; 1 bytes @ 0xD
   482                           
   483                           
   484                           ; 1 bytes @ 0xD
   485     007D                     	ds	1
   486     007E                     ??_vfprintf:
   487     007E                     ??_utoa:	
   488                           ; 1 bytes @ 0xE
   489                           
   490                           
   491                           	psect	cstackBANK0
   492     0020                     __pcstackBANK0:	
   493                           ; 1 bytes @ 0xE
   494                           
   495     0020                     ?_fputs:
   496     0020                     ?___aldiv:	
   497                           ; 2 bytes @ 0x0
   498                           
   499     0020                     fputs@s:	
   500                           ; 4 bytes @ 0x0
   501                           
   502     0020                     ___aldiv@divisor:	
   503                           ; 1 bytes @ 0x0
   504                           
   505                           
   506                           ; 4 bytes @ 0x0
   507     0020                     	ds	1
   508     0021                     fputs@fp:
   509                           
   510                           ; 2 bytes @ 0x1
   511     0021                     	ds	2
   512     0023                     ??_fputs:
   513                           
   514                           ; 1 bytes @ 0x3
   515     0023                     	ds	1
   516     0024                     ___aldiv@dividend:
   517                           
   518                           ; 4 bytes @ 0x4
   519     0024                     	ds	1
   520     0025                     fputs@c:
   521                           
   522                           ; 1 bytes @ 0x5
   523     0025                     	ds	1
   524     0026                     fputs@i:
   525                           
   526                           ; 2 bytes @ 0x6
   527     0026                     	ds	2
   528     0028                     ?_pad:
   529     0028                     ___aldiv@counter:	
   530                           ; 1 bytes @ 0x8
   531                           
   532     0028                     pad@fp:	
   533                           ; 1 bytes @ 0x8
   534                           
   535                           
   536                           ; 2 bytes @ 0x8
   537     0028                     	ds	1
   538     0029                     ___aldiv@sign:
   539                           
   540                           ; 1 bytes @ 0x9
   541     0029                     	ds	1
   542     002A                     pad@buf:
   543     002A                     ___aldiv@quotient:	
   544                           ; 1 bytes @ 0xA
   545                           
   546                           
   547                           ; 4 bytes @ 0xA
   548     002A                     	ds	1
   549     002B                     pad@p:
   550                           
   551                           ; 2 bytes @ 0xB
   552     002B                     	ds	2
   553     002D                     pad@i:
   554                           
   555                           ; 2 bytes @ 0xD
   556     002D                     	ds	2
   557     002F                     ?_utoa:
   558     002F                     utoa@fp:	
   559                           ; 1 bytes @ 0xF
   560                           
   561                           
   562                           ; 2 bytes @ 0xF
   563     002F                     	ds	2
   564     0031                     utoa@d:
   565                           
   566                           ; 2 bytes @ 0x11
   567     0031                     	ds	2
   568     0033                     utoa@w:
   569                           
   570                           ; 2 bytes @ 0x13
   571     0033                     	ds	2
   572     0035                     utoa@p:
   573                           
   574                           ; 1 bytes @ 0x15
   575     0035                     	ds	1
   576     0036                     utoa@i:
   577                           
   578                           ; 2 bytes @ 0x16
   579     0036                     	ds	2
   580     0038                     ?_vfpfcnvrt:
   581     0038                     vfpfcnvrt@fp:	
   582                           ; 1 bytes @ 0x18
   583                           
   584                           
   585                           ; 2 bytes @ 0x18
   586     0038                     	ds	2
   587     003A                     vfpfcnvrt@fmt:
   588                           
   589                           ; 1 bytes @ 0x1A
   590     003A                     	ds	1
   591     003B                     vfpfcnvrt@ap:
   592                           
   593                           ; 1 bytes @ 0x1B
   594     003B                     	ds	1
   595     003C                     ??_vfpfcnvrt:
   596                           
   597                           ; 1 bytes @ 0x1C
   598     003C                     	ds	2
   599     003E                     vfpfcnvrt@convarg:
   600                           
   601                           ; 4 bytes @ 0x1E
   602     003E                     	ds	4
   603     0042                     vfpfcnvrt@cp:
   604                           
   605                           ; 1 bytes @ 0x22
   606     0042                     	ds	1
   607     0043                     ?_vfprintf:
   608     0043                     vfprintf@fp:	
   609                           ; 2 bytes @ 0x23
   610                           
   611                           
   612                           ; 2 bytes @ 0x23
   613     0043                     	ds	2
   614     0045                     vfprintf@fmt:
   615                           
   616                           ; 1 bytes @ 0x25
   617     0045                     	ds	1
   618     0046                     vfprintf@ap:
   619                           
   620                           ; 1 bytes @ 0x26
   621     0046                     	ds	1
   622     0047                     vfprintf@cfmt:
   623                           
   624                           ; 1 bytes @ 0x27
   625     0047                     	ds	1
   626     0048                     ?_sprintf:
   627     0048                     sprintf@s:	
   628                           ; 2 bytes @ 0x28
   629                           
   630                           
   631                           ; 1 bytes @ 0x28
   632     0048                     	ds	1
   633     0049                     sprintf@fmt:
   634                           
   635                           ; 1 bytes @ 0x29
   636     0049                     	ds	3
   637     004C                     ??_sprintf:
   638                           
   639                           ; 1 bytes @ 0x2C
   640     004C                     	ds	1
   641     004D                     sprintf@ap:
   642                           
   643                           ; 1 bytes @ 0x2D
   644     004D                     	ds	1
   645     004E                     sprintf@f:
   646                           
   647                           ; 11 bytes @ 0x2E
   648     004E                     	ds	11
   649     0059                     ??_main:
   650                           
   651                           ; 1 bytes @ 0x39
   652     0059                     	ds	2
   653                           
   654                           	psect	maintext
   655     072D                     __pmaintext:	
   656 ;;
   657 ;;Main: autosize = 0, tempsize = 2, incstack = 0, save=0
   658 ;;
   659 ;; *************** function _main *****************
   660 ;; Defined at:
   661 ;;		line 68 in file "adc.c"
   662 ;; Parameters:    Size  Location     Type
   663 ;;		None
   664 ;; Auto vars:     Size  Location     Type
   665 ;;  mV              2   20[BANK1 ] unsigned short 
   666 ;;  raw             2   18[BANK1 ] unsigned short 
   667 ;;  buffer         16    0[BANK1 ] unsigned char [16]
   668 ;;  prev_mv         2   16[BANK1 ] unsigned short 
   669 ;; Return value:  Size  Location     Type
   670 ;;                  1    wreg      void 
   671 ;; Registers used:
   672 ;;		wreg, fsr0l, fsr0h, status,2, status,0, pclath, cstack
   673 ;; Tracked objects:
   674 ;;		On entry : B00/0
   675 ;;		On exit  : 0/0
   676 ;;		Unchanged: 0/0
   677 ;; Data sizes:     COMMON   BANK0   BANK1   BANK3   BANK2
   678 ;;      Params:         0       0       0       0       0
   679 ;;      Locals:         0       0      22       0       0
   680 ;;      Temps:          0       2       0       0       0
   681 ;;      Totals:         0       2      22       0       0
   682 ;;Total ram usage:       24 bytes
   683 ;; Hardware stack levels required when called: 7
   684 ;; This function calls:
   685 ;;		___aldiv
   686 ;;		___lmul
   687 ;;		_adc_init
   688 ;;		_adc_read_an0
   689 ;;		_lcdCommand
   690 ;;		_lcdSendString
   691 ;;		_lcd_init
   692 ;;		_sprintf
   693 ;; This function is called by:
   694 ;;		Startup code after reset
   695 ;; This function uses a non-reentrant model
   696 ;;
   697                           
   698     072D                     _main:	
   699                           ;psect for function _main
   700                           
   701     072D                     l1319:	
   702                           ;incstack = 0
   703                           ; Regs used in _main: [wreg-fsr0h+status,2+status,0+pclath+cstack]
   704                           
   705                           
   706                           ;adc.c: 69:     TRISD = 0b00000000;
   707     072D  1683               	bsf	3,5	;RP0=1, select bank1
   708     072E  1303               	bcf	3,6	;RP1=0, select bank1
   709     072F  0188               	clrf	8	;volatile
   710                           
   711                           ;adc.c: 70:     TRISB = 0b00000000;
   712     0730  0186               	clrf	6	;volatile
   713     0731                     l1321:
   714                           
   715                           ;adc.c: 71:     lcd_init();
   716     0731  120A  118A  2344  120A  118A  	fcall	_lcd_init
   717     0736                     l1323:
   718                           
   719                           ;adc.c: 72:     adc_init();
   720     0736  120A  118A  2276  120A  118A  	fcall	_adc_init
   721     073B                     l1325:
   722                           
   723                           ;adc.c: 74:     char buffer[16];;adc.c: 75:     uint16_t prev_mv = 0xff;
   724     073B  30FF               	movlw	255
   725     073C  1683               	bsf	3,5	;RP0=1, select bank1
   726     073D  1303               	bcf	3,6	;RP1=0, select bank1
   727     073E  00D0               	movwf	main@prev_mv^(0+128)
   728     073F  3000               	movlw	0
   729     0740  00D1               	movwf	(main@prev_mv^(0+128)+1)
   730     0741                     l1327:
   731                           
   732                           ;adc.c: 79:         uint16_t raw = adc_read_an0();
   733     0741  120A  118A  2285  120A  118A  	fcall	_adc_read_an0
   734     0746  0871               	movf	?_adc_read_an0+1,w
   735     0747  1683               	bsf	3,5	;RP0=1, select bank1
   736     0748  1303               	bcf	3,6	;RP1=0, select bank1
   737     0749  00D3               	movwf	(main@raw+1)^(0+128)
   738     074A  0870               	movf	?_adc_read_an0,w
   739     074B  00D2               	movwf	main@raw^(0+128)
   740     074C                     l1329:
   741                           
   742                           ;adc.c: 80:         uint16_t mV = (uint16_t) raw*5000l/1023U;
   743     074C  3000               	movlw	0
   744     074D  1283               	bcf	3,5	;RP0=0, select bank0
   745     074E  1303               	bcf	3,6	;RP1=0, select bank0
   746     074F  00A3               	movwf	___aldiv@divisor+3
   747     0750  3000               	movlw	0
   748     0751  00A2               	movwf	___aldiv@divisor+2
   749     0752  3003               	movlw	3
   750     0753  00A1               	movwf	___aldiv@divisor+1
   751     0754  30FF               	movlw	255
   752     0755  00A0               	movwf	___aldiv@divisor
   753     0756  1683               	bsf	3,5	;RP0=1, select bank1
   754     0757  1303               	bcf	3,6	;RP1=0, select bank1
   755     0758  0852               	movf	main@raw^(0+128),w
   756     0759  00F0               	movwf	___lmul@multiplier
   757     075A  0853               	movf	(main@raw+1)^(0+128),w
   758     075B  00F1               	movwf	___lmul@multiplier+1
   759     075C  01F2               	clrf	___lmul@multiplier+2
   760     075D  01F3               	clrf	___lmul@multiplier+3
   761     075E  3000               	movlw	0
   762     075F  00F7               	movwf	___lmul@multiplicand+3
   763     0760  3000               	movlw	0
   764     0761  00F6               	movwf	___lmul@multiplicand+2
   765     0762  3013               	movlw	19
   766     0763  00F5               	movwf	___lmul@multiplicand+1
   767     0764  3088               	movlw	136
   768     0765  00F4               	movwf	___lmul@multiplicand
   769     0766  120A  118A  2410  120A  118A  	fcall	___lmul
   770     076B  0873               	movf	?___lmul+3,w
   771     076C  1283               	bcf	3,5	;RP0=0, select bank0
   772     076D  1303               	bcf	3,6	;RP1=0, select bank0
   773     076E  00A7               	movwf	___aldiv@dividend+3
   774     076F  0872               	movf	?___lmul+2,w
   775     0770  00A6               	movwf	___aldiv@dividend+2
   776     0771  0871               	movf	?___lmul+1,w
   777     0772  00A5               	movwf	___aldiv@dividend+1
   778     0773  0870               	movf	?___lmul,w
   779     0774  00A4               	movwf	___aldiv@dividend
   780     0775  120A  118A  25FA  120A  118A  	fcall	___aldiv
   781     077A  1283               	bcf	3,5	;RP0=0, select bank0
   782     077B  1303               	bcf	3,6	;RP1=0, select bank0
   783     077C  0821               	movf	?___aldiv+1,w
   784     077D  1683               	bsf	3,5	;RP0=1, select bank1
   785     077E  1303               	bcf	3,6	;RP1=0, select bank1
   786     077F  00D5               	movwf	(main@mV+1)^(0+128)
   787     0780  1283               	bcf	3,5	;RP0=0, select bank0
   788     0781  1303               	bcf	3,6	;RP1=0, select bank0
   789     0782  0820               	movf	?___aldiv,w
   790     0783  1683               	bsf	3,5	;RP0=1, select bank1
   791     0784  1303               	bcf	3,6	;RP1=0, select bank1
   792     0785  00D4               	movwf	main@mV^(0+128)
   793     0786                     l1331:
   794                           
   795                           ;adc.c: 82:         if(mV!=prev_mv){
   796     0786  0851               	movf	(main@prev_mv+1)^(0+128),w
   797     0787  0655               	xorwf	(main@mV+1)^(0+128),w
   798     0788  1D03               	skipz
   799     0789  2F8C               	goto	u1085
   800     078A  0850               	movf	main@prev_mv^(0+128),w
   801     078B  0654               	xorwf	main@mV^(0+128),w
   802     078C                     u1085:
   803     078C  1903               	skipnz
   804     078D  2F8F               	goto	u1081
   805     078E  2F90               	goto	u1080
   806     078F                     u1081:
   807     078F  2FDE               	goto	l1345
   808     0790                     u1080:
   809     0790                     l1333:
   810                           
   811                           ;adc.c: 83:             lcdCommand(0x80);
   812     0790  3080               	movlw	128
   813     0791  120A  118A  22BE  120A  118A  	fcall	_lcdCommand
   814     0796                     l1335:
   815                           
   816                           ;adc.c: 84:             sprintf(buffer,"RAW:%4u", raw);
   817     0796  30C0               	movlw	(low (main@buffer| 0))& (0+255)
   818     0797  1283               	bcf	3,5	;RP0=0, select bank0
   819     0798  1303               	bcf	3,6	;RP1=0, select bank0
   820     0799  00C8               	movwf	sprintf@s
   821     079A  3001               	movlw	(low ((STR_1-__stringbase)| (0+32768)))& (0+255)
   822     079B  00C9               	movwf	sprintf@fmt
   823     079C  1683               	bsf	3,5	;RP0=1, select bank1
   824     079D  1303               	bcf	3,6	;RP1=0, select bank1
   825     079E  0853               	movf	(main@raw+1)^(0+128),w
   826     079F  1283               	bcf	3,5	;RP0=0, select bank0
   827     07A0  1303               	bcf	3,6	;RP1=0, select bank0
   828     07A1  00CB               	movwf	?_sprintf+3
   829     07A2  1683               	bsf	3,5	;RP0=1, select bank1
   830     07A3  1303               	bcf	3,6	;RP1=0, select bank1
   831     07A4  0852               	movf	main@raw^(0+128),w
   832     07A5  1283               	bcf	3,5	;RP0=0, select bank0
   833     07A6  1303               	bcf	3,6	;RP1=0, select bank0
   834     07A7  00CA               	movwf	?_sprintf+2
   835     07A8  120A  118A  22FC  120A  118A  	fcall	_sprintf
   836     07AD                     l1337:
   837                           
   838                           ;adc.c: 85:             lcdSendString(buffer);
   839     07AD  30C0               	movlw	(low (main@buffer| 0))& (0+255)
   840     07AE  00F3               	movwf	lcdSendString@addr
   841     07AF  120A  118A  22AA  120A  118A  	fcall	_lcdSendString
   842                           
   843                           ;adc.c: 87:             lcdCommand(0xC0);
   844     07B4  30C0               	movlw	192
   845     07B5  120A  118A  22BE  120A  118A  	fcall	_lcdCommand
   846     07BA                     l1339:
   847                           
   848                           ;adc.c: 88:             sprintf(buffer,"mV:%4u", mV);
   849     07BA  30C0               	movlw	(low (main@buffer| 0))& (0+255)
   850     07BB  1283               	bcf	3,5	;RP0=0, select bank0
   851     07BC  1303               	bcf	3,6	;RP1=0, select bank0
   852     07BD  00C8               	movwf	sprintf@s
   853     07BE  3009               	movlw	(low ((STR_2-__stringbase)| (0+32768)))& (0+255)
   854     07BF  00C9               	movwf	sprintf@fmt
   855     07C0  1683               	bsf	3,5	;RP0=1, select bank1
   856     07C1  1303               	bcf	3,6	;RP1=0, select bank1
   857     07C2  0855               	movf	(main@mV+1)^(0+128),w
   858     07C3  1283               	bcf	3,5	;RP0=0, select bank0
   859     07C4  1303               	bcf	3,6	;RP1=0, select bank0
   860     07C5  00CB               	movwf	?_sprintf+3
   861     07C6  1683               	bsf	3,5	;RP0=1, select bank1
   862     07C7  1303               	bcf	3,6	;RP1=0, select bank1
   863     07C8  0854               	movf	main@mV^(0+128),w
   864     07C9  1283               	bcf	3,5	;RP0=0, select bank0
   865     07CA  1303               	bcf	3,6	;RP1=0, select bank0
   866     07CB  00CA               	movwf	?_sprintf+2
   867     07CC  120A  118A  22FC  120A  118A  	fcall	_sprintf
   868     07D1                     l1341:
   869                           
   870                           ;adc.c: 89:             lcdSendString(buffer);
   871     07D1  30C0               	movlw	(low (main@buffer| 0))& (0+255)
   872     07D2  00F3               	movwf	lcdSendString@addr
   873     07D3  120A  118A  22AA  120A  118A  	fcall	_lcdSendString
   874     07D8                     l1343:
   875                           
   876                           ;adc.c: 91:             prev_mv = mV;
   877     07D8  1683               	bsf	3,5	;RP0=1, select bank1
   878     07D9  1303               	bcf	3,6	;RP1=0, select bank1
   879     07DA  0855               	movf	(main@mV+1)^(0+128),w
   880     07DB  00D1               	movwf	(main@prev_mv+1)^(0+128)
   881     07DC  0854               	movf	main@mV^(0+128),w
   882     07DD  00D0               	movwf	main@prev_mv^(0+128)
   883     07DE                     l1345:
   884                           
   885                           ;adc.c: 94:         _delay((unsigned long)((20)*(20000000/4000.0)));
   886     07DE  3082               	movlw	130
   887     07DF  1283               	bcf	3,5	;RP0=0, select bank0
   888     07E0  1303               	bcf	3,6	;RP1=0, select bank0
   889     07E1  00DA               	movwf	??_main+1
   890     07E2  30DD               	movlw	221
   891     07E3  00D9               	movwf	??_main
   892     07E4                     u1097:
   893     07E4  0BD9               	decfsz	??_main,f
   894     07E5  2FE4               	goto	u1097
   895     07E6  0BDA               	decfsz	??_main+1,f
   896     07E7  2FE4               	goto	u1097
   897     07E8  2F41               	goto	l1327
   898     07E9  120A  118A  2800   	ljmp	start
   899     07EC                     __end_of_main:
   900                           
   901                           	psect	text1
   902     02FC                     __ptext1:	
   903 ;; *************** function _sprintf *****************
   904 ;; Defined at:
   905 ;;		line 9 in file "C:\Program Files\Microchip\xc8\v3.10\pic\sources\c99\common\nf_sprintf.c"
   906 ;; Parameters:    Size  Location     Type
   907 ;;  s               1   40[BANK0 ] PTR unsigned char 
   908 ;;		 -> main@buffer(16), 
   909 ;;  fmt             1   41[BANK0 ] PTR const unsigned char 
   910 ;;		 -> STR_2(7), STR_1(8), 
   911 ;; Auto vars:     Size  Location     Type
   912 ;;  f              11   46[BANK0 ] struct _IO_FILE
   913 ;;  ret             2    0        int 
   914 ;;  ap              1   45[BANK0 ] PTR void [1]
   915 ;;		 -> ?_sprintf(2), 
   916 ;; Return value:  Size  Location     Type
   917 ;;                  2   40[BANK0 ] int 
   918 ;; Registers used:
   919 ;;		wreg, fsr0l, fsr0h, status,2, status,0, pclath, cstack
   920 ;; Tracked objects:
   921 ;;		On entry : 0/0
   922 ;;		On exit  : 0/0
   923 ;;		Unchanged: 0/0
   924 ;; Data sizes:     COMMON   BANK0   BANK1   BANK3   BANK2
   925 ;;      Params:         0       4       0       0       0
   926 ;;      Locals:         0      12       0       0       0
   927 ;;      Temps:          0       1       0       0       0
   928 ;;      Totals:         0      17       0       0       0
   929 ;;Total ram usage:       17 bytes
   930 ;; Hardware stack levels used: 1
   931 ;; Hardware stack levels required when called: 6
   932 ;; This function calls:
   933 ;;		_vfprintf
   934 ;; This function is called by:
   935 ;;		_main
   936 ;; This function uses a non-reentrant model
   937 ;;
   938                           
   939     02FC                     _sprintf:	
   940                           ;psect for function _sprintf
   941                           
   942     02FC                     l1251:	
   943                           ;incstack = 0
   944                           ; Regs used in _sprintf: [wreg-fsr0h+status,2+status,0+pclath+cstack]
   945                           
   946     02FC  304A               	movlw	(low ((?_sprintf| 0+2)))& (0+255)
   947     02FD  1283               	bcf	3,5	;RP0=0, select bank0
   948     02FE  1303               	bcf	3,6	;RP1=0, select bank0
   949     02FF  00CD               	movwf	sprintf@ap
   950     0300                     l1253:
   951     0300  0848               	movf	sprintf@s,w
   952     0301  00CE               	movwf	sprintf@f
   953     0302  3000               	movlw	0
   954     0303  00CF               	movwf	sprintf@f+1
   955     0304                     l1255:
   956     0304  01D0               	clrf	sprintf@f+2
   957     0305  01D1               	clrf	sprintf@f+3
   958     0306                     l1257:
   959     0306  01D7               	clrf	sprintf@f+9
   960     0307  01D8               	clrf	sprintf@f+10
   961     0308                     l1259:
   962     0308  304E               	movlw	low sprintf@f
   963     0309  00C3               	movwf	vfprintf@fp
   964     030A  3000               	movlw	high sprintf@f
   965     030B  00C4               	movwf	vfprintf@fp+1
   966     030C  0849               	movf	sprintf@fmt,w
   967     030D  00C5               	movwf	vfprintf@fmt
   968     030E  304D               	movlw	(low (sprintf@ap| 0))& (0+255)
   969     030F  00C6               	movwf	vfprintf@ap
   970     0310  120A  118A  22D9  120A  118A  	fcall	_vfprintf
   971     0315                     l1261:
   972     0315  1283               	bcf	3,5	;RP0=0, select bank0
   973     0316  1303               	bcf	3,6	;RP1=0, select bank0
   974     0317  0850               	movf	sprintf@f+2,w
   975     0318  0748               	addwf	sprintf@s,w
   976     0319  00CC               	movwf	??_sprintf
   977     031A  084C               	movf	??_sprintf,w
   978     031B  0084               	movwf	4
   979     031C  1383               	bcf	3,7	;select IRP bank0
   980     031D  0180               	clrf	0
   981     031E                     l606:
   982     031E  0008               	return
   983     031F                     __end_of_sprintf:
   984                           
   985                           	psect	text2
   986     02D9                     __ptext2:	
   987 ;; *************** function _vfprintf *****************
   988 ;; Defined at:
   989 ;;		line 1817 in file "C:\Program Files\Microchip\xc8\v3.10\pic\sources\c99\common\doprnt.c"
   990 ;; Parameters:    Size  Location     Type
   991 ;;  fp              2   35[BANK0 ] PTR struct _IO_FILE
   992 ;;		 -> sprintf@f(11), 
   993 ;;  fmt             1   37[BANK0 ] PTR const unsigned char 
   994 ;;		 -> STR_2(7), STR_1(8), 
   995 ;;  ap              1   38[BANK0 ] PTR PTR void 
   996 ;;		 -> sprintf@ap(1), 
   997 ;; Auto vars:     Size  Location     Type
   998 ;;  cfmt            1   39[BANK0 ] PTR unsigned char 
   999 ;;		 -> STR_2(7), STR_1(8), 
  1000 ;; Return value:  Size  Location     Type
  1001 ;;                  2   35[BANK0 ] int 
  1002 ;; Registers used:
  1003 ;;		wreg, fsr0l, fsr0h, status,2, status,0, pclath, cstack
  1004 ;; Tracked objects:
  1005 ;;		On entry : 0/0
  1006 ;;		On exit  : 0/0
  1007 ;;		Unchanged: 0/0
  1008 ;; Data sizes:     COMMON   BANK0   BANK1   BANK3   BANK2
  1009 ;;      Params:         0       4       0       0       0
  1010 ;;      Locals:         0       1       0       0       0
  1011 ;;      Temps:          0       0       0       0       0
  1012 ;;      Totals:         0       5       0       0       0
  1013 ;;Total ram usage:        5 bytes
  1014 ;; Hardware stack levels used: 1
  1015 ;; Hardware stack levels required when called: 5
  1016 ;; This function calls:
  1017 ;;		_vfpfcnvrt
  1018 ;; This function is called by:
  1019 ;;		_sprintf
  1020 ;; This function uses a non-reentrant model
  1021 ;;
  1022                           
  1023     02D9                     _vfprintf:	
  1024                           ;psect for function _vfprintf
  1025                           
  1026     02D9                     l1217:	
  1027                           ;incstack = 0
  1028                           ; Regs used in _vfprintf: [wreg-fsr0h+status,2+status,0+pclath+cstack]
  1029                           
  1030                           
  1031                           ;C:\Program Files\Microchip\xc8\v3.10\pic\sources\c99\common\doprnt.c: 1817: int vfprint
      +                          f(FILE *fp, const char *fmt, va_list ap);C:\Program Files\Microchip\xc8\v3.10\pic\source
      +                          s\c99\common\doprnt.c: 1818: {;C:\Program Files\Microchip\xc8\v3.10\pic\sources\c99\comm
      +                          on\doprnt.c: 1820:     char *cfmt;;C:\Program Files\Microchip\xc8\v3.10\pic\sources\c99\
      +                          common\doprnt.c: 1822:     cfmt = (char *)fmt;
  1032     02D9  1283               	bcf	3,5	;RP0=0, select bank0
  1033     02DA  1303               	bcf	3,6	;RP1=0, select bank0
  1034     02DB  0845               	movf	vfprintf@fmt,w
  1035     02DC  00C7               	movwf	vfprintf@cfmt
  1036                           
  1037                           ;C:\Program Files\Microchip\xc8\v3.10\pic\sources\c99\common\doprnt.c: 1826:     while (
      +                          *cfmt) {
  1038     02DD  2AEB               	goto	l1221
  1039     02DE                     l1219:
  1040                           
  1041                           ;C:\Program Files\Microchip\xc8\v3.10\pic\sources\c99\common\doprnt.c: 1830:    vfpfcnvr
      +                          t(fp, &cfmt, ap);
  1042     02DE  0843               	movf	vfprintf@fp,w
  1043     02DF  00B8               	movwf	vfpfcnvrt@fp
  1044     02E0  0844               	movf	vfprintf@fp+1,w
  1045     02E1  00B9               	movwf	vfpfcnvrt@fp+1
  1046     02E2  3047               	movlw	(low (vfprintf@cfmt| 0))& (0+255)
  1047     02E3  00BA               	movwf	vfpfcnvrt@fmt
  1048     02E4  0846               	movf	vfprintf@ap,w
  1049     02E5  00BB               	movwf	vfpfcnvrt@ap
  1050     02E6  120A  118A  2565  120A  118A  	fcall	_vfpfcnvrt
  1051     02EB                     l1221:
  1052                           
  1053                           ;C:\Program Files\Microchip\xc8\v3.10\pic\sources\c99\common\doprnt.c: 1826:     while (
      +                          *cfmt) {
  1054     02EB  1283               	bcf	3,5	;RP0=0, select bank0
  1055     02EC  1303               	bcf	3,6	;RP1=0, select bank0
  1056     02ED  0847               	movf	vfprintf@cfmt,w
  1057     02EE  0084               	movwf	4
  1058     02EF  120A  118A  2003  120A  118A  	fcall	stringdir
  1059     02F4  3A00               	xorlw	0
  1060     02F5  1D03               	skipz
  1061     02F6  2AF8               	goto	u901
  1062     02F7  2AF9               	goto	u900
  1063     02F8                     u901:
  1064     02F8  2ADE               	goto	l1219
  1065     02F9                     u900:
  1066     02F9                     l1223:
  1067                           
  1068                           ;C:\Program Files\Microchip\xc8\v3.10\pic\sources\c99\common\doprnt.c: 1835:  return 0;
  1069     02F9  01C3               	clrf	?_vfprintf
  1070     02FA  01C4               	clrf	?_vfprintf+1
  1071     02FB                     l662:
  1072     02FB  0008               	return
  1073     02FC                     __end_of_vfprintf:
  1074                           
  1075                           	psect	text3
  1076     0565                     __ptext3:	
  1077 ;; *************** function _vfpfcnvrt *****************
  1078 ;; Defined at:
  1079 ;;		line 1177 in file "C:\Program Files\Microchip\xc8\v3.10\pic\sources\c99\common\doprnt.c"
  1080 ;; Parameters:    Size  Location     Type
  1081 ;;  fp              2   24[BANK0 ] PTR struct _IO_FILE
  1082 ;;		 -> sprintf@f(11), 
  1083 ;;  fmt             1   26[BANK0 ] PTR PTR unsigned char 
  1084 ;;		 -> vfprintf@cfmt(1), 
  1085 ;;  ap              1   27[BANK0 ] PTR PTR void 
  1086 ;;		 -> sprintf@ap(1), 
  1087 ;; Auto vars:     Size  Location     Type
  1088 ;;  convarg         4   30[BANK0 ] struct .
  1089 ;;  cp              1   34[BANK0 ] PTR unsigned char 
  1090 ;;		 -> STR_2(7), STR_1(8), 
  1091 ;;  done            1    0        _Bool 
  1092 ;;  c               1    0        unsigned char 
  1093 ;; Return value:  Size  Location     Type
  1094 ;;                  1    wreg      void 
  1095 ;; Registers used:
  1096 ;;		wreg, fsr0l, fsr0h, status,2, status,0, pclath, cstack
  1097 ;; Tracked objects:
  1098 ;;		On entry : 0/0
  1099 ;;		On exit  : 0/0
  1100 ;;		Unchanged: 0/0
  1101 ;; Data sizes:     COMMON   BANK0   BANK1   BANK3   BANK2
  1102 ;;      Params:         0       4       0       0       0
  1103 ;;      Locals:         0       5       0       0       0
  1104 ;;      Temps:          0       2       0       0       0
  1105 ;;      Totals:         0      11       0       0       0
  1106 ;;Total ram usage:       11 bytes
  1107 ;; Hardware stack levels used: 1
  1108 ;; Hardware stack levels required when called: 4
  1109 ;; This function calls:
  1110 ;;		_fputc
  1111 ;;		_read_prec_or_width
  1112 ;;		_utoa
  1113 ;; This function is called by:
  1114 ;;		_vfprintf
  1115 ;; This function uses a non-reentrant model
  1116 ;;
  1117                           
  1118     0565                     _vfpfcnvrt:	
  1119                           ;psect for function _vfpfcnvrt
  1120                           
  1121     0565                     l1159:	
  1122                           ;incstack = 0
  1123                           ; Regs used in _vfpfcnvrt: [wreg-fsr0h+status,2+status,0+pclath+cstack]
  1124                           
  1125                           
  1126                           ;C:\Program Files\Microchip\xc8\v3.10\pic\sources\c99\common\doprnt.c: 1177: vfpfcnvrt(F
      +                          ILE *fp, char *fmt[], va_list ap);C:\Program Files\Microchip\xc8\v3.10\pic\sources\c99\c
      +                          ommon\doprnt.c: 1178: {;C:\Program Files\Microchip\xc8\v3.10\pic\sources\c99\common\dopr
      +                          nt.c: 1179:     char c, *cp;;C:\Program Files\Microchip\xc8\v3.10\pic\sources\c99\common
      +                          \doprnt.c: 1180:     _Bool done;;C:\Program Files\Microchip\xc8\v3.10\pic\sources\c99\co
      +                          mmon\doprnt.c: 1188:  } convarg;;C:\Program Files\Microchip\xc8\v3.10\pic\sources\c99\co
      +                          mmon\doprnt.c: 1201:     if ((*fmt)[0] == '%') {
  1127     0565  1283               	bcf	3,5	;RP0=0, select bank0
  1128     0566  1303               	bcf	3,6	;RP1=0, select bank0
  1129     0567  083A               	movf	vfpfcnvrt@fmt,w
  1130     0568  0084               	movwf	4
  1131     0569  1383               	bcf	3,7	;select IRP bank0
  1132     056A  0800               	movf	0,w
  1133     056B  0084               	movwf	4
  1134     056C  120A  118A  2003  120A  118A  	fcall	stringdir
  1135     0571  3A25               	xorlw	37
  1136     0572  1D03               	skipz
  1137     0573  2D75               	goto	u871
  1138     0574  2D76               	goto	u870
  1139     0575                     u871:
  1140     0575  2DE0               	goto	l1193
  1141     0576                     u870:
  1142     0576                     l1161:
  1143                           
  1144                           ;C:\Program Files\Microchip\xc8\v3.10\pic\sources\c99\common\doprnt.c: 1202:         ++*
      +                          fmt;
  1145     0576  083A               	movf	vfpfcnvrt@fmt,w
  1146     0577  0084               	movwf	4
  1147     0578  3001               	movlw	1
  1148     0579  0780               	addwf	0,f
  1149     057A                     l1163:
  1150                           
  1151                           ;C:\Program Files\Microchip\xc8\v3.10\pic\sources\c99\common\doprnt.c: 1204:         fla
      +                          gs = width = 0;
  1152     057A  01DB               	clrf	_width
  1153     057B  01DC               	clrf	_width+1
  1154     057C  3000               	movlw	0
  1155     057D  00DF               	movwf	_flags
  1156     057E                     l1165:
  1157                           
  1158                           ;C:\Program Files\Microchip\xc8\v3.10\pic\sources\c99\common\doprnt.c: 1205:         pre
      +                          c = -1;
  1159     057E  30FF               	movlw	255
  1160     057F  00DD               	movwf	_prec
  1161     0580  30FF               	movlw	255
  1162     0581  00DE               	movwf	_prec+1
  1163     0582                     l1167:
  1164                           
  1165                           ;C:\Program Files\Microchip\xc8\v3.10\pic\sources\c99\common\doprnt.c: 1256:   width = r
      +                          ead_prec_or_width(fmt, ap);
  1166     0582  083A               	movf	vfpfcnvrt@fmt,w
  1167     0583  00F6               	movwf	read_prec_or_width@fmt
  1168     0584  083B               	movf	vfpfcnvrt@ap,w
  1169     0585  00F7               	movwf	read_prec_or_width@ap
  1170     0586  120A  118A  2456  120A  118A  	fcall	_read_prec_or_width
  1171     058B  0877               	movf	?_read_prec_or_width+1,w
  1172     058C  1283               	bcf	3,5	;RP0=0, select bank0
  1173     058D  1303               	bcf	3,6	;RP1=0, select bank0
  1174     058E  00DC               	movwf	_width+1
  1175     058F  0876               	movf	?_read_prec_or_width,w
  1176     0590  00DB               	movwf	_width
  1177     0591                     l1169:
  1178                           
  1179                           ;C:\Program Files\Microchip\xc8\v3.10\pic\sources\c99\common\doprnt.c: 1257:   if (width
      +                           < 0) {
  1180     0591  1FDC               	btfss	_width+1,7
  1181     0592  2D94               	goto	u881
  1182     0593  2D95               	goto	u880
  1183     0594                     u881:
  1184     0594  2D9B               	goto	l1175
  1185     0595                     u880:
  1186     0595                     l1171:
  1187                           
  1188                           ;C:\Program Files\Microchip\xc8\v3.10\pic\sources\c99\common\doprnt.c: 1258:    flags |=
      +                           (1 << 0);
  1189     0595  145F               	bsf	_flags,0
  1190     0596                     l1173:
  1191                           
  1192                           ;C:\Program Files\Microchip\xc8\v3.10\pic\sources\c99\common\doprnt.c: 1259:    width = 
      +                          -width;
  1193     0596  09DB               	comf	_width,f
  1194     0597  09DC               	comf	_width+1,f
  1195     0598  0ADB               	incf	_width,f
  1196     0599  1903               	skipnz
  1197     059A  0ADC               	incf	_width+1,f
  1198     059B                     l1175:
  1199                           
  1200                           ;C:\Program Files\Microchip\xc8\v3.10\pic\sources\c99\common\doprnt.c: 1439:   if (0
  1201     059B  083A               	movf	vfpfcnvrt@fmt,w
  1202     059C  0084               	movwf	4
  1203     059D  1383               	bcf	3,7	;select IRP bank0
  1204     059E  0800               	movf	0,w
  1205     059F  00C2               	movwf	vfpfcnvrt@cp
  1206     05A0                     l1177:
  1207     05A0  0842               	movf	vfpfcnvrt@cp,w
  1208     05A1  0084               	movwf	4
  1209     05A2  120A  118A  2003  120A  118A  	fcall	stringdir
  1210     05A7  3A75               	xorlw	117
  1211     05A8  1D03               	skipz
  1212     05A9  2DAB               	goto	u891
  1213     05AA  2DAC               	goto	u890
  1214     05AB                     u891:
  1215     05AB  2DD8               	goto	l1189
  1216     05AC                     u890:
  1217     05AC                     l1179:
  1218                           
  1219                           ;C:\Program Files\Microchip\xc8\v3.10\pic\sources\c99\common\doprnt.c: 1452:     ) {;C:\
      +                          Program Files\Microchip\xc8\v3.10\pic\sources\c99\common\doprnt.c: 1495:    convarg.uint
      +                           = (vfpf_uint_t)(unsigned int)(*(unsigned int *)__va_arg(*(unsigned int **)ap, (unsigned
      +                           int)0));
  1220     05AC  083B               	movf	vfpfcnvrt@ap,w
  1221     05AD  0084               	movwf	4
  1222     05AE  0800               	movf	0,w
  1223     05AF  00BC               	movwf	??_vfpfcnvrt
  1224     05B0  3002               	movlw	2
  1225     05B1  0780               	addwf	0,f
  1226     05B2  083C               	movf	??_vfpfcnvrt,w
  1227     05B3  0084               	movwf	4
  1228     05B4  0800               	movf	0,w
  1229     05B5  00BE               	movwf	vfpfcnvrt@convarg
  1230     05B6  0A84               	incf	4,f
  1231     05B7  0800               	movf	0,w
  1232     05B8  00BF               	movwf	vfpfcnvrt@convarg+1
  1233                           
  1234                           ;C:\Program Files\Microchip\xc8\v3.10\pic\sources\c99\common\doprnt.c: 1497:    *fmt = c
      +                          p+1;
  1235     05B9  083A               	movf	vfpfcnvrt@fmt,w
  1236     05BA  0084               	movwf	4
  1237     05BB  0842               	movf	vfpfcnvrt@cp,w
  1238     05BC  3E01               	addlw	1
  1239     05BD  0080               	movwf	0
  1240                           
  1241                           ;C:\Program Files\Microchip\xc8\v3.10\pic\sources\c99\common\doprnt.c: 1498:    switch (
      +                          *cp) {
  1242     05BE  2DCD               	goto	l1187
  1243     05BF                     l1181:
  1244                           
  1245                           ;C:\Program Files\Microchip\xc8\v3.10\pic\sources\c99\common\doprnt.c: 1542:      return
      +                           (void) utoa(fp, convarg.uint);;	Return value of _vfpfcnvrt is never used
  1246     05BF  0838               	movf	vfpfcnvrt@fp,w
  1247     05C0  00AF               	movwf	utoa@fp
  1248     05C1  0839               	movf	vfpfcnvrt@fp+1,w
  1249     05C2  00B0               	movwf	utoa@fp+1
  1250     05C3  083F               	movf	vfpfcnvrt@convarg+1,w
  1251     05C4  00B2               	movwf	utoa@d+1
  1252     05C5  083E               	movf	vfpfcnvrt@convarg,w
  1253     05C6  00B1               	movwf	utoa@d
  1254     05C7  120A  118A  24FC  120A  118A  	fcall	_utoa
  1255     05CC  2DF9               	goto	l655
  1256     05CD                     l1187:
  1257     05CD  0842               	movf	vfpfcnvrt@cp,w
  1258     05CE  0084               	movwf	4
  1259     05CF  120A  118A  2003  120A  118A  	fcall	stringdir
  1260                           
  1261                           ; Switch size 1, requested type "simple"
  1262                           ; Number of cases is 1, Range of values is 117 to 117
  1263                           ; switch strategies available:
  1264                           ; Name         Instructions Cycles
  1265                           ; simple_byte            4     3 (average)
  1266                           ; direct_byte           14    11 (fixed)
  1267                           ; jumptable            263     9 (fixed)
  1268                           ;	Chosen strategy is simple_byte
  1269     05D4  3A75               	xorlw	117	; case 117
  1270     05D5  1903               	skipnz
  1271     05D6  2DBF               	goto	l1181
  1272     05D7  2DD8               	goto	l1189
  1273     05D8                     l1189:
  1274                           
  1275                           ;C:\Program Files\Microchip\xc8\v3.10\pic\sources\c99\common\doprnt.c: 1806:         ++*
      +                          fmt;
  1276     05D8  1283               	bcf	3,5	;RP0=0, select bank0
  1277     05D9  1303               	bcf	3,6	;RP1=0, select bank0
  1278     05DA  083A               	movf	vfpfcnvrt@fmt,w
  1279     05DB  0084               	movwf	4
  1280     05DC  3001               	movlw	1
  1281     05DD  1383               	bcf	3,7	;select IRP bank0
  1282     05DE  0780               	addwf	0,f
  1283     05DF  2DF9               	goto	l655
  1284     05E0                     l1193:
  1285                           
  1286                           ;C:\Program Files\Microchip\xc8\v3.10\pic\sources\c99\common\doprnt.c: 1811:     fputc((
      +                          int)(*fmt)[0], fp);
  1287     05E0  083A               	movf	vfpfcnvrt@fmt,w
  1288     05E1  0084               	movwf	4
  1289     05E2  0800               	movf	0,w
  1290     05E3  0084               	movwf	4
  1291     05E4  120A  118A  2003  120A  118A  	fcall	stringdir
  1292     05E9  00BC               	movwf	??_vfpfcnvrt
  1293     05EA  01BD               	clrf	??_vfpfcnvrt+1
  1294     05EB  083C               	movf	??_vfpfcnvrt,w
  1295     05EC  00F0               	movwf	fputc@c
  1296     05ED  083D               	movf	??_vfpfcnvrt+1,w
  1297     05EE  00F1               	movwf	fputc@c+1
  1298     05EF  0838               	movf	vfpfcnvrt@fp,w
  1299     05F0  00F2               	movwf	fputc@fp
  1300     05F1  0839               	movf	vfpfcnvrt@fp+1,w
  1301     05F2  00F3               	movwf	fputc@fp+1
  1302     05F3  120A  118A  2693  120A  118A  	fcall	_fputc
  1303     05F8  2DD8               	goto	l1189
  1304     05F9                     l655:
  1305     05F9  0008               	return
  1306     05FA                     __end_of_vfpfcnvrt:
  1307                           
  1308                           	psect	text4
  1309     04FC                     __ptext4:	
  1310 ;; *************** function _utoa *****************
  1311 ;; Defined at:
  1312 ;;		line 1001 in file "C:\Program Files\Microchip\xc8\v3.10\pic\sources\c99\common\doprnt.c"
  1313 ;; Parameters:    Size  Location     Type
  1314 ;;  fp              2   15[BANK0 ] PTR struct _IO_FILE
  1315 ;;		 -> sprintf@f(11), 
  1316 ;;  d               2   17[BANK0 ] unsigned int 
  1317 ;; Auto vars:     Size  Location     Type
  1318 ;;  i               2   22[BANK0 ] int 
  1319 ;;  w               2   19[BANK0 ] int 
  1320 ;;  p               1   21[BANK0 ] _Bool 
  1321 ;; Return value:  Size  Location     Type
  1322 ;;                  1    wreg      void 
  1323 ;; Registers used:
  1324 ;;		wreg, fsr0l, fsr0h, status,2, status,0, pclath, cstack
  1325 ;; Tracked objects:
  1326 ;;		On entry : 0/0
  1327 ;;		On exit  : 0/0
  1328 ;;		Unchanged: 0/0
  1329 ;; Data sizes:     COMMON   BANK0   BANK1   BANK3   BANK2
  1330 ;;      Params:         0       4       0       0       0
  1331 ;;      Locals:         0       5       0       0       0
  1332 ;;      Temps:          0       0       0       0       0
  1333 ;;      Totals:         0       9       0       0       0
  1334 ;;Total ram usage:        9 bytes
  1335 ;; Hardware stack levels used: 1
  1336 ;; Hardware stack levels required when called: 3
  1337 ;; This function calls:
  1338 ;;		___lwdiv
  1339 ;;		___lwmod
  1340 ;;		_pad
  1341 ;; This function is called by:
  1342 ;;		_vfpfcnvrt
  1343 ;; This function uses a non-reentrant model
  1344 ;;
  1345                           
  1346     04FC                     _utoa:	
  1347                           ;psect for function _utoa
  1348                           
  1349     04FC                     l1117:	
  1350                           ;incstack = 0
  1351                           ; Regs used in _utoa: [wreg-fsr0h+status,2+status,0+pclath+cstack]
  1352                           
  1353                           
  1354                           ;C:\Program Files\Microchip\xc8\v3.10\pic\sources\c99\common\doprnt.c: 1001: static void
      +                           utoa(FILE *fp, vfpf_uint_t d);C:\Program Files\Microchip\xc8\v3.10\pic\sources\c99\comm
      +                          on\doprnt.c: 1002: {;C:\Program Files\Microchip\xc8\v3.10\pic\sources\c99\common\doprnt.
      +                          c: 1003:     int i, w;;C:\Program Files\Microchip\xc8\v3.10\pic\sources\c99\common\doprn
      +                          t.c: 1007:  _Bool p = 1;
  1355     04FC  3001               	movlw	1
  1356     04FD  1283               	bcf	3,5	;RP0=0, select bank0
  1357     04FE  1303               	bcf	3,6	;RP1=0, select bank0
  1358     04FF  00B5               	movwf	utoa@p
  1359     0500                     l1119:
  1360                           
  1361                           ;C:\Program Files\Microchip\xc8\v3.10\pic\sources\c99\common\doprnt.c: 1019:     w = wid
      +                          th;
  1362     0500  085C               	movf	_width+1,w
  1363     0501  00B4               	movwf	utoa@w+1
  1364     0502  085B               	movf	_width,w
  1365     0503  00B3               	movwf	utoa@w
  1366                           
  1367                           ;C:\Program Files\Microchip\xc8\v3.10\pic\sources\c99\common\doprnt.c: 1022:     i = siz
      +                          eof(dbuf) - 1;
  1368     0504  301F               	movlw	31
  1369     0505  00B6               	movwf	utoa@i
  1370     0506  3000               	movlw	0
  1371     0507  00B7               	movwf	utoa@i+1
  1372     0508                     l1121:
  1373                           
  1374                           ;C:\Program Files\Microchip\xc8\v3.10\pic\sources\c99\common\doprnt.c: 1023:     dbuf[i]
      +                           = '\0';
  1375     0508  1683               	bsf	3,5	;RP0=1, select bank1
  1376     0509  1303               	bcf	3,6	;RP1=0, select bank1
  1377     050A  01BF               	clrf	(_dbuf^(0+128)+31)
  1378                           
  1379                           ;C:\Program Files\Microchip\xc8\v3.10\pic\sources\c99\common\doprnt.c: 1024:     while (
      +                          i && (d != 0
  1380     050B  2D42               	goto	l1133
  1381     050C                     l1123:
  1382                           
  1383                           ;C:\Program Files\Microchip\xc8\v3.10\pic\sources\c99\common\doprnt.c: 1033:     )) {;C:
      +                          \Program Files\Microchip\xc8\v3.10\pic\sources\c99\common\doprnt.c: 1034:         --i;
  1384     050C  30FF               	movlw	255
  1385     050D  07B6               	addwf	utoa@i,f
  1386     050E  1803               	skipnc
  1387     050F  0AB7               	incf	utoa@i+1,f
  1388     0510  30FF               	movlw	255
  1389     0511  07B7               	addwf	utoa@i+1,f
  1390     0512                     l1125:
  1391                           
  1392                           ;C:\Program Files\Microchip\xc8\v3.10\pic\sources\c99\common\doprnt.c: 1035:         dbu
      +                          f[i] = '0' + (d % 10);
  1393     0512  0836               	movf	utoa@i,w
  1394     0513  3EA0               	addlw	(low (_dbuf| 0))& (0+255)
  1395     0514  0084               	movwf	4
  1396     0515  300A               	movlw	10
  1397     0516  00F0               	movwf	___lwmod@divisor
  1398     0517  3000               	movlw	0
  1399     0518  00F1               	movwf	___lwmod@divisor+1
  1400     0519  0832               	movf	utoa@d+1,w
  1401     051A  00F3               	movwf	___lwmod@dividend+1
  1402     051B  0831               	movf	utoa@d,w
  1403     051C  00F2               	movwf	___lwmod@dividend
  1404     051D  120A  118A  2396  120A  118A  	fcall	___lwmod
  1405     0522  0870               	movf	?___lwmod,w
  1406     0523  3E30               	addlw	48
  1407     0524  1383               	bcf	3,7	;select IRP bank1
  1408     0525  0080               	movwf	0
  1409     0526                     l1127:
  1410                           
  1411                           ;C:\Program Files\Microchip\xc8\v3.10\pic\sources\c99\common\doprnt.c: 1039:   p = 0;
  1412     0526  1283               	bcf	3,5	;RP0=0, select bank0
  1413     0527  1303               	bcf	3,6	;RP1=0, select bank0
  1414     0528  01B5               	clrf	utoa@p
  1415     0529                     l1129:
  1416                           
  1417                           ;C:\Program Files\Microchip\xc8\v3.10\pic\sources\c99\common\doprnt.c: 1041:         --w
      +                          ;
  1418     0529  30FF               	movlw	255
  1419     052A  07B3               	addwf	utoa@w,f
  1420     052B  1803               	skipnc
  1421     052C  0AB4               	incf	utoa@w+1,f
  1422     052D  30FF               	movlw	255
  1423     052E  07B4               	addwf	utoa@w+1,f
  1424     052F                     l1131:
  1425                           
  1426                           ;C:\Program Files\Microchip\xc8\v3.10\pic\sources\c99\common\doprnt.c: 1042:         d =
      +                           d / 10;
  1427     052F  300A               	movlw	10
  1428     0530  00F0               	movwf	___lwdiv@divisor
  1429     0531  3000               	movlw	0
  1430     0532  00F1               	movwf	___lwdiv@divisor+1
  1431     0533  0832               	movf	utoa@d+1,w
  1432     0534  00F3               	movwf	___lwdiv@dividend+1
  1433     0535  0831               	movf	utoa@d,w
  1434     0536  00F2               	movwf	___lwdiv@dividend
  1435     0537  120A  118A  23CE  120A  118A  	fcall	___lwdiv
  1436     053C  0871               	movf	?___lwdiv+1,w
  1437     053D  1283               	bcf	3,5	;RP0=0, select bank0
  1438     053E  1303               	bcf	3,6	;RP1=0, select bank0
  1439     053F  00B2               	movwf	utoa@d+1
  1440     0540  0870               	movf	?___lwdiv,w
  1441     0541  00B1               	movwf	utoa@d
  1442     0542                     l1133:
  1443                           
  1444                           ;C:\Program Files\Microchip\xc8\v3.10\pic\sources\c99\common\doprnt.c: 1024:     while (
      +                          i && (d != 0
  1445     0542  1283               	bcf	3,5	;RP0=0, select bank0
  1446     0543  0836               	movf	utoa@i,w
  1447     0544  0437               	iorwf	utoa@i+1,w
  1448     0545  1903               	btfsc	3,2
  1449     0546  2D48               	goto	u821
  1450     0547  2D49               	goto	u820
  1451     0548                     u821:
  1452     0548  2D54               	goto	l1139
  1453     0549                     u820:
  1454     0549                     l1135:
  1455     0549  0831               	movf	utoa@d,w
  1456     054A  0432               	iorwf	utoa@d+1,w
  1457     054B  1D03               	btfss	3,2
  1458     054C  2D4E               	goto	u831
  1459     054D  2D4F               	goto	u830
  1460     054E                     u831:
  1461     054E  2D0C               	goto	l1123
  1462     054F                     u830:
  1463     054F                     l1137:
  1464     054F  0835               	movf	utoa@p,w
  1465     0550  1D03               	btfss	3,2
  1466     0551  2D53               	goto	u841
  1467     0552  2D54               	goto	u840
  1468     0553                     u841:
  1469     0553  2D0C               	goto	l1123
  1470     0554                     u840:
  1471     0554                     l1139:
  1472                           
  1473                           ;C:\Program Files\Microchip\xc8\v3.10\pic\sources\c99\common\doprnt.c: 1046:     return 
      +                          (void) pad(fp, &dbuf[i], w);
  1474     0554  082F               	movf	utoa@fp,w
  1475     0555  00A8               	movwf	pad@fp
  1476     0556  0830               	movf	utoa@fp+1,w
  1477     0557  00A9               	movwf	pad@fp+1
  1478     0558  0836               	movf	utoa@i,w
  1479     0559  3EA0               	addlw	(low (_dbuf| 0))& (0+255)
  1480     055A  00AA               	movwf	pad@buf
  1481     055B  0834               	movf	utoa@w+1,w
  1482     055C  00AC               	movwf	pad@p+1
  1483     055D  0833               	movf	utoa@w,w
  1484     055E  00AB               	movwf	pad@p
  1485     055F  120A  118A  24A9  120A  118A  	fcall	_pad
  1486     0564                     l637:
  1487     0564  0008               	return
  1488     0565                     __end_of_utoa:
  1489                           
  1490                           	psect	text5
  1491     04A9                     __ptext5:	
  1492 ;; *************** function _pad *****************
  1493 ;; Defined at:
  1494 ;;		line 193 in file "C:\Program Files\Microchip\xc8\v3.10\pic\sources\c99\common\doprnt.c"
  1495 ;; Parameters:    Size  Location     Type
  1496 ;;  fp              2    8[BANK0 ] PTR struct _IO_FILE
  1497 ;;		 -> sprintf@f(11), 
  1498 ;;  buf             1   10[BANK0 ] PTR unsigned char 
  1499 ;;		 -> dbuf(32), 
  1500 ;;  p               2   11[BANK0 ] int 
  1501 ;; Auto vars:     Size  Location     Type
  1502 ;;  i               2   13[BANK0 ] int 
  1503 ;; Return value:  Size  Location     Type
  1504 ;;                  1    wreg      void 
  1505 ;; Registers used:
  1506 ;;		wreg, fsr0l, fsr0h, status,2, status,0, pclath, cstack
  1507 ;; Tracked objects:
  1508 ;;		On entry : 0/0
  1509 ;;		On exit  : 0/0
  1510 ;;		Unchanged: 0/0
  1511 ;; Data sizes:     COMMON   BANK0   BANK1   BANK3   BANK2
  1512 ;;      Params:         0       5       0       0       0
  1513 ;;      Locals:         0       2       0       0       0
  1514 ;;      Temps:          1       0       0       0       0
  1515 ;;      Totals:         1       7       0       0       0
  1516 ;;Total ram usage:        8 bytes
  1517 ;; Hardware stack levels used: 1
  1518 ;; Hardware stack levels required when called: 2
  1519 ;; This function calls:
  1520 ;;		_fputc
  1521 ;;		_fputs
  1522 ;; This function is called by:
  1523 ;;		_utoa
  1524 ;; This function uses a non-reentrant model
  1525 ;;
  1526                           
  1527     04A9                     _pad:	
  1528                           ;psect for function _pad
  1529                           
  1530     04A9                     l1101:	
  1531                           ;incstack = 0
  1532                           ; Regs used in _pad: [wreg-fsr0h+status,2+status,0+pclath+cstack]
  1533                           
  1534                           
  1535                           ;C:\Program Files\Microchip\xc8\v3.10\pic\sources\c99\common\doprnt.c: 193: static void 
      +                          pad(FILE *fp, char *buf, int p);C:\Program Files\Microchip\xc8\v3.10\pic\sources\c99\com
      +                          mon\doprnt.c: 194: {;C:\Program Files\Microchip\xc8\v3.10\pic\sources\c99\common\doprnt.
      +                          c: 195:     int i;;C:\Program Files\Microchip\xc8\v3.10\pic\sources\c99\common\doprnt.c:
      +                           199:     if (flags & (1 << 0)) {
  1536     04A9  1283               	bcf	3,5	;RP0=0, select bank0
  1537     04AA  1303               	bcf	3,6	;RP1=0, select bank0
  1538     04AB  1C5F               	btfss	_flags,0
  1539     04AC  2CAE               	goto	u781
  1540     04AD  2CAF               	goto	u780
  1541     04AE                     u781:
  1542     04AE  2CBA               	goto	l1105
  1543     04AF                     u780:
  1544     04AF                     l1103:
  1545                           
  1546                           ;C:\Program Files\Microchip\xc8\v3.10\pic\sources\c99\common\doprnt.c: 200:         fput
      +                          s((const char *)buf, fp);
  1547     04AF  082A               	movf	pad@buf,w
  1548     04B0  00A0               	movwf	fputs@s
  1549     04B1  0828               	movf	pad@fp,w
  1550     04B2  00A1               	movwf	fputs@fp
  1551     04B3  0829               	movf	pad@fp+1,w
  1552     04B4  00A2               	movwf	fputs@fp+1
  1553     04B5  120A  118A  236B  120A  118A  	fcall	_fputs
  1554     04BA                     l1105:
  1555                           
  1556                           ;C:\Program Files\Microchip\xc8\v3.10\pic\sources\c99\common\doprnt.c: 205:  if (p < 0) 
      +                          {
  1557     04BA  1283               	bcf	3,5	;RP0=0, select bank0
  1558     04BB  1303               	bcf	3,6	;RP1=0, select bank0
  1559     04BC  1FAC               	btfss	pad@p+1,7
  1560     04BD  2CBF               	goto	u791
  1561     04BE  2CC0               	goto	u790
  1562     04BF                     u791:
  1563     04BF  2CC2               	goto	l624
  1564     04C0                     u790:
  1565     04C0                     l1107:
  1566                           
  1567                           ;C:\Program Files\Microchip\xc8\v3.10\pic\sources\c99\common\doprnt.c: 206:   p = 0;
  1568     04C0  01AB               	clrf	pad@p
  1569     04C1  01AC               	clrf	pad@p+1
  1570     04C2                     l624:	
  1571                           ;C:\Program Files\Microchip\xc8\v3.10\pic\sources\c99\common\doprnt.c: 207:  }
  1572                           
  1573                           
  1574                           ;C:\Program Files\Microchip\xc8\v3.10\pic\sources\c99\common\doprnt.c: 208:     i = 0;
  1575     04C2  01AD               	clrf	pad@i
  1576     04C3  01AE               	clrf	pad@i+1
  1577                           
  1578                           ;C:\Program Files\Microchip\xc8\v3.10\pic\sources\c99\common\doprnt.c: 209:     while (i
      +                           < p) {
  1579     04C4  2CDC               	goto	l1113
  1580     04C5                     l1109:
  1581                           
  1582                           ;C:\Program Files\Microchip\xc8\v3.10\pic\sources\c99\common\doprnt.c: 210:         fput
      +                          c(' ', fp);
  1583     04C5  3020               	movlw	32
  1584     04C6  00F0               	movwf	fputc@c
  1585     04C7  3000               	movlw	0
  1586     04C8  00F1               	movwf	fputc@c+1
  1587     04C9  1283               	bcf	3,5	;RP0=0, select bank0
  1588     04CA  1303               	bcf	3,6	;RP1=0, select bank0
  1589     04CB  0828               	movf	pad@fp,w
  1590     04CC  00F2               	movwf	fputc@fp
  1591     04CD  0829               	movf	pad@fp+1,w
  1592     04CE  00F3               	movwf	fputc@fp+1
  1593     04CF  120A  118A  2693  120A  118A  	fcall	_fputc
  1594     04D4                     l1111:
  1595                           
  1596                           ;C:\Program Files\Microchip\xc8\v3.10\pic\sources\c99\common\doprnt.c: 211:         ++i;
  1597     04D4  3001               	movlw	1
  1598     04D5  1283               	bcf	3,5	;RP0=0, select bank0
  1599     04D6  1303               	bcf	3,6	;RP1=0, select bank0
  1600     04D7  07AD               	addwf	pad@i,f
  1601     04D8  1803               	skipnc
  1602     04D9  0AAE               	incf	pad@i+1,f
  1603     04DA  3000               	movlw	0
  1604     04DB  07AE               	addwf	pad@i+1,f
  1605     04DC                     l1113:
  1606                           
  1607                           ;C:\Program Files\Microchip\xc8\v3.10\pic\sources\c99\common\doprnt.c: 209:     while (i
      +                           < p) {
  1608     04DC  082E               	movf	pad@i+1,w
  1609     04DD  3A80               	xorlw	128
  1610     04DE  00FD               	movwf	??_pad
  1611     04DF  082C               	movf	pad@p+1,w
  1612     04E0  3A80               	xorlw	128
  1613     04E1  027D               	subwf	??_pad,w
  1614     04E2  1D03               	skipz
  1615     04E3  2CE6               	goto	u805
  1616     04E4  082B               	movf	pad@p,w
  1617     04E5  022D               	subwf	pad@i,w
  1618     04E6                     u805:
  1619     04E6  1C03               	skipc
  1620     04E7  2CE9               	goto	u801
  1621     04E8  2CEA               	goto	u800
  1622     04E9                     u801:
  1623     04E9  2CC5               	goto	l1109
  1624     04EA                     u800:
  1625     04EA                     l627:
  1626                           
  1627                           ;C:\Program Files\Microchip\xc8\v3.10\pic\sources\c99\common\doprnt.c: 216:     if (!(fl
      +                          ags & (1 << 0))) {
  1628     04EA  1283               	bcf	3,5	;RP0=0, select bank0
  1629     04EB  1303               	bcf	3,6	;RP1=0, select bank0
  1630     04EC  185F               	btfsc	_flags,0
  1631     04ED  2CEF               	goto	u811
  1632     04EE  2CF0               	goto	u810
  1633     04EF                     u811:
  1634     04EF  2CFB               	goto	l629
  1635     04F0                     u810:
  1636     04F0                     l1115:
  1637                           
  1638                           ;C:\Program Files\Microchip\xc8\v3.10\pic\sources\c99\common\doprnt.c: 218:         fput
      +                          s((const char *)buf, fp);
  1639     04F0  082A               	movf	pad@buf,w
  1640     04F1  00A0               	movwf	fputs@s
  1641     04F2  0828               	movf	pad@fp,w
  1642     04F3  00A1               	movwf	fputs@fp
  1643     04F4  0829               	movf	pad@fp+1,w
  1644     04F5  00A2               	movwf	fputs@fp+1
  1645     04F6  120A  118A  236B  120A  118A  	fcall	_fputs
  1646     04FB                     l629:
  1647     04FB  0008               	return
  1648     04FC                     __end_of_pad:
  1649                           
  1650                           	psect	text6
  1651     036B                     __ptext6:	
  1652 ;; *************** function _fputs *****************
  1653 ;; Defined at:
  1654 ;;		line 8 in file "C:\Program Files\Microchip\xc8\v3.10\pic\sources\c99\common\nf_fputs.c"
  1655 ;; Parameters:    Size  Location     Type
  1656 ;;  s               1    0[BANK0 ] PTR const unsigned char 
  1657 ;;		 -> dbuf(32), 
  1658 ;;  fp              2    1[BANK0 ] PTR struct _IO_FILE
  1659 ;;		 -> sprintf@f(11), 
  1660 ;; Auto vars:     Size  Location     Type
  1661 ;;  i               2    6[BANK0 ] int 
  1662 ;;  c               1    5[BANK0 ] unsigned char 
  1663 ;; Return value:  Size  Location     Type
  1664 ;;                  2    0[BANK0 ] int 
  1665 ;; Registers used:
  1666 ;;		wreg, fsr0l, fsr0h, status,2, status,0, pclath, cstack
  1667 ;; Tracked objects:
  1668 ;;		On entry : 0/0
  1669 ;;		On exit  : 0/0
  1670 ;;		Unchanged: 0/0
  1671 ;; Data sizes:     COMMON   BANK0   BANK1   BANK3   BANK2
  1672 ;;      Params:         0       3       0       0       0
  1673 ;;      Locals:         0       3       0       0       0
  1674 ;;      Temps:          0       2       0       0       0
  1675 ;;      Totals:         0       8       0       0       0
  1676 ;;Total ram usage:        8 bytes
  1677 ;; Hardware stack levels used: 1
  1678 ;; Hardware stack levels required when called: 1
  1679 ;; This function calls:
  1680 ;;		_fputc
  1681 ;; This function is called by:
  1682 ;;		_pad
  1683 ;; This function uses a non-reentrant model
  1684 ;;
  1685                           
  1686     036B                     _fputs:	
  1687                           ;psect for function _fputs
  1688                           
  1689     036B                     l1031:	
  1690                           ;incstack = 0
  1691                           ; Regs used in _fputs: [wreg-fsr0h+status,2+status,0+pclath+cstack]
  1692                           
  1693     036B  1283               	bcf	3,5	;RP0=0, select bank0
  1694     036C  1303               	bcf	3,6	;RP1=0, select bank0
  1695     036D  01A6               	clrf	fputs@i
  1696     036E  01A7               	clrf	fputs@i+1
  1697     036F  2B88               	goto	l1037
  1698     0370                     l1033:
  1699     0370  0825               	movf	fputs@c,w
  1700     0371  00A3               	movwf	??_fputs
  1701     0372  01A4               	clrf	??_fputs+1
  1702     0373  0823               	movf	??_fputs,w
  1703     0374  00F0               	movwf	fputc@c
  1704     0375  0824               	movf	??_fputs+1,w
  1705     0376  00F1               	movwf	fputc@c+1
  1706     0377  0821               	movf	fputs@fp,w
  1707     0378  00F2               	movwf	fputc@fp
  1708     0379  0822               	movf	fputs@fp+1,w
  1709     037A  00F3               	movwf	fputc@fp+1
  1710     037B  120A  118A  2693  120A  118A  	fcall	_fputc
  1711     0380                     l1035:
  1712     0380  3001               	movlw	1
  1713     0381  1283               	bcf	3,5	;RP0=0, select bank0
  1714     0382  1303               	bcf	3,6	;RP1=0, select bank0
  1715     0383  07A6               	addwf	fputs@i,f
  1716     0384  1803               	skipnc
  1717     0385  0AA7               	incf	fputs@i+1,f
  1718     0386  3000               	movlw	0
  1719     0387  07A7               	addwf	fputs@i+1,f
  1720     0388                     l1037:
  1721     0388  0826               	movf	fputs@i,w
  1722     0389  0720               	addwf	fputs@s,w
  1723     038A  00A3               	movwf	??_fputs
  1724     038B  0823               	movf	??_fputs,w
  1725     038C  0084               	movwf	4
  1726     038D  1383               	bcf	3,7	;select IRP bank0
  1727     038E  0800               	movf	0,w
  1728     038F  00A5               	movwf	fputs@c
  1729     0390  0825               	movf	fputs@c,w
  1730     0391  1D03               	btfss	3,2
  1731     0392  2B94               	goto	u601
  1732     0393  2B95               	goto	u600
  1733     0394                     u601:
  1734     0394  2B70               	goto	l1033
  1735     0395                     u600:
  1736     0395                     l682:
  1737     0395  0008               	return
  1738     0396                     __end_of_fputs:
  1739                           
  1740                           	psect	text7
  1741     0693                     __ptext7:	
  1742 ;; *************** function _fputc *****************
  1743 ;; Defined at:
  1744 ;;		line 8 in file "C:\Program Files\Microchip\xc8\v3.10\pic\sources\c99\common\nf_fputc.c"
  1745 ;; Parameters:    Size  Location     Type
  1746 ;;  c               2    0[COMMON] int 
  1747 ;;  fp              2    2[COMMON] PTR struct _IO_FILE
  1748 ;;		 -> sprintf@f(11), 
  1749 ;; Auto vars:     Size  Location     Type
  1750 ;;		None
  1751 ;; Return value:  Size  Location     Type
  1752 ;;                  2    0[COMMON] int 
  1753 ;; Registers used:
  1754 ;;		wreg, fsr0l, fsr0h, status,2, status,0, pclath, cstack
  1755 ;; Tracked objects:
  1756 ;;		On entry : 0/0
  1757 ;;		On exit  : 0/0
  1758 ;;		Unchanged: 0/0
  1759 ;; Data sizes:     COMMON   BANK0   BANK1   BANK3   BANK2
  1760 ;;      Params:         4       0       0       0       0
  1761 ;;      Locals:         0       0       0       0       0
  1762 ;;      Temps:          9       0       0       0       0
  1763 ;;      Totals:        13       0       0       0       0
  1764 ;;Total ram usage:       13 bytes
  1765 ;; Hardware stack levels used: 1
  1766 ;; This function calls:
  1767 ;;		_putch
  1768 ;; This function is called by:
  1769 ;;		_pad
  1770 ;;		_vfpfcnvrt
  1771 ;;		_fputs
  1772 ;; This function uses a non-reentrant model
  1773 ;;
  1774                           
  1775     0693                     _fputc:	
  1776                           ;psect for function _fputc
  1777                           
  1778     0693                     l1017:	
  1779                           ;incstack = 0
  1780                           ; Regs used in _fputc: [wreg-fsr0h+status,2+status,0+pclath+cstack]
  1781                           
  1782     0693  0872               	movf	fputc@fp,w
  1783     0694  0473               	iorwf	fputc@fp+1,w
  1784     0695  1903               	btfsc	3,2
  1785     0696  2E98               	goto	u551
  1786     0697  2E99               	goto	u550
  1787     0698                     u551:
  1788     0698  2E9F               	goto	l1021
  1789     0699                     u550:
  1790     0699                     l1019:
  1791     0699  0872               	movf	fputc@fp,w
  1792     069A  0473               	iorwf	fputc@fp+1,w
  1793     069B  1D03               	btfss	3,2
  1794     069C  2E9E               	goto	u561
  1795     069D  2E9F               	goto	u560
  1796     069E                     u561:
  1797     069E  2EA6               	goto	l1023
  1798     069F                     u560:
  1799     069F                     l1021:
  1800     069F  0870               	movf	fputc@c,w
  1801     06A0  120A  118A  226D  120A  118A  	fcall	_putch
  1802     06A5  2F2C               	goto	l674
  1803     06A6                     l1023:
  1804     06A6  0872               	movf	fputc@fp,w
  1805     06A7  3E09               	addlw	9
  1806     06A8  00F4               	movwf	??_fputc
  1807     06A9  0873               	movf	fputc@fp+1,w
  1808     06AA  1803               	skipnc
  1809     06AB  3E01               	addlw	1
  1810     06AC  3E00               	addlw	0
  1811     06AD  00F5               	movwf	??_fputc+1
  1812     06AE  0874               	movf	??_fputc,w
  1813     06AF  0084               	movwf	4
  1814     06B0  1783               	bsf	3,7
  1815     06B1  1C75               	btfss	??_fputc+1,0
  1816     06B2  1383               	bcf	3,7
  1817     06B3  0800               	movf	0,w
  1818     06B4  00F6               	movwf	??_fputc+2
  1819     06B5  0A84               	incf	4,f
  1820     06B6  0800               	movf	0,w
  1821     06B7  00F7               	movwf	??_fputc+3
  1822     06B8  0876               	movf	??_fputc+2,w
  1823     06B9  0477               	iorwf	??_fputc+3,w
  1824     06BA  1903               	btfsc	3,2
  1825     06BB  2EBD               	goto	u571
  1826     06BC  2EBE               	goto	u570
  1827     06BD                     u571:
  1828     06BD  2EF0               	goto	l1027
  1829     06BE                     u570:
  1830     06BE                     l1025:
  1831     06BE  0872               	movf	fputc@fp,w
  1832     06BF  3E09               	addlw	9
  1833     06C0  00F4               	movwf	??_fputc
  1834     06C1  0873               	movf	fputc@fp+1,w
  1835     06C2  1803               	skipnc
  1836     06C3  3E01               	addlw	1
  1837     06C4  3E00               	addlw	0
  1838     06C5  00F5               	movwf	??_fputc+1
  1839     06C6  0874               	movf	??_fputc,w
  1840     06C7  0084               	movwf	4
  1841     06C8  1783               	bsf	3,7
  1842     06C9  1C75               	btfss	??_fputc+1,0
  1843     06CA  1383               	bcf	3,7
  1844     06CB  0800               	movf	0,w
  1845     06CC  00F6               	movwf	??_fputc+2
  1846     06CD  0A84               	incf	4,f
  1847     06CE  0800               	movf	0,w
  1848     06CF  00F7               	movwf	??_fputc+3
  1849     06D0  0872               	movf	fputc@fp,w
  1850     06D1  3E02               	addlw	2
  1851     06D2  00F8               	movwf	??_fputc+4
  1852     06D3  0873               	movf	fputc@fp+1,w
  1853     06D4  1803               	skipnc
  1854     06D5  3E01               	addlw	1
  1855     06D6  3E00               	addlw	0
  1856     06D7  00F9               	movwf	??_fputc+5
  1857     06D8  0878               	movf	??_fputc+4,w
  1858     06D9  0084               	movwf	4
  1859     06DA  1783               	bsf	3,7
  1860     06DB  1C79               	btfss	??_fputc+5,0
  1861     06DC  1383               	bcf	3,7
  1862     06DD  0800               	movf	0,w
  1863     06DE  00FA               	movwf	??_fputc+6
  1864     06DF  0A84               	incf	4,f
  1865     06E0  0800               	movf	0,w
  1866     06E1  00FB               	movwf	??_fputc+7
  1867     06E2  087B               	movf	??_fputc+7,w
  1868     06E3  3A80               	xorlw	128
  1869     06E4  00FC               	movwf	??_fputc+8
  1870     06E5  0877               	movf	??_fputc+3,w
  1871     06E6  3A80               	xorlw	128
  1872     06E7  027C               	subwf	??_fputc+8,w
  1873     06E8  1D03               	skipz
  1874     06E9  2EEC               	goto	u585
  1875     06EA  0876               	movf	??_fputc+2,w
  1876     06EB  027A               	subwf	??_fputc+6,w
  1877     06EC                     u585:
  1878     06EC  1803               	skipnc
  1879     06ED  2EEF               	goto	u581
  1880     06EE  2EF0               	goto	u580
  1881     06EF                     u581:
  1882     06EF  2F2C               	goto	l674
  1883     06F0                     u580:
  1884     06F0                     l1027:
  1885     06F0  0872               	movf	fputc@fp,w
  1886     06F1  0084               	movwf	4
  1887     06F2  1783               	bsf	3,7
  1888     06F3  1C73               	btfss	fputc@fp+1,0
  1889     06F4  1383               	bcf	3,7
  1890     06F5  0800               	movf	0,w
  1891     06F6  00F4               	movwf	??_fputc
  1892     06F7  0A84               	incf	4,f
  1893     06F8  0800               	movf	0,w
  1894     06F9  00F5               	movwf	??_fputc+1
  1895     06FA  0872               	movf	fputc@fp,w
  1896     06FB  3E02               	addlw	2
  1897     06FC  00F6               	movwf	??_fputc+2
  1898     06FD  0873               	movf	fputc@fp+1,w
  1899     06FE  1803               	skipnc
  1900     06FF  3E01               	addlw	1
  1901     0700  3E00               	addlw	0
  1902     0701  00F7               	movwf	??_fputc+3
  1903     0702  0876               	movf	??_fputc+2,w
  1904     0703  0084               	movwf	4
  1905     0704  1783               	bsf	3,7
  1906     0705  1C77               	btfss	??_fputc+3,0
  1907     0706  1383               	bcf	3,7
  1908     0707  0800               	movf	0,w
  1909     0708  0774               	addwf	??_fputc,w
  1910     0709  00F9               	movwf	??_fputc+5
  1911     070A  0875               	movf	??_fputc+1,w
  1912     070B  00F8               	movwf	??_fputc+4
  1913     070C  1803               	skipnc
  1914     070D  0AF8               	incf	??_fputc+4,f
  1915     070E  1F80               	btfss	0,7
  1916     070F  2F11               	goto	u590
  1917     0710  03F8               	decf	??_fputc+4,f
  1918     0711                     u590:
  1919     0711  0878               	movf	??_fputc+4,w
  1920     0712  00FA               	movwf	??_fputc+6
  1921     0713  0879               	movf	??_fputc+5,w
  1922     0714  0084               	movwf	4
  1923     0715  1783               	bsf	3,7
  1924     0716  1C7A               	btfss	??_fputc+6,0
  1925     0717  1383               	bcf	3,7
  1926     0718  0870               	movf	fputc@c,w
  1927     0719  0080               	movwf	0
  1928     071A  0872               	movf	fputc@fp,w
  1929     071B  3E02               	addlw	2
  1930     071C  00F4               	movwf	??_fputc
  1931     071D  0873               	movf	fputc@fp+1,w
  1932     071E  1803               	skipnc
  1933     071F  3E01               	addlw	1
  1934     0720  3E00               	addlw	0
  1935     0721  00F5               	movwf	??_fputc+1
  1936     0722  0874               	movf	??_fputc,w
  1937     0723  0084               	movwf	4
  1938     0724  1783               	bsf	3,7
  1939     0725  1C75               	btfss	??_fputc+1,0
  1940     0726  1383               	bcf	3,7
  1941     0727  3001               	movlw	1
  1942     0728  0780               	addwf	0,f
  1943     0729  0A84               	incf	4,f
  1944     072A  1803               	skipnc
  1945     072B  0A80               	incf	0,f
  1946     072C                     l674:
  1947     072C  0008               	return
  1948     072D                     __end_of_fputc:
  1949                           
  1950                           	psect	text8
  1951     026D                     __ptext8:	
  1952 ;; *************** function _putch *****************
  1953 ;; Defined at:
  1954 ;;		line 7 in file "C:\Program Files\Microchip\xc8\v3.10\pic\sources\c99\common\putch.c"
  1955 ;; Parameters:    Size  Location     Type
  1956 ;;  c               1    wreg     unsigned char 
  1957 ;; Auto vars:     Size  Location     Type
  1958 ;;  c               1    0[COMMON] unsigned char 
  1959 ;; Return value:  Size  Location     Type
  1960 ;;                  1    wreg      void 
  1961 ;; Registers used:
  1962 ;;		wreg
  1963 ;; Tracked objects:
  1964 ;;		On entry : 0/0
  1965 ;;		On exit  : 0/0
  1966 ;;		Unchanged: 0/0
  1967 ;; Data sizes:     COMMON   BANK0   BANK1   BANK3   BANK2
  1968 ;;      Params:         0       0       0       0       0
  1969 ;;      Locals:         0       0       0       0       0
  1970 ;;      Temps:          0       0       0       0       0
  1971 ;;      Totals:         0       0       0       0       0
  1972 ;;Total ram usage:        0 bytes
  1973 ;; Hardware stack levels used: 1
  1974 ;; This function calls:
  1975 ;;		Nothing
  1976 ;; This function is called by:
  1977 ;;		_fputc
  1978 ;; This function uses a non-reentrant model
  1979 ;;
  1980                           
  1981     026D                     _putch:	
  1982                           ;psect for function _putch
  1983                           
  1984     026D                     l685:	
  1985                           ;incstack = 0
  1986                           ; Regs used in _putch: [wreg]
  1987                           
  1988     026D  0008               	return
  1989     026E                     __end_of_putch:
  1990                           
  1991                           	psect	text9
  1992     0396                     __ptext9:	
  1993 ;; *************** function ___lwmod *****************
  1994 ;; Defined at:
  1995 ;;		line 5 in file "C:\Program Files\Microchip\xc8\v3.10\pic\sources\c99\common\lwmod.c"
  1996 ;; Parameters:    Size  Location     Type
  1997 ;;  divisor         2    0[COMMON] unsigned int 
  1998 ;;  dividend        2    2[COMMON] unsigned int 
  1999 ;; Auto vars:     Size  Location     Type
  2000 ;;  counter         1    4[COMMON] unsigned char 
  2001 ;; Return value:  Size  Location     Type
  2002 ;;                  2    0[COMMON] unsigned int 
  2003 ;; Registers used:
  2004 ;;		wreg, status,2, status,0
  2005 ;; Tracked objects:
  2006 ;;		On entry : 0/0
  2007 ;;		On exit  : 0/0
  2008 ;;		Unchanged: 0/0
  2009 ;; Data sizes:     COMMON   BANK0   BANK1   BANK3   BANK2
  2010 ;;      Params:         4       0       0       0       0
  2011 ;;      Locals:         1       0       0       0       0
  2012 ;;      Temps:          0       0       0       0       0
  2013 ;;      Totals:         5       0       0       0       0
  2014 ;;Total ram usage:        5 bytes
  2015 ;; Hardware stack levels used: 1
  2016 ;; This function calls:
  2017 ;;		Nothing
  2018 ;; This function is called by:
  2019 ;;		_utoa
  2020 ;; This function uses a non-reentrant model
  2021 ;;
  2022                           
  2023     0396                     ___lwmod:	
  2024                           ;psect for function ___lwmod
  2025                           
  2026     0396                     l1079:	
  2027                           ;incstack = 0
  2028                           ; Regs used in ___lwmod: [wreg+status,2+status,0]
  2029                           
  2030     0396  0870               	movf	___lwmod@divisor,w
  2031     0397  0471               	iorwf	___lwmod@divisor+1,w
  2032     0398  1903               	btfsc	3,2
  2033     0399  2B9B               	goto	u721
  2034     039A  2B9C               	goto	u720
  2035     039B                     u721:
  2036     039B  2BC9               	goto	l1097
  2037     039C                     u720:
  2038     039C                     l1081:
  2039     039C  3001               	movlw	1
  2040     039D  00F4               	movwf	___lwmod@counter
  2041     039E  2BA8               	goto	l1087
  2042     039F                     l1083:
  2043     039F  3001               	movlw	1
  2044     03A0                     u735:
  2045     03A0  1003               	clrc
  2046     03A1  0DF0               	rlf	___lwmod@divisor,f
  2047     03A2  0DF1               	rlf	___lwmod@divisor+1,f
  2048     03A3  3EFF               	addlw	-1
  2049     03A4  1D03               	skipz
  2050     03A5  2BA0               	goto	u735
  2051     03A6                     l1085:
  2052     03A6  3001               	movlw	1
  2053     03A7  07F4               	addwf	___lwmod@counter,f
  2054     03A8                     l1087:
  2055     03A8  1FF1               	btfss	___lwmod@divisor+1,7
  2056     03A9  2BAB               	goto	u741
  2057     03AA  2BAC               	goto	u740
  2058     03AB                     u741:
  2059     03AB  2B9F               	goto	l1083
  2060     03AC                     u740:
  2061     03AC                     l1089:
  2062     03AC  0871               	movf	___lwmod@divisor+1,w
  2063     03AD  0273               	subwf	___lwmod@dividend+1,w
  2064     03AE  1D03               	skipz
  2065     03AF  2BB2               	goto	u755
  2066     03B0  0870               	movf	___lwmod@divisor,w
  2067     03B1  0272               	subwf	___lwmod@dividend,w
  2068     03B2                     u755:
  2069     03B2  1C03               	skipc
  2070     03B3  2BB5               	goto	u751
  2071     03B4  2BB6               	goto	u750
  2072     03B5                     u751:
  2073     03B5  2BBC               	goto	l1093
  2074     03B6                     u750:
  2075     03B6                     l1091:
  2076     03B6  0870               	movf	___lwmod@divisor,w
  2077     03B7  02F2               	subwf	___lwmod@dividend,f
  2078     03B8  0871               	movf	___lwmod@divisor+1,w
  2079     03B9  1C03               	skipc
  2080     03BA  03F3               	decf	___lwmod@dividend+1,f
  2081     03BB  02F3               	subwf	___lwmod@dividend+1,f
  2082     03BC                     l1093:
  2083     03BC  3001               	movlw	1
  2084     03BD                     u765:
  2085     03BD  1003               	clrc
  2086     03BE  0CF1               	rrf	___lwmod@divisor+1,f
  2087     03BF  0CF0               	rrf	___lwmod@divisor,f
  2088     03C0  3EFF               	addlw	-1
  2089     03C1  1D03               	skipz
  2090     03C2  2BBD               	goto	u765
  2091     03C3                     l1095:
  2092     03C3  3001               	movlw	1
  2093     03C4  02F4               	subwf	___lwmod@counter,f
  2094     03C5  1D03               	btfss	3,2
  2095     03C6  2BC8               	goto	u771
  2096     03C7  2BC9               	goto	u770
  2097     03C8                     u771:
  2098     03C8  2BAC               	goto	l1089
  2099     03C9                     u770:
  2100     03C9                     l1097:
  2101     03C9  0873               	movf	___lwmod@dividend+1,w
  2102     03CA  00F1               	movwf	?___lwmod+1
  2103     03CB  0872               	movf	___lwmod@dividend,w
  2104     03CC  00F0               	movwf	?___lwmod
  2105     03CD                     l433:
  2106     03CD  0008               	return
  2107     03CE                     __end_of___lwmod:
  2108                           
  2109                           	psect	text10
  2110     03CE                     __ptext10:	
  2111 ;; *************** function ___lwdiv *****************
  2112 ;; Defined at:
  2113 ;;		line 5 in file "C:\Program Files\Microchip\xc8\v3.10\pic\sources\c99\common\lwdiv.c"
  2114 ;; Parameters:    Size  Location     Type
  2115 ;;  divisor         2    0[COMMON] unsigned int 
  2116 ;;  dividend        2    2[COMMON] unsigned int 
  2117 ;; Auto vars:     Size  Location     Type
  2118 ;;  quotient        2    4[COMMON] unsigned int 
  2119 ;;  counter         1    6[COMMON] unsigned char 
  2120 ;; Return value:  Size  Location     Type
  2121 ;;                  2    0[COMMON] unsigned int 
  2122 ;; Registers used:
  2123 ;;		wreg, status,2, status,0
  2124 ;; Tracked objects:
  2125 ;;		On entry : 0/0
  2126 ;;		On exit  : 0/0
  2127 ;;		Unchanged: 0/0
  2128 ;; Data sizes:     COMMON   BANK0   BANK1   BANK3   BANK2
  2129 ;;      Params:         4       0       0       0       0
  2130 ;;      Locals:         3       0       0       0       0
  2131 ;;      Temps:          0       0       0       0       0
  2132 ;;      Totals:         7       0       0       0       0
  2133 ;;Total ram usage:        7 bytes
  2134 ;; Hardware stack levels used: 1
  2135 ;; This function calls:
  2136 ;;		Nothing
  2137 ;; This function is called by:
  2138 ;;		_utoa
  2139 ;; This function uses a non-reentrant model
  2140 ;;
  2141                           
  2142     03CE                     ___lwdiv:	
  2143                           ;psect for function ___lwdiv
  2144                           
  2145     03CE                     l1053:	
  2146                           ;incstack = 0
  2147                           ; Regs used in ___lwdiv: [wreg+status,2+status,0]
  2148                           
  2149     03CE  01F4               	clrf	___lwdiv@quotient
  2150     03CF  01F5               	clrf	___lwdiv@quotient+1
  2151     03D0                     l1055:
  2152     03D0  0870               	movf	___lwdiv@divisor,w
  2153     03D1  0471               	iorwf	___lwdiv@divisor+1,w
  2154     03D2  1903               	btfsc	3,2
  2155     03D3  2BD5               	goto	u651
  2156     03D4  2BD6               	goto	u650
  2157     03D5                     u651:
  2158     03D5  2C0B               	goto	l1075
  2159     03D6                     u650:
  2160     03D6                     l1057:
  2161     03D6  3001               	movlw	1
  2162     03D7  00F6               	movwf	___lwdiv@counter
  2163     03D8  2BE2               	goto	l1063
  2164     03D9                     l1059:
  2165     03D9  3001               	movlw	1
  2166     03DA                     u665:
  2167     03DA  1003               	clrc
  2168     03DB  0DF0               	rlf	___lwdiv@divisor,f
  2169     03DC  0DF1               	rlf	___lwdiv@divisor+1,f
  2170     03DD  3EFF               	addlw	-1
  2171     03DE  1D03               	skipz
  2172     03DF  2BDA               	goto	u665
  2173     03E0                     l1061:
  2174     03E0  3001               	movlw	1
  2175     03E1  07F6               	addwf	___lwdiv@counter,f
  2176     03E2                     l1063:
  2177     03E2  1FF1               	btfss	___lwdiv@divisor+1,7
  2178     03E3  2BE5               	goto	u671
  2179     03E4  2BE6               	goto	u670
  2180     03E5                     u671:
  2181     03E5  2BD9               	goto	l1059
  2182     03E6                     u670:
  2183     03E6                     l1065:
  2184     03E6  3001               	movlw	1
  2185     03E7                     u685:
  2186     03E7  1003               	clrc
  2187     03E8  0DF4               	rlf	___lwdiv@quotient,f
  2188     03E9  0DF5               	rlf	___lwdiv@quotient+1,f
  2189     03EA  3EFF               	addlw	-1
  2190     03EB  1D03               	skipz
  2191     03EC  2BE7               	goto	u685
  2192     03ED  0871               	movf	___lwdiv@divisor+1,w
  2193     03EE  0273               	subwf	___lwdiv@dividend+1,w
  2194     03EF  1D03               	skipz
  2195     03F0  2BF3               	goto	u695
  2196     03F1  0870               	movf	___lwdiv@divisor,w
  2197     03F2  0272               	subwf	___lwdiv@dividend,w
  2198     03F3                     u695:
  2199     03F3  1C03               	skipc
  2200     03F4  2BF6               	goto	u691
  2201     03F5  2BF7               	goto	u690
  2202     03F6                     u691:
  2203     03F6  2BFE               	goto	l1071
  2204     03F7                     u690:
  2205     03F7                     l1067:
  2206     03F7  0870               	movf	___lwdiv@divisor,w
  2207     03F8  02F2               	subwf	___lwdiv@dividend,f
  2208     03F9  0871               	movf	___lwdiv@divisor+1,w
  2209     03FA  1C03               	skipc
  2210     03FB  03F3               	decf	___lwdiv@dividend+1,f
  2211     03FC  02F3               	subwf	___lwdiv@dividend+1,f
  2212     03FD                     l1069:
  2213     03FD  1474               	bsf	___lwdiv@quotient,0
  2214     03FE                     l1071:
  2215     03FE  3001               	movlw	1
  2216     03FF                     u705:
  2217     03FF  1003               	clrc
  2218     0400  0CF1               	rrf	___lwdiv@divisor+1,f
  2219     0401  0CF0               	rrf	___lwdiv@divisor,f
  2220     0402  3EFF               	addlw	-1
  2221     0403  1D03               	skipz
  2222     0404  2BFF               	goto	u705
  2223     0405                     l1073:
  2224     0405  3001               	movlw	1
  2225     0406  02F6               	subwf	___lwdiv@counter,f
  2226     0407  1D03               	btfss	3,2
  2227     0408  2C0A               	goto	u711
  2228     0409  2C0B               	goto	u710
  2229     040A                     u711:
  2230     040A  2BE6               	goto	l1065
  2231     040B                     u710:
  2232     040B                     l1075:
  2233     040B  0875               	movf	___lwdiv@quotient+1,w
  2234     040C  00F1               	movwf	?___lwdiv+1
  2235     040D  0874               	movf	___lwdiv@quotient,w
  2236     040E  00F0               	movwf	?___lwdiv
  2237     040F                     l423:
  2238     040F  0008               	return
  2239     0410                     __end_of___lwdiv:
  2240                           
  2241                           	psect	text11
  2242     0456                     __ptext11:	
  2243 ;; *************** function _read_prec_or_width *****************
  2244 ;; Defined at:
  2245 ;;		line 1158 in file "C:\Program Files\Microchip\xc8\v3.10\pic\sources\c99\common\doprnt.c"
  2246 ;; Parameters:    Size  Location     Type
  2247 ;;  fmt             1    6[COMMON] PTR PTR const unsigned c
  2248 ;;		 -> vfprintf@cfmt(1), 
  2249 ;;  ap              1    7[COMMON] PTR PTR void [1]
  2250 ;;		 -> sprintf@ap(1), 
  2251 ;; Auto vars:     Size  Location     Type
  2252 ;;  c               1    9[COMMON] unsigned char 
  2253 ;;  n               2   10[COMMON] int 
  2254 ;; Return value:  Size  Location     Type
  2255 ;;                  2    6[COMMON] int 
  2256 ;; Registers used:
  2257 ;;		wreg, fsr0l, fsr0h, status,2, status,0, pclath, cstack
  2258 ;; Tracked objects:
  2259 ;;		On entry : 0/0
  2260 ;;		On exit  : 0/0
  2261 ;;		Unchanged: 0/0
  2262 ;; Data sizes:     COMMON   BANK0   BANK1   BANK3   BANK2
  2263 ;;      Params:         2       0       0       0       0
  2264 ;;      Locals:         3       0       0       0       0
  2265 ;;      Temps:          1       0       0       0       0
  2266 ;;      Totals:         6       0       0       0       0
  2267 ;;Total ram usage:        6 bytes
  2268 ;; Hardware stack levels used: 1
  2269 ;; Hardware stack levels required when called: 1
  2270 ;; This function calls:
  2271 ;;		___wmul
  2272 ;; This function is called by:
  2273 ;;		_vfpfcnvrt
  2274 ;; This function uses a non-reentrant model
  2275 ;;
  2276                           
  2277     0456                     _read_prec_or_width:	
  2278                           ;psect for function _read_prec_or_width
  2279                           
  2280     0456                     l1143:	
  2281                           ;incstack = 0
  2282                           ; Regs used in _read_prec_or_width: [wreg-fsr0h+status,2+status,0+pclath+cstack]
  2283                           
  2284                           
  2285                           ;C:\Program Files\Microchip\xc8\v3.10\pic\sources\c99\common\doprnt.c: 1159:     int n =
      +                           0;
  2286     0456  01FA               	clrf	read_prec_or_width@n
  2287     0457  01FB               	clrf	read_prec_or_width@n+1
  2288     0458                     l1145:
  2289                           
  2290                           ;C:\Program Files\Microchip\xc8\v3.10\pic\sources\c99\common\doprnt.c: 1160:     if ((*f
      +                          mt)[0] == '*') {
  2291     0458  0876               	movf	read_prec_or_width@fmt,w
  2292     0459  0084               	movwf	4
  2293     045A  1383               	bcf	3,7	;select IRP bank0
  2294     045B  0800               	movf	0,w
  2295     045C  0084               	movwf	4
  2296     045D  120A  118A  2003  120A  118A  	fcall	stringdir
  2297     0462  3A2A               	xorlw	42
  2298     0463  1D03               	skipz
  2299     0464  2C66               	goto	u851
  2300     0465  2C67               	goto	u850
  2301     0466                     u851:
  2302     0466  2C93               	goto	l1153
  2303     0467                     u850:
  2304     0467                     l1147:
  2305                           
  2306                           ;C:\Program Files\Microchip\xc8\v3.10\pic\sources\c99\common\doprnt.c: 1161:         ++*
      +                          fmt;
  2307     0467  0876               	movf	read_prec_or_width@fmt,w
  2308     0468  0084               	movwf	4
  2309     0469  3001               	movlw	1
  2310     046A  0780               	addwf	0,f
  2311                           
  2312                           ;C:\Program Files\Microchip\xc8\v3.10\pic\sources\c99\common\doprnt.c: 1162:         n =
      +                           (*(int *)__va_arg(*(int **)*ap, (int)0));
  2313     046B  0877               	movf	read_prec_or_width@ap,w
  2314     046C  0084               	movwf	4
  2315     046D  0800               	movf	0,w
  2316     046E  00F8               	movwf	??_read_prec_or_width
  2317     046F  3002               	movlw	2
  2318     0470  0780               	addwf	0,f
  2319     0471  0878               	movf	??_read_prec_or_width,w
  2320     0472  0084               	movwf	4
  2321     0473  0800               	movf	0,w
  2322     0474  00FA               	movwf	read_prec_or_width@n
  2323     0475  0A84               	incf	4,f
  2324     0476  0800               	movf	0,w
  2325     0477  00FB               	movwf	read_prec_or_width@n+1
  2326                           
  2327                           ;C:\Program Files\Microchip\xc8\v3.10\pic\sources\c99\common\doprnt.c: 1163:     } else 
      +                          {
  2328     0478  2CA4               	goto	l1155
  2329     0479                     l1149:
  2330                           
  2331                           ;C:\Program Files\Microchip\xc8\v3.10\pic\sources\c99\common\doprnt.c: 1166:            
      +                           n = n * 10 + c;
  2332     0479  087B               	movf	read_prec_or_width@n+1,w
  2333     047A  00F1               	movwf	___wmul@multiplier+1
  2334     047B  087A               	movf	read_prec_or_width@n,w
  2335     047C  00F0               	movwf	___wmul@multiplier
  2336     047D  300A               	movlw	10
  2337     047E  00F2               	movwf	___wmul@multiplicand
  2338     047F  3000               	movlw	0
  2339     0480  00F3               	movwf	___wmul@multiplicand+1
  2340     0481  120A  118A  231F  120A  118A  	fcall	___wmul
  2341     0486  0879               	movf	read_prec_or_width@c,w
  2342     0487  0770               	addwf	?___wmul,w
  2343     0488  00FA               	movwf	read_prec_or_width@n
  2344     0489  3000               	movlw	0
  2345     048A  1803               	skipnc
  2346     048B  3001               	movlw	1
  2347     048C  0771               	addwf	?___wmul+1,w
  2348     048D  00FB               	movwf	read_prec_or_width@n+1
  2349     048E                     l1151:
  2350                           
  2351                           ;C:\Program Files\Microchip\xc8\v3.10\pic\sources\c99\common\doprnt.c: 1167:            
      +                           ++*fmt;
  2352     048E  0876               	movf	read_prec_or_width@fmt,w
  2353     048F  0084               	movwf	4
  2354     0490  3001               	movlw	1
  2355     0491  1383               	bcf	3,7	;select IRP bank0
  2356     0492  0780               	addwf	0,f
  2357     0493                     l1153:
  2358                           
  2359                           ;C:\Program Files\Microchip\xc8\v3.10\pic\sources\c99\common\doprnt.c: 1165:         whi
      +                          le ((c = ((unsigned)(*fmt)[0]) - '0') < 10) {
  2360     0493  0876               	movf	read_prec_or_width@fmt,w
  2361     0494  0084               	movwf	4
  2362     0495  0800               	movf	0,w
  2363     0496  0084               	movwf	4
  2364     0497  120A  118A  2003  120A  118A  	fcall	stringdir
  2365     049C  3ED0               	addlw	208
  2366     049D  00F9               	movwf	read_prec_or_width@c
  2367     049E  300A               	movlw	10
  2368     049F  0279               	subwf	read_prec_or_width@c,w
  2369     04A0  1C03               	skipc
  2370     04A1  2CA3               	goto	u861
  2371     04A2  2CA4               	goto	u860
  2372     04A3                     u861:
  2373     04A3  2C79               	goto	l1149
  2374     04A4                     u860:
  2375     04A4                     l1155:
  2376                           
  2377                           ;C:\Program Files\Microchip\xc8\v3.10\pic\sources\c99\common\doprnt.c: 1170:     return 
      +                          n;
  2378     04A4  087B               	movf	read_prec_or_width@n+1,w
  2379     04A5  00F7               	movwf	?_read_prec_or_width+1
  2380     04A6  087A               	movf	read_prec_or_width@n,w
  2381     04A7  00F6               	movwf	?_read_prec_or_width
  2382     04A8                     l645:
  2383     04A8  0008               	return
  2384     04A9                     __end_of_read_prec_or_width:
  2385                           
  2386                           	psect	text12
  2387     031F                     __ptext12:	
  2388 ;; *************** function ___wmul *****************
  2389 ;; Defined at:
  2390 ;;		line 15 in file "C:\Program Files\Microchip\xc8\v3.10\pic\sources\c99\common\Umul16.c"
  2391 ;; Parameters:    Size  Location     Type
  2392 ;;  multiplier      2    0[COMMON] unsigned int 
  2393 ;;  multiplicand    2    2[COMMON] unsigned int 
  2394 ;; Auto vars:     Size  Location     Type
  2395 ;;  product         2    4[COMMON] unsigned int 
  2396 ;; Return value:  Size  Location     Type
  2397 ;;                  2    0[COMMON] unsigned int 
  2398 ;; Registers used:
  2399 ;;		wreg, status,2, status,0
  2400 ;; Tracked objects:
  2401 ;;		On entry : 0/0
  2402 ;;		On exit  : 0/0
  2403 ;;		Unchanged: 0/0
  2404 ;; Data sizes:     COMMON   BANK0   BANK1   BANK3   BANK2
  2405 ;;      Params:         4       0       0       0       0
  2406 ;;      Locals:         2       0       0       0       0
  2407 ;;      Temps:          0       0       0       0       0
  2408 ;;      Totals:         6       0       0       0       0
  2409 ;;Total ram usage:        6 bytes
  2410 ;; Hardware stack levels used: 1
  2411 ;; This function calls:
  2412 ;;		Nothing
  2413 ;; This function is called by:
  2414 ;;		_read_prec_or_width
  2415 ;; This function uses a non-reentrant model
  2416 ;;
  2417                           
  2418     031F                     ___wmul:	
  2419                           ;psect for function ___wmul
  2420                           
  2421     031F                     l1039:	
  2422                           ;incstack = 0
  2423                           ; Regs used in ___wmul: [wreg+status,2+status,0]
  2424                           
  2425     031F  01F4               	clrf	___wmul@product
  2426     0320  01F5               	clrf	___wmul@product+1
  2427     0321                     l1041:
  2428     0321  1C70               	btfss	___wmul@multiplier,0
  2429     0322  2B24               	goto	u611
  2430     0323  2B25               	goto	u610
  2431     0324                     u611:
  2432     0324  2B2B               	goto	l143
  2433     0325                     u610:
  2434     0325                     l1043:
  2435     0325  0872               	movf	___wmul@multiplicand,w
  2436     0326  07F4               	addwf	___wmul@product,f
  2437     0327  1803               	skipnc
  2438     0328  0AF5               	incf	___wmul@product+1,f
  2439     0329  0873               	movf	___wmul@multiplicand+1,w
  2440     032A  07F5               	addwf	___wmul@product+1,f
  2441     032B                     l143:
  2442     032B  3001               	movlw	1
  2443     032C                     u625:
  2444     032C  1003               	clrc
  2445     032D  0DF2               	rlf	___wmul@multiplicand,f
  2446     032E  0DF3               	rlf	___wmul@multiplicand+1,f
  2447     032F  3EFF               	addlw	-1
  2448     0330  1D03               	skipz
  2449     0331  2B2C               	goto	u625
  2450     0332                     l1045:
  2451     0332  3001               	movlw	1
  2452     0333                     u635:
  2453     0333  1003               	clrc
  2454     0334  0CF1               	rrf	___wmul@multiplier+1,f
  2455     0335  0CF0               	rrf	___wmul@multiplier,f
  2456     0336  3EFF               	addlw	-1
  2457     0337  1D03               	skipz
  2458     0338  2B33               	goto	u635
  2459     0339                     l1047:
  2460     0339  0870               	movf	___wmul@multiplier,w
  2461     033A  0471               	iorwf	___wmul@multiplier+1,w
  2462     033B  1D03               	btfss	3,2
  2463     033C  2B3E               	goto	u641
  2464     033D  2B3F               	goto	u640
  2465     033E                     u641:
  2466     033E  2B21               	goto	l1041
  2467     033F                     u640:
  2468     033F                     l1049:
  2469     033F  0875               	movf	___wmul@product+1,w
  2470     0340  00F1               	movwf	?___wmul+1
  2471     0341  0874               	movf	___wmul@product,w
  2472     0342  00F0               	movwf	?___wmul
  2473     0343                     l145:
  2474     0343  0008               	return
  2475     0344                     __end_of___wmul:
  2476                           
  2477                           	psect	text13
  2478     0344                     __ptext13:	
  2479 ;; *************** function _lcd_init *****************
  2480 ;; Defined at:
  2481 ;;		line 35 in file "adc.c"
  2482 ;; Parameters:    Size  Location     Type
  2483 ;;		None
  2484 ;; Auto vars:     Size  Location     Type
  2485 ;;		None
  2486 ;; Return value:  Size  Location     Type
  2487 ;;                  1    wreg      void 
  2488 ;; Registers used:
  2489 ;;		wreg, status,2, status,0, pclath, cstack
  2490 ;; Tracked objects:
  2491 ;;		On entry : 0/0
  2492 ;;		On exit  : 0/0
  2493 ;;		Unchanged: 0/0
  2494 ;; Data sizes:     COMMON   BANK0   BANK1   BANK3   BANK2
  2495 ;;      Params:         0       0       0       0       0
  2496 ;;      Locals:         0       0       0       0       0
  2497 ;;      Temps:          2       0       0       0       0
  2498 ;;      Totals:         2       0       0       0       0
  2499 ;;Total ram usage:        2 bytes
  2500 ;; Hardware stack levels used: 1
  2501 ;; Hardware stack levels required when called: 1
  2502 ;; This function calls:
  2503 ;;		_lcdCommand
  2504 ;; This function is called by:
  2505 ;;		_main
  2506 ;; This function uses a non-reentrant model
  2507 ;;
  2508                           
  2509     0344                     _lcd_init:	
  2510                           ;psect for function _lcd_init
  2511                           
  2512     0344                     l1227:	
  2513                           ;incstack = 0
  2514                           ; Regs used in _lcd_init: [wreg+status,2+status,0+pclath+cstack]
  2515                           
  2516                           
  2517                           ;adc.c: 36:     lcdCommand (0x38);
  2518     0344  3038               	movlw	56
  2519     0345  120A  118A  22BE  120A  118A  	fcall	_lcdCommand
  2520                           
  2521                           ;adc.c: 37:     lcdCommand (0x06);
  2522     034A  3006               	movlw	6
  2523     034B  120A  118A  22BE  120A  118A  	fcall	_lcdCommand
  2524                           
  2525                           ;adc.c: 38:     lcdCommand (0x0f);
  2526     0350  300F               	movlw	15
  2527     0351  120A  118A  22BE  120A  118A  	fcall	_lcdCommand
  2528                           
  2529                           ;adc.c: 39:     lcdCommand (0x01);
  2530     0356  3001               	movlw	1
  2531     0357  120A  118A  22BE  120A  118A  	fcall	_lcdCommand
  2532                           
  2533                           ;adc.c: 40:     lcdCommand (0x80);
  2534     035C  3080               	movlw	128
  2535     035D  120A  118A  22BE  120A  118A  	fcall	_lcdCommand
  2536     0362                     l1229:
  2537                           
  2538                           ;adc.c: 41:     _delay((unsigned long)((1)*(20000000/4000.0)));
  2539     0362  3007               	movlw	7
  2540     0363  00F4               	movwf	??_lcd_init+1
  2541     0364  307D               	movlw	125
  2542     0365  00F3               	movwf	??_lcd_init
  2543     0366                     u1107:
  2544     0366  0BF3               	decfsz	??_lcd_init,f
  2545     0367  2B66               	goto	u1107
  2546     0368  0BF4               	decfsz	??_lcd_init+1,f
  2547     0369  2B66               	goto	u1107
  2548     036A                     l33:
  2549     036A  0008               	return
  2550     036B                     __end_of_lcd_init:
  2551                           
  2552                           	psect	text14
  2553     02BE                     __ptext14:	
  2554 ;; *************** function _lcdCommand *****************
  2555 ;; Defined at:
  2556 ;;		line 15 in file "adc.c"
  2557 ;; Parameters:    Size  Location     Type
  2558 ;;  cmd             1    wreg     unsigned char 
  2559 ;; Auto vars:     Size  Location     Type
  2560 ;;  cmd             1    2[COMMON] unsigned char 
  2561 ;; Return value:  Size  Location     Type
  2562 ;;                  1    wreg      void 
  2563 ;; Registers used:
  2564 ;;		wreg
  2565 ;; Tracked objects:
  2566 ;;		On entry : 0/0
  2567 ;;		On exit  : 0/0
  2568 ;;		Unchanged: 0/0
  2569 ;; Data sizes:     COMMON   BANK0   BANK1   BANK3   BANK2
  2570 ;;      Params:         0       0       0       0       0
  2571 ;;      Locals:         1       0       0       0       0
  2572 ;;      Temps:          2       0       0       0       0
  2573 ;;      Totals:         3       0       0       0       0
  2574 ;;Total ram usage:        3 bytes
  2575 ;; Hardware stack levels used: 1
  2576 ;; This function calls:
  2577 ;;		Nothing
  2578 ;; This function is called by:
  2579 ;;		_lcd_init
  2580 ;;		_main
  2581 ;; This function uses a non-reentrant model
  2582 ;;
  2583                           
  2584     02BE                     _lcdCommand:	
  2585                           ;psect for function _lcdCommand
  2586                           
  2587                           
  2588                           ;incstack = 0
  2589                           ; Regs used in _lcdCommand: [wreg]
  2590                           ;lcdCommand@cmd stored from wreg
  2591     02BE  00F2               	movwf	lcdCommand@cmd
  2592     02BF                     l1199:
  2593                           
  2594                           ;adc.c: 16:     PORTBbits.RB6 = 0;
  2595     02BF  1283               	bcf	3,5	;RP0=0, select bank0
  2596     02C0  1303               	bcf	3,6	;RP1=0, select bank0
  2597     02C1  1306               	bcf	6,6	;volatile
  2598     02C2                     l1201:
  2599                           
  2600                           ;adc.c: 17:     PORTD = cmd;
  2601     02C2  0872               	movf	lcdCommand@cmd,w
  2602     02C3  0088               	movwf	8	;volatile
  2603     02C4                     l1203:
  2604                           
  2605                           ;adc.c: 18:     PORTBbits.RB7 = 1;
  2606     02C4  1786               	bsf	6,7	;volatile
  2607                           
  2608                           ;adc.c: 19:     _delay((unsigned long)((1)*(20000000/4000.0)));
  2609     02C5  3007               	movlw	7
  2610     02C6  00F1               	movwf	??_lcdCommand+1
  2611     02C7  307D               	movlw	125
  2612     02C8  00F0               	movwf	??_lcdCommand
  2613     02C9                     u1117:
  2614     02C9  0BF0               	decfsz	??_lcdCommand,f
  2615     02CA  2AC9               	goto	u1117
  2616     02CB  0BF1               	decfsz	??_lcdCommand+1,f
  2617     02CC  2AC9               	goto	u1117
  2618     02CD                     l1205:
  2619                           
  2620                           ;adc.c: 20:     PORTBbits.RB7 = 0;
  2621     02CD  1283               	bcf	3,5	;RP0=0, select bank0
  2622     02CE  1303               	bcf	3,6	;RP1=0, select bank0
  2623     02CF  1386               	bcf	6,7	;volatile
  2624                           
  2625                           ;adc.c: 21:     _delay((unsigned long)((1)*(20000000/4000.0)));
  2626     02D0  3007               	movlw	7
  2627     02D1  00F1               	movwf	??_lcdCommand+1
  2628     02D2  307D               	movlw	125
  2629     02D3  00F0               	movwf	??_lcdCommand
  2630     02D4                     u1127:
  2631     02D4  0BF0               	decfsz	??_lcdCommand,f
  2632     02D5  2AD4               	goto	u1127
  2633     02D6  0BF1               	decfsz	??_lcdCommand+1,f
  2634     02D7  2AD4               	goto	u1127
  2635     02D8                     l27:
  2636     02D8  0008               	return
  2637     02D9                     __end_of_lcdCommand:
  2638                           
  2639                           	psect	text15
  2640     02AA                     __ptext15:	
  2641 ;; *************** function _lcdSendString *****************
  2642 ;; Defined at:
  2643 ;;		line 52 in file "adc.c"
  2644 ;; Parameters:    Size  Location     Type
  2645 ;;  addr            1    3[COMMON] PTR unsigned char 
  2646 ;;		 -> main@buffer(16), 
  2647 ;; Auto vars:     Size  Location     Type
  2648 ;;		None
  2649 ;; Return value:  Size  Location     Type
  2650 ;;                  1    wreg      void 
  2651 ;; Registers used:
  2652 ;;		wreg, fsr0l, fsr0h, status,2, status,0, pclath, cstack
  2653 ;; Tracked objects:
  2654 ;;		On entry : 0/0
  2655 ;;		On exit  : 0/0
  2656 ;;		Unchanged: 0/0
  2657 ;; Data sizes:     COMMON   BANK0   BANK1   BANK3   BANK2
  2658 ;;      Params:         1       0       0       0       0
  2659 ;;      Locals:         0       0       0       0       0
  2660 ;;      Temps:          0       0       0       0       0
  2661 ;;      Totals:         1       0       0       0       0
  2662 ;;Total ram usage:        1 bytes
  2663 ;; Hardware stack levels used: 1
  2664 ;; Hardware stack levels required when called: 1
  2665 ;; This function calls:
  2666 ;;		_lcSendDataByte
  2667 ;; This function is called by:
  2668 ;;		_main
  2669 ;; This function uses a non-reentrant model
  2670 ;;
  2671                           
  2672     02AA                     _lcdSendString:	
  2673                           ;psect for function _lcdSendString
  2674                           
  2675     02AA                     l1235:	
  2676                           ;incstack = 0
  2677                           ; Regs used in _lcdSendString: [wreg-fsr0h+status,2+status,0+pclath+cstack]
  2678                           
  2679                           
  2680                           ;adc.c: 53:     while (*addr){
  2681     02AA  2AB5               	goto	l1241
  2682     02AB                     l1237:
  2683                           
  2684                           ;adc.c: 54:         lcSendDataByte(*addr);
  2685     02AB  0873               	movf	lcdSendString@addr,w
  2686     02AC  0084               	movwf	4
  2687     02AD  0800               	movf	0,w
  2688     02AE  120A  118A  2297  120A  118A  	fcall	_lcSendDataByte
  2689     02B3                     l1239:
  2690                           
  2691                           ;adc.c: 55:         addr++;
  2692     02B3  3001               	movlw	1
  2693     02B4  07F3               	addwf	lcdSendString@addr,f
  2694     02B5                     l1241:
  2695                           
  2696                           ;adc.c: 53:     while (*addr){
  2697     02B5  0873               	movf	lcdSendString@addr,w
  2698     02B6  0084               	movwf	4
  2699     02B7  1383               	bcf	3,7	;select IRP bank0
  2700     02B8  0800               	movf	0,w
  2701     02B9  1D03               	btfss	3,2
  2702     02BA  2ABC               	goto	u911
  2703     02BB  2ABD               	goto	u910
  2704     02BC                     u911:
  2705     02BC  2AAB               	goto	l1237
  2706     02BD                     u910:
  2707     02BD                     l42:
  2708     02BD  0008               	return
  2709     02BE                     __end_of_lcdSendString:
  2710                           
  2711                           	psect	text16
  2712     0297                     __ptext16:	
  2713 ;; *************** function _lcSendDataByte *****************
  2714 ;; Defined at:
  2715 ;;		line 25 in file "adc.c"
  2716 ;; Parameters:    Size  Location     Type
  2717 ;;  data            1    wreg     unsigned char 
  2718 ;; Auto vars:     Size  Location     Type
  2719 ;;  data            1    2[COMMON] unsigned char 
  2720 ;; Return value:  Size  Location     Type
  2721 ;;                  1    wreg      void 
  2722 ;; Registers used:
  2723 ;;		wreg
  2724 ;; Tracked objects:
  2725 ;;		On entry : 0/0
  2726 ;;		On exit  : 0/0
  2727 ;;		Unchanged: 0/0
  2728 ;; Data sizes:     COMMON   BANK0   BANK1   BANK3   BANK2
  2729 ;;      Params:         0       0       0       0       0
  2730 ;;      Locals:         1       0       0       0       0
  2731 ;;      Temps:          2       0       0       0       0
  2732 ;;      Totals:         3       0       0       0       0
  2733 ;;Total ram usage:        3 bytes
  2734 ;; Hardware stack levels used: 1
  2735 ;; This function calls:
  2736 ;;		Nothing
  2737 ;; This function is called by:
  2738 ;;		_lcdSendString
  2739 ;; This function uses a non-reentrant model
  2740 ;;
  2741                           
  2742     0297                     _lcSendDataByte:	
  2743                           ;psect for function _lcSendDataByte
  2744                           
  2745                           
  2746                           ;incstack = 0
  2747                           ; Regs used in _lcSendDataByte: [wreg]
  2748                           ;lcSendDataByte@data stored from wreg
  2749     0297  00F2               	movwf	lcSendDataByte@data
  2750     0298                     l1207:
  2751                           
  2752                           ;adc.c: 26:     PORTBbits.RB6 = 1;
  2753     0298  1283               	bcf	3,5	;RP0=0, select bank0
  2754     0299  1303               	bcf	3,6	;RP1=0, select bank0
  2755     029A  1706               	bsf	6,6	;volatile
  2756     029B                     l1209:
  2757                           
  2758                           ;adc.c: 27:     PORTD = data;
  2759     029B  0872               	movf	lcSendDataByte@data,w
  2760     029C  0088               	movwf	8	;volatile
  2761     029D                     l1211:
  2762                           
  2763                           ;adc.c: 28:     PORTBbits.RB7 = 1;
  2764     029D  1786               	bsf	6,7	;volatile
  2765                           
  2766                           ;adc.c: 29:     _delay((unsigned long)((1)*(20000000/4000.0)));
  2767     029E  3007               	movlw	7
  2768     029F  00F1               	movwf	??_lcSendDataByte+1
  2769     02A0  307D               	movlw	125
  2770     02A1  00F0               	movwf	??_lcSendDataByte
  2771     02A2                     u1137:
  2772     02A2  0BF0               	decfsz	??_lcSendDataByte,f
  2773     02A3  2AA2               	goto	u1137
  2774     02A4  0BF1               	decfsz	??_lcSendDataByte+1,f
  2775     02A5  2AA2               	goto	u1137
  2776     02A6                     l1213:
  2777                           
  2778                           ;adc.c: 30:     PORTBbits.RB7 = 0;
  2779     02A6  1283               	bcf	3,5	;RP0=0, select bank0
  2780     02A7  1303               	bcf	3,6	;RP1=0, select bank0
  2781     02A8  1386               	bcf	6,7	;volatile
  2782     02A9                     l1215:
  2783     02A9                     l30:	
  2784                           ;adc.c: 31:     _delay((unsigned long)((0)*(20000000/4000.0)));
  2785                           
  2786     02A9  0008               	return
  2787     02AA                     __end_of_lcSendDataByte:
  2788                           
  2789                           	psect	text17
  2790     0285                     __ptext17:	
  2791 ;; *************** function _adc_read_an0 *****************
  2792 ;; Defined at:
  2793 ;;		line 60 in file "adc.c"
  2794 ;; Parameters:    Size  Location     Type
  2795 ;;		None
  2796 ;; Auto vars:     Size  Location     Type
  2797 ;;		None
  2798 ;; Return value:  Size  Location     Type
  2799 ;;                  2    0[COMMON] unsigned int 
  2800 ;; Registers used:
  2801 ;;		wreg
  2802 ;; Tracked objects:
  2803 ;;		On entry : 0/0
  2804 ;;		On exit  : 0/0
  2805 ;;		Unchanged: 0/0
  2806 ;; Data sizes:     COMMON   BANK0   BANK1   BANK3   BANK2
  2807 ;;      Params:         2       0       0       0       0
  2808 ;;      Locals:         0       0       0       0       0
  2809 ;;      Temps:          1       0       0       0       0
  2810 ;;      Totals:         3       0       0       0       0
  2811 ;;Total ram usage:        3 bytes
  2812 ;; Hardware stack levels used: 1
  2813 ;; This function calls:
  2814 ;;		Nothing
  2815 ;; This function is called by:
  2816 ;;		_main
  2817 ;; This function uses a non-reentrant model
  2818 ;;
  2819                           
  2820     0285                     _adc_read_an0:	
  2821                           ;psect for function _adc_read_an0
  2822                           
  2823     0285                     l1243:	
  2824                           ;incstack = 0
  2825                           ; Regs used in _adc_read_an0: [wreg]
  2826                           
  2827                           
  2828                           ;adc.c: 61:     _delay((unsigned long)((20)*(20000000/4000000.0)));
  2829     0285  3021               	movlw	33
  2830     0286  00F2               	movwf	??_adc_read_an0
  2831     0287                     u1147:
  2832     0287  0BF2               	decfsz	??_adc_read_an0,f
  2833     0288  2A87               	goto	u1147
  2834     0289                     l1245:
  2835                           
  2836                           ;adc.c: 62:     GO_nDONE = 1;
  2837     0289  1283               	bcf	3,5	;RP0=0, select bank0
  2838     028A  1303               	bcf	3,6	;RP1=0, select bank0
  2839     028B  151F               	bsf	31,2	;volatile
  2840     028C                     l45:	
  2841                           ;adc.c: 63:     while(GO_nDONE);
  2842                           
  2843     028C  191F               	btfsc	31,2	;volatile
  2844     028D  2A8F               	goto	u921
  2845     028E  2A90               	goto	u920
  2846     028F                     u921:
  2847     028F  2A8C               	goto	l45
  2848     0290                     u920:
  2849     0290                     l1247:
  2850                           
  2851                           ;adc.c: 64:     return ((unsigned int)ADRESH<<8|ADRESL);
  2852     0290  081E               	movf	30,w	;volatile
  2853     0291  00F1               	movwf	?_adc_read_an0+1
  2854     0292  1683               	bsf	3,5	;RP0=1, select bank1
  2855     0293  1303               	bcf	3,6	;RP1=0, select bank1
  2856     0294  081E               	movf	30,w	;volatile
  2857     0295  00F0               	movwf	?_adc_read_an0
  2858     0296                     l48:
  2859     0296  0008               	return
  2860     0297                     __end_of_adc_read_an0:
  2861                           
  2862                           	psect	text18
  2863     0276                     __ptext18:	
  2864 ;; *************** function _adc_init *****************
  2865 ;; Defined at:
  2866 ;;		line 44 in file "adc.c"
  2867 ;; Parameters:    Size  Location     Type
  2868 ;;		None
  2869 ;; Auto vars:     Size  Location     Type
  2870 ;;		None
  2871 ;; Return value:  Size  Location     Type
  2872 ;;                  1    wreg      void 
  2873 ;; Registers used:
  2874 ;;		wreg
  2875 ;; Tracked objects:
  2876 ;;		On entry : 0/0
  2877 ;;		On exit  : 0/0
  2878 ;;		Unchanged: 0/0
  2879 ;; Data sizes:     COMMON   BANK0   BANK1   BANK3   BANK2
  2880 ;;      Params:         0       0       0       0       0
  2881 ;;      Locals:         0       0       0       0       0
  2882 ;;      Temps:          1       0       0       0       0
  2883 ;;      Totals:         1       0       0       0       0
  2884 ;;Total ram usage:        1 bytes
  2885 ;; Hardware stack levels used: 1
  2886 ;; This function calls:
  2887 ;;		Nothing
  2888 ;; This function is called by:
  2889 ;;		_main
  2890 ;; This function uses a non-reentrant model
  2891 ;;
  2892                           
  2893     0276                     _adc_init:	
  2894                           ;psect for function _adc_init
  2895                           
  2896     0276                     l1231:	
  2897                           ;incstack = 0
  2898                           ; Regs used in _adc_init: [wreg]
  2899                           
  2900                           
  2901                           ;adc.c: 45:     TRISA = 0b00000001;
  2902     0276  3001               	movlw	1
  2903     0277  1683               	bsf	3,5	;RP0=1, select bank1
  2904     0278  1303               	bcf	3,6	;RP1=0, select bank1
  2905     0279  0085               	movwf	5	;volatile
  2906                           
  2907                           ;adc.c: 46:     ADCON1 = 0b11001110;
  2908     027A  30CE               	movlw	206
  2909     027B  009F               	movwf	31	;volatile
  2910                           
  2911                           ;adc.c: 47:     ADCON0 = 0b10000001;
  2912     027C  3081               	movlw	129
  2913     027D  1283               	bcf	3,5	;RP0=0, select bank0
  2914     027E  1303               	bcf	3,6	;RP1=0, select bank0
  2915     027F  009F               	movwf	31	;volatile
  2916     0280                     l1233:
  2917                           
  2918                           ;adc.c: 49:     _delay((unsigned long)((20)*(20000000/4000000.0)));
  2919     0280  3021               	movlw	33
  2920     0281  00F0               	movwf	??_adc_init
  2921     0282                     u1157:
  2922     0282  0BF0               	decfsz	??_adc_init,f
  2923     0283  2A82               	goto	u1157
  2924     0284                     l36:
  2925     0284  0008               	return
  2926     0285                     __end_of_adc_init:
  2927                           
  2928                           	psect	text19
  2929     0410                     __ptext19:	
  2930 ;; *************** function ___lmul *****************
  2931 ;; Defined at:
  2932 ;;		line 15 in file "C:\Program Files\Microchip\xc8\v3.10\pic\sources\c99\common\Umul32.c"
  2933 ;; Parameters:    Size  Location     Type
  2934 ;;  multiplier      4    0[COMMON] unsigned long 
  2935 ;;  multiplicand    4    4[COMMON] unsigned long 
  2936 ;; Auto vars:     Size  Location     Type
  2937 ;;  product         4    9[COMMON] unsigned long 
  2938 ;; Return value:  Size  Location     Type
  2939 ;;                  4    0[COMMON] unsigned long 
  2940 ;; Registers used:
  2941 ;;		wreg, status,2, status,0
  2942 ;; Tracked objects:
  2943 ;;		On entry : 0/0
  2944 ;;		On exit  : 0/0
  2945 ;;		Unchanged: 0/0
  2946 ;; Data sizes:     COMMON   BANK0   BANK1   BANK3   BANK2
  2947 ;;      Params:         8       0       0       0       0
  2948 ;;      Locals:         4       0       0       0       0
  2949 ;;      Temps:          1       0       0       0       0
  2950 ;;      Totals:        13       0       0       0       0
  2951 ;;Total ram usage:       13 bytes
  2952 ;; Hardware stack levels used: 1
  2953 ;; This function calls:
  2954 ;;		Nothing
  2955 ;; This function is called by:
  2956 ;;		_main
  2957 ;; This function uses a non-reentrant model
  2958 ;;
  2959                           
  2960     0410                     ___lmul:	
  2961                           ;psect for function ___lmul
  2962                           
  2963     0410                     l1265:	
  2964                           ;incstack = 0
  2965                           ; Regs used in ___lmul: [wreg+status,2+status,0]
  2966                           
  2967     0410  3000               	movlw	0
  2968     0411  00FC               	movwf	___lmul@product+3
  2969     0412  3000               	movlw	0
  2970     0413  00FB               	movwf	___lmul@product+2
  2971     0414  3000               	movlw	0
  2972     0415  00FA               	movwf	___lmul@product+1
  2973     0416  3000               	movlw	0
  2974     0417  00F9               	movwf	___lmul@product
  2975     0418                     l1267:
  2976     0418  1C70               	btfss	___lmul@multiplier,0
  2977     0419  2C1B               	goto	u931
  2978     041A  2C1C               	goto	u930
  2979     041B                     u931:
  2980     041B  2C33               	goto	l1271
  2981     041C                     u930:
  2982     041C                     l1269:
  2983     041C  0874               	movf	___lmul@multiplicand,w
  2984     041D  07F9               	addwf	___lmul@product,f
  2985     041E  0875               	movf	___lmul@multiplicand+1,w
  2986     041F  1103               	clrz
  2987     0420  1803               	skipnc
  2988     0421  3E01               	addlw	1
  2989     0422  1903               	skipnz
  2990     0423  2C25               	goto	u941
  2991     0424  07FA               	addwf	___lmul@product+1,f
  2992     0425                     u941:
  2993     0425  0876               	movf	___lmul@multiplicand+2,w
  2994     0426  1103               	clrz
  2995     0427  1803               	skipnc
  2996     0428  3E01               	addlw	1
  2997     0429  1903               	skipnz
  2998     042A  2C2C               	goto	u942
  2999     042B  07FB               	addwf	___lmul@product+2,f
  3000     042C                     u942:
  3001     042C  0877               	movf	___lmul@multiplicand+3,w
  3002     042D  1103               	clrz
  3003     042E  1803               	skipnc
  3004     042F  3E01               	addlw	1
  3005     0430  1903               	skipnz
  3006     0431  2C33               	goto	u943
  3007     0432  07FC               	addwf	___lmul@product+3,f
  3008     0433                     u943:
  3009     0433                     l1271:
  3010     0433  3001               	movlw	1
  3011     0434  00F8               	movwf	??___lmul
  3012     0435                     u955:
  3013     0435  1003               	clrc
  3014     0436  0DF4               	rlf	___lmul@multiplicand,f
  3015     0437  0DF5               	rlf	___lmul@multiplicand+1,f
  3016     0438  0DF6               	rlf	___lmul@multiplicand+2,f
  3017     0439  0DF7               	rlf	___lmul@multiplicand+3,f
  3018     043A  0BF8               	decfsz	??___lmul,f
  3019     043B  2C35               	goto	u955
  3020     043C                     l1273:
  3021     043C  3001               	movlw	1
  3022     043D                     u965:
  3023     043D  1003               	clrc
  3024     043E  0CF3               	rrf	___lmul@multiplier+3,f
  3025     043F  0CF2               	rrf	___lmul@multiplier+2,f
  3026     0440  0CF1               	rrf	___lmul@multiplier+1,f
  3027     0441  0CF0               	rrf	___lmul@multiplier,f
  3028     0442  3EFF               	addlw	-1
  3029     0443  1D03               	skipz
  3030     0444  2C3D               	goto	u965
  3031     0445  0873               	movf	___lmul@multiplier+3,w
  3032     0446  0472               	iorwf	___lmul@multiplier+2,w
  3033     0447  0471               	iorwf	___lmul@multiplier+1,w
  3034     0448  0470               	iorwf	___lmul@multiplier,w
  3035     0449  1D03               	skipz
  3036     044A  2C4C               	goto	u971
  3037     044B  2C4D               	goto	u970
  3038     044C                     u971:
  3039     044C  2C18               	goto	l1267
  3040     044D                     u970:
  3041     044D                     l1275:
  3042     044D  087C               	movf	___lmul@product+3,w
  3043     044E  00F3               	movwf	?___lmul+3
  3044     044F  087B               	movf	___lmul@product+2,w
  3045     0450  00F2               	movwf	?___lmul+2
  3046     0451  087A               	movf	___lmul@product+1,w
  3047     0452  00F1               	movwf	?___lmul+1
  3048     0453  0879               	movf	___lmul@product,w
  3049     0454  00F0               	movwf	?___lmul
  3050     0455                     l157:
  3051     0455  0008               	return
  3052     0456                     __end_of___lmul:
  3053                           
  3054                           	psect	text20
  3055     05FA                     __ptext20:	
  3056 ;; *************** function ___aldiv *****************
  3057 ;; Defined at:
  3058 ;;		line 5 in file "C:\Program Files\Microchip\xc8\v3.10\pic\sources\c99\common\aldiv.c"
  3059 ;; Parameters:    Size  Location     Type
  3060 ;;  divisor         4    0[BANK0 ] long 
  3061 ;;  dividend        4    4[BANK0 ] long 
  3062 ;; Auto vars:     Size  Location     Type
  3063 ;;  quotient        4   10[BANK0 ] long 
  3064 ;;  sign            1    9[BANK0 ] unsigned char 
  3065 ;;  counter         1    8[BANK0 ] unsigned char 
  3066 ;; Return value:  Size  Location     Type
  3067 ;;                  4    0[BANK0 ] long 
  3068 ;; Registers used:
  3069 ;;		wreg, status,2, status,0
  3070 ;; Tracked objects:
  3071 ;;		On entry : 0/0
  3072 ;;		On exit  : 0/0
  3073 ;;		Unchanged: 0/0
  3074 ;; Data sizes:     COMMON   BANK0   BANK1   BANK3   BANK2
  3075 ;;      Params:         0       8       0       0       0
  3076 ;;      Locals:         0       6       0       0       0
  3077 ;;      Temps:          1       0       0       0       0
  3078 ;;      Totals:         1      14       0       0       0
  3079 ;;Total ram usage:       15 bytes
  3080 ;; Hardware stack levels used: 1
  3081 ;; This function calls:
  3082 ;;		Nothing
  3083 ;; This function is called by:
  3084 ;;		_main
  3085 ;; This function uses a non-reentrant model
  3086 ;;
  3087                           
  3088     05FA                     ___aldiv:	
  3089                           ;psect for function ___aldiv
  3090                           
  3091     05FA                     l1279:	
  3092                           ;incstack = 0
  3093                           ; Regs used in ___aldiv: [wreg+status,2+status,0]
  3094                           
  3095     05FA  1283               	bcf	3,5	;RP0=0, select bank0
  3096     05FB  1303               	bcf	3,6	;RP1=0, select bank0
  3097     05FC  01A9               	clrf	___aldiv@sign
  3098     05FD                     l1281:
  3099     05FD  1FA3               	btfss	___aldiv@divisor+3,7
  3100     05FE  2E00               	goto	u981
  3101     05FF  2E01               	goto	u980
  3102     0600                     u981:
  3103     0600  2E0E               	goto	l208
  3104     0601                     u980:
  3105     0601                     l1283:
  3106     0601  09A0               	comf	___aldiv@divisor,f
  3107     0602  09A1               	comf	___aldiv@divisor+1,f
  3108     0603  09A2               	comf	___aldiv@divisor+2,f
  3109     0604  09A3               	comf	___aldiv@divisor+3,f
  3110     0605  0AA0               	incf	___aldiv@divisor,f
  3111     0606  1903               	skipnz
  3112     0607  0AA1               	incf	___aldiv@divisor+1,f
  3113     0608  1903               	skipnz
  3114     0609  0AA2               	incf	___aldiv@divisor+2,f
  3115     060A  1903               	skipnz
  3116     060B  0AA3               	incf	___aldiv@divisor+3,f
  3117     060C  3001               	movlw	1
  3118     060D  00A9               	movwf	___aldiv@sign
  3119     060E                     l208:
  3120     060E  1FA7               	btfss	___aldiv@dividend+3,7
  3121     060F  2E11               	goto	u991
  3122     0610  2E12               	goto	u990
  3123     0611                     u991:
  3124     0611  2E1F               	goto	l1289
  3125     0612                     u990:
  3126     0612                     l1285:
  3127     0612  09A4               	comf	___aldiv@dividend,f
  3128     0613  09A5               	comf	___aldiv@dividend+1,f
  3129     0614  09A6               	comf	___aldiv@dividend+2,f
  3130     0615  09A7               	comf	___aldiv@dividend+3,f
  3131     0616  0AA4               	incf	___aldiv@dividend,f
  3132     0617  1903               	skipnz
  3133     0618  0AA5               	incf	___aldiv@dividend+1,f
  3134     0619  1903               	skipnz
  3135     061A  0AA6               	incf	___aldiv@dividend+2,f
  3136     061B  1903               	skipnz
  3137     061C  0AA7               	incf	___aldiv@dividend+3,f
  3138     061D                     l1287:
  3139     061D  3001               	movlw	1
  3140     061E  06A9               	xorwf	___aldiv@sign,f
  3141     061F                     l1289:
  3142     061F  3000               	movlw	0
  3143     0620  00AD               	movwf	___aldiv@quotient+3
  3144     0621  3000               	movlw	0
  3145     0622  00AC               	movwf	___aldiv@quotient+2
  3146     0623  3000               	movlw	0
  3147     0624  00AB               	movwf	___aldiv@quotient+1
  3148     0625  3000               	movlw	0
  3149     0626  00AA               	movwf	___aldiv@quotient
  3150     0627                     l1291:
  3151     0627  0823               	movf	___aldiv@divisor+3,w
  3152     0628  0422               	iorwf	___aldiv@divisor+2,w
  3153     0629  0421               	iorwf	___aldiv@divisor+1,w
  3154     062A  0420               	iorwf	___aldiv@divisor,w
  3155     062B  1903               	skipnz
  3156     062C  2E2E               	goto	u1001
  3157     062D  2E2F               	goto	u1000
  3158     062E                     u1001:
  3159     062E  2E7A               	goto	l1311
  3160     062F                     u1000:
  3161     062F                     l1293:
  3162     062F  3001               	movlw	1
  3163     0630  00A8               	movwf	___aldiv@counter
  3164     0631  2E3D               	goto	l1297
  3165     0632                     l1295:
  3166     0632  3001               	movlw	1
  3167     0633  00FD               	movwf	??___aldiv
  3168     0634                     u1015:
  3169     0634  1003               	clrc
  3170     0635  0DA0               	rlf	___aldiv@divisor,f
  3171     0636  0DA1               	rlf	___aldiv@divisor+1,f
  3172     0637  0DA2               	rlf	___aldiv@divisor+2,f
  3173     0638  0DA3               	rlf	___aldiv@divisor+3,f
  3174     0639  0BFD               	decfsz	??___aldiv,f
  3175     063A  2E34               	goto	u1015
  3176     063B  3001               	movlw	1
  3177     063C  07A8               	addwf	___aldiv@counter,f
  3178     063D                     l1297:
  3179     063D  1FA3               	btfss	___aldiv@divisor+3,7
  3180     063E  2E40               	goto	u1021
  3181     063F  2E41               	goto	u1020
  3182     0640                     u1021:
  3183     0640  2E32               	goto	l1295
  3184     0641                     u1020:
  3185     0641                     l1299:
  3186     0641  3001               	movlw	1
  3187     0642  00FD               	movwf	??___aldiv
  3188     0643                     u1035:
  3189     0643  1003               	clrc
  3190     0644  0DAA               	rlf	___aldiv@quotient,f
  3191     0645  0DAB               	rlf	___aldiv@quotient+1,f
  3192     0646  0DAC               	rlf	___aldiv@quotient+2,f
  3193     0647  0DAD               	rlf	___aldiv@quotient+3,f
  3194     0648  0BFD               	decfsz	??___aldiv,f
  3195     0649  2E43               	goto	u1035
  3196     064A                     l1301:
  3197     064A  0823               	movf	___aldiv@divisor+3,w
  3198     064B  0227               	subwf	___aldiv@dividend+3,w
  3199     064C  1D03               	skipz
  3200     064D  2E58               	goto	u1045
  3201     064E  0822               	movf	___aldiv@divisor+2,w
  3202     064F  0226               	subwf	___aldiv@dividend+2,w
  3203     0650  1D03               	skipz
  3204     0651  2E58               	goto	u1045
  3205     0652  0821               	movf	___aldiv@divisor+1,w
  3206     0653  0225               	subwf	___aldiv@dividend+1,w
  3207     0654  1D03               	skipz
  3208     0655  2E58               	goto	u1045
  3209     0656  0820               	movf	___aldiv@divisor,w
  3210     0657  0224               	subwf	___aldiv@dividend,w
  3211     0658                     u1045:
  3212     0658  1C03               	skipc
  3213     0659  2E5B               	goto	u1041
  3214     065A  2E5C               	goto	u1040
  3215     065B                     u1041:
  3216     065B  2E6B               	goto	l1307
  3217     065C                     u1040:
  3218     065C                     l1303:
  3219     065C  0820               	movf	___aldiv@divisor,w
  3220     065D  02A4               	subwf	___aldiv@dividend,f
  3221     065E  0821               	movf	___aldiv@divisor+1,w
  3222     065F  1C03               	skipc
  3223     0660  0F21               	incfsz	___aldiv@divisor+1,w
  3224     0661  02A5               	subwf	___aldiv@dividend+1,f
  3225     0662  0822               	movf	___aldiv@divisor+2,w
  3226     0663  1C03               	skipc
  3227     0664  0F22               	incfsz	___aldiv@divisor+2,w
  3228     0665  02A6               	subwf	___aldiv@dividend+2,f
  3229     0666  0823               	movf	___aldiv@divisor+3,w
  3230     0667  1C03               	skipc
  3231     0668  0F23               	incfsz	___aldiv@divisor+3,w
  3232     0669  02A7               	subwf	___aldiv@dividend+3,f
  3233     066A                     l1305:
  3234     066A  142A               	bsf	___aldiv@quotient,0
  3235     066B                     l1307:
  3236     066B  3001               	movlw	1
  3237     066C                     u1055:
  3238     066C  1003               	clrc
  3239     066D  0CA3               	rrf	___aldiv@divisor+3,f
  3240     066E  0CA2               	rrf	___aldiv@divisor+2,f
  3241     066F  0CA1               	rrf	___aldiv@divisor+1,f
  3242     0670  0CA0               	rrf	___aldiv@divisor,f
  3243     0671  3EFF               	addlw	-1
  3244     0672  1D03               	skipz
  3245     0673  2E6C               	goto	u1055
  3246     0674                     l1309:
  3247     0674  3001               	movlw	1
  3248     0675  02A8               	subwf	___aldiv@counter,f
  3249     0676  1D03               	btfss	3,2
  3250     0677  2E79               	goto	u1061
  3251     0678  2E7A               	goto	u1060
  3252     0679                     u1061:
  3253     0679  2E41               	goto	l1299
  3254     067A                     u1060:
  3255     067A                     l1311:
  3256     067A  0829               	movf	___aldiv@sign,w
  3257     067B  1903               	btfsc	3,2
  3258     067C  2E7E               	goto	u1071
  3259     067D  2E7F               	goto	u1070
  3260     067E                     u1071:
  3261     067E  2E8A               	goto	l1315
  3262     067F                     u1070:
  3263     067F                     l1313:
  3264     067F  09AA               	comf	___aldiv@quotient,f
  3265     0680  09AB               	comf	___aldiv@quotient+1,f
  3266     0681  09AC               	comf	___aldiv@quotient+2,f
  3267     0682  09AD               	comf	___aldiv@quotient+3,f
  3268     0683  0AAA               	incf	___aldiv@quotient,f
  3269     0684  1903               	skipnz
  3270     0685  0AAB               	incf	___aldiv@quotient+1,f
  3271     0686  1903               	skipnz
  3272     0687  0AAC               	incf	___aldiv@quotient+2,f
  3273     0688  1903               	skipnz
  3274     0689  0AAD               	incf	___aldiv@quotient+3,f
  3275     068A                     l1315:
  3276     068A  082D               	movf	___aldiv@quotient+3,w
  3277     068B  00A3               	movwf	?___aldiv+3
  3278     068C  082C               	movf	___aldiv@quotient+2,w
  3279     068D  00A2               	movwf	?___aldiv+2
  3280     068E  082B               	movf	___aldiv@quotient+1,w
  3281     068F  00A1               	movwf	?___aldiv+1
  3282     0690  082A               	movf	___aldiv@quotient,w
  3283     0691  00A0               	movwf	?___aldiv
  3284     0692                     l218:
  3285     0692  0008               	return
  3286     0693                     __end_of___aldiv:
  3287     0002                     ___latbits      equ	2
  3288     007E                     btemp           set	126	;btemp
  3289     007E                     btemp0          set	126
  3290     007F                     btemp1          set	127
  3291     007E                     wtemp0          set	126
  3292     007F                     wtemp0a         set	127
  3293     007F                     ttemp0a         set	127
  3294     0080                     ltemp0a         set	128

Data Sizes:
    Strings     15
    Constant    0
    Data        0
    BSS         37
    Persistent  0
    Stack       0

Auto Spaces:
    Space          Size  Autos    Used
    COMMON           14     14      14
    BANK0            80     59      64
    BANK1            80     22      54
    BANK3            96      0       0
    BANK2            96      0       0

Pointer List with Targets:

    f$.$buffer	PTR unsigned char  size(2) Largest target is 16
		 -> main@buffer(BANK1[16]), 

    f$.$source	PTR const unsigned char  size(1) Largest target is 0

    fputc@fp	PTR struct _IO_FILE size(2) Largest target is 11
		 -> sprintf@f(BANK0[11]), 

    fputc@fp$.$buffer	PTR unsigned char  size(2) Largest target is 16
		 -> main@buffer(BANK1[16]), 

    fputc@fp$.$source	PTR const unsigned char  size(1) Largest target is 0

    fputs@fp	PTR struct _IO_FILE size(2) Largest target is 11
		 -> sprintf@f(BANK0[11]), 

    fputs@s	PTR const unsigned char  size(1) Largest target is 32
		 -> dbuf(BANK1[32]), 

    lcdSendString@addr	PTR unsigned char  size(1) Largest target is 16
		 -> main@buffer(BANK1[16]), 

    pad@buf	PTR unsigned char  size(1) Largest target is 32
		 -> dbuf(BANK1[32]), 

    pad@fp	PTR struct _IO_FILE size(2) Largest target is 11
		 -> sprintf@f(BANK0[11]), 

    read_prec_or_width@ap	PTR PTR void [1] size(1) Largest target is 1
		 -> sprintf@ap(BANK0[1]), 

    read_prec_or_width@fmt	PTR PTR const unsigned char  size(1) Largest target is 1
		 -> vfprintf@cfmt(BANK0[1]), 

    S539$buffer	PTR unsigned char  size(2) Largest target is 16
		 -> main@buffer(BANK1[16]), 

    S539$source	PTR const unsigned char  size(1) Largest target is 0

    sprintf@ap	PTR void [1] size(1) Largest target is 2
		 -> ?_sprintf(BANK0[2]), 

    sprintf@fmt	PTR const unsigned char  size(1) Largest target is 8
		 -> STR_1(CODE[8]), STR_2(CODE[7]), 

    sprintf@s	PTR unsigned char  size(1) Largest target is 16
		 -> main@buffer(BANK1[16]), 

    utoa@fp	PTR struct _IO_FILE size(2) Largest target is 11
		 -> sprintf@f(BANK0[11]), 

    vfpfcnvrt@ap	PTR PTR void  size(1) Largest target is 1
		 -> sprintf@ap(BANK0[1]), 

    vfpfcnvrt@cp	PTR unsigned char  size(1) Largest target is 8
		 -> STR_1(CODE[8]), STR_2(CODE[7]), 

    vfpfcnvrt@fmt	PTR PTR unsigned char  size(1) Largest target is 1
		 -> vfprintf@cfmt(BANK0[1]), 

    vfpfcnvrt@fp	PTR struct _IO_FILE size(2) Largest target is 11
		 -> sprintf@f(BANK0[11]), 

    vfprintf@ap	PTR PTR void  size(1) Largest target is 1
		 -> sprintf@ap(BANK0[1]), 

    vfprintf@cfmt	PTR unsigned char  size(1) Largest target is 8
		 -> STR_1(CODE[8]), STR_2(CODE[7]), 

    vfprintf@fmt	PTR const unsigned char  size(1) Largest target is 8
		 -> STR_1(CODE[8]), STR_2(CODE[7]), 

    vfprintf@fp	PTR struct _IO_FILE size(2) Largest target is 11
		 -> sprintf@f(BANK0[11]), 


Critical Paths under _main in COMMON

    _main->___aldiv
    _utoa->_pad
    _pad->_fputc
    _fputs->_fputc
    _read_prec_or_width->___wmul
    _lcd_init->_lcdCommand
    _lcdSendString->_lcSendDataByte
    ___aldiv->___lmul

Critical Paths under _main in BANK0

    _main->_sprintf
    _sprintf->_vfprintf
    _vfprintf->_vfpfcnvrt
    _vfpfcnvrt->_utoa
    _utoa->_pad
    _pad->_fputs

Critical Paths under _main in BANK1

    None.

Critical Paths under _main in BANK3

    None.

Critical Paths under _main in BANK2

    None.

Call Graph Tables:

 ---------------------------------------------------------------------------------
 (Depth) Function   	        Calls       Base Space   Used Autos Params    Refs
 ---------------------------------------------------------------------------------
 (0) _main                                                24    24      0    3262
                                             57 BANK0      2     2      0
                                              0 BANK1     22    22      0
                            ___aldiv
                             ___lmul
                           _adc_init
                       _adc_read_an0
                         _lcdCommand
                      _lcdSendString
                           _lcd_init
                            _sprintf
 ---------------------------------------------------------------------------------
 (1) _sprintf                                             19    15      4    2502
                                             40 BANK0     17    13      4
                           _vfprintf
 ---------------------------------------------------------------------------------
 (2) _vfprintf                                             5     1      4    2297
                                             35 BANK0      5     1      4
                          _vfpfcnvrt
 ---------------------------------------------------------------------------------
 (3) _vfpfcnvrt                                           13     9      4    2166
                                             24 BANK0     11     7      4
                              _fputc
                 _read_prec_or_width
                               _utoa
 ---------------------------------------------------------------------------------
 (4) _utoa                                                 9     5      4    1301
                                             15 BANK0      9     5      4
                            ___lwdiv
                            ___lwmod
                                _pad
 ---------------------------------------------------------------------------------
 (5) _pad                                                  8     3      5     747
                                             13 COMMON     1     1      0
                                              8 BANK0      7     2      5
                              _fputc
                              _fputs
 ---------------------------------------------------------------------------------
 (6) _fputs                                                8     5      3     333
                                              0 BANK0      8     5      3
                              _fputc
 ---------------------------------------------------------------------------------
 (7) _fputc                                               13     9      4     232
                                              0 COMMON    13     9      4
                              _putch
 ---------------------------------------------------------------------------------
 (8) _putch                                                1     1      0       0
 ---------------------------------------------------------------------------------
 (5) ___lwmod                                              5     1      4     161
                                              0 COMMON     5     1      4
 ---------------------------------------------------------------------------------
 (5) ___lwdiv                                              7     3      4     164
                                              0 COMMON     7     3      4
 ---------------------------------------------------------------------------------
 (4) _read_prec_or_width                                   6     4      2     276
                                              6 COMMON     6     4      2
                             ___wmul
 ---------------------------------------------------------------------------------
 (5) ___wmul                                               6     2      4      94
                                              0 COMMON     6     2      4
 ---------------------------------------------------------------------------------
 (1) _lcd_init                                             2     2      0      29
                                              3 COMMON     2     2      0
                         _lcdCommand
 ---------------------------------------------------------------------------------
 (2) _lcdCommand                                           3     3      0      29
                                              0 COMMON     3     3      0
 ---------------------------------------------------------------------------------
 (1) _lcdSendString                                        1     0      1      76
                                              3 COMMON     1     0      1
                     _lcSendDataByte
 ---------------------------------------------------------------------------------
 (2) _lcSendDataByte                                       3     3      0      29
                                              0 COMMON     3     3      0
 ---------------------------------------------------------------------------------
 (1) _adc_read_an0                                         3     1      2       0
                                              0 COMMON     3     1      2
 ---------------------------------------------------------------------------------
 (1) _adc_init                                             1     1      0       0
                                              0 COMMON     1     1      0
 ---------------------------------------------------------------------------------
 (1) ___lmul                                              13     5      8      94
                                              0 COMMON    13     5      8
 ---------------------------------------------------------------------------------
 (1) ___aldiv                                             15     7      8     302
                                             13 COMMON     1     1      0
                                              0 BANK0     14     6      8
                             ___lmul (ARG)
 ---------------------------------------------------------------------------------
 Estimated maximum stack depth 8
 ---------------------------------------------------------------------------------

 Call Graph Graphs:

 _main (ROOT)
   ___aldiv
     ___lmul (ARG)
   ___lmul
   _adc_init
   _adc_read_an0
   _lcdCommand
   _lcdSendString
     _lcSendDataByte
   _lcd_init
     _lcdCommand
   _sprintf
     _vfprintf
       _vfpfcnvrt
         _fputc
           _putch
         _read_prec_or_width
           ___wmul
         _utoa
           ___lwdiv
           ___lwmod
           _pad
             _fputc
             _fputs
               _fputc

Address spaces:
Name               Size   Autos  Total    Usage
BITCOMMON           14      0       0      0.0%
BITBANK0            80      0       0      0.0%
BITBANK1            80      0       0      0.0%
BITBANK3            96      0       0      0.0%
BITBANK2            96      0       0      0.0%
COMMON              14     14      14    100.0%
BANK0               80     59      64     80.0%
BANK1               80     22      54     67.5%
BANK3               96      0       0      0.0%
BANK2               96      0       0      0.0%
STACK                0      0       0      0.0%
DATA                 0      0     132      0.0%


Microchip Technology PIC Macro Assembler V3.10 build 20250813170317 
Symbol Table                                                                                   Sun Nov  9 02:20:18 2025

                         pc 0002                          l30 02A9                          l33 036A  
                        l42 02BD                          l27 02D8                          l36 0284  
                        l45 028C                          l48 0296                          fsr 0004  
       ___wmul@multiplicand 0072                         l143 032B                         l208 060E  
                       l145 0343                         l218 0692                         l157 0455  
                       l423 040F                         l433 03CD                         l606 031E  
                       l624 04C2                         l627 04EA                         l645 04A8  
                       l629 04FB                         l637 0564                         l662 02FB  
                       l655 05F9                         l674 072C                         l682 0395  
                       l685 026D                         u600 0395                         u601 0394  
                       u610 0325                         u611 0324                         u710 040B  
                       u550 0699                         u711 040A                         u551 0698  
                       u640 033F                         u720 039C                         u560 069F  
                       u800 04EA                         u641 033E                         u625 032C  
                       u705 03FF                         u721 039B                         u561 069E  
                       u801 04E9                         u650 03D6                         u570 06BE  
                       u810 04F0                         u635 0333                         u651 03D5  
                       u571 06BD                         u811 04EF                         u740 03AC  
                       u580 06F0                         u820 0549                         u900 02F9  
                       u741 03AB                         u581 06EF                         u805 04E6  
                       u821 0548                         u901 02F8                         u910 02BD  
                       u670 03E6                         u750 03B6                         u590 0711  
                       u830 054F                         u911 02BC                         u671 03E5  
                       u751 03B5                         u735 03A0                         u831 054E  
                       u920 0290                         u840 0554                         u921 028F  
                       u665 03DA                         u585 06EC                         u841 0553  
                       u930 041C                         u850 0467                         u690 03F7  
                       u770 03C9                         u931 041B                         u851 0466  
                       u691 03F6                         u771 03C8                         u755 03B2  
                       u860 04A4                         u780 04AF                         u941 0425  
                       u861 04A3                         u685 03E7                         u765 03BD  
                       u781 04AE                         u942 042C                         u790 04C0  
                       u870 0576                         u943 0433                         u695 03F3  
                       u791 04BF                         u871 0575                         u880 0595  
                       u881 0594                         u970 044D                         u890 05AC  
                       u971 044C                         u955 0435                         u891 05AB  
                       u980 0601                         u981 0600                         u965 043D  
                       u990 0612                         u991 0611                         _pad 04A9  
                       fsr0 0004                         indf 0000                        l1021 069F  
                      l1101 04A9                        l1023 06A6                        l1031 036B  
                      l1111 04D4                        l1103 04AF                        l1201 02C2  
                      l1041 0321                        l1025 06BE                        l1017 0693  
                      l1033 0370                        l1113 04DC                        l1105 04BA  
                      l1121 0508                        l1211 029D                        l1203 02C4  
                      l1043 0325                        l1027 06F0                        l1019 0699  
                      l1035 0380                        l1115 04F0                        l1107 04C0  
                      l1131 052F                        l1123 050C                        l1301 064A  
                      l1213 02A6                        l1205 02CD                        l1045 0332  
                      l1061 03E0                        l1053 03CE                        l1037 0388  
                      l1109 04C5                        l1125 0512                        l1133 0542  
                      l1117 04FC                        l1221 02EB                        l1303 065C  
                      l1311 067A                        l1231 0276                        l1215 02A9  
                      l1207 0298                        l1047 0339                        l1039 031F  
                      l1151 048E                        l1143 0456                        l1071 03FE  
                      l1063 03E2                        l1055 03D0                        l1135 0549  
                      l1127 0526                        l1119 0500                        l1223 02F9  
                      l1313 067F                        l1305 066A                        l1233 0280  
                      l1209 029B                        l1241 02B5                        l1049 033F  
                      l1153 0493                        l1145 0458                        l1073 0405  
                      l1065 03E6                        l1057 03D6                        l1081 039C  
                      l1137 054F                        l1129 0529                        l1161 0576  
                      l1217 02D9                        l1321 0731                        l1315 068A  
                      l1307 066B                        l1243 0285                        l1235 02AA  
                      l1227 0344                        l1155 04A4                        l1147 0467  
                      l1067 03F7                        l1059 03D9                        l1075 040B  
                      l1091 03B6                        l1083 039F                        l1139 0554  
                      l1171 0595                        l1163 057A                        l1219 02DE  
                      l1251 02FC                        l1331 0786                        l1323 0736  
                      l1309 0674                        l1245 0289                        l1237 02AB  
                      l1229 0362                        l1149 0479                        l1069 03FD  
                      l1093 03BC                        l1085 03A6                        l1181 05BF  
                      l1173 0596                        l1165 057E                        l1261 0315  
                      l1253 0300                        l1341 07D1                        l1333 0790  
                      l1325 073B                        l1271 0433                        l1247 0290  
                      l1239 02B3                        l1095 03C3                        l1087 03A8  
                      l1079 0396                        l1175 059B                        l1167 0582  
                      l1159 0565                        l1255 0304                        l1343 07D8  
                      l1335 0796                        l1327 0741                        l1319 072D  
                      l1281 05FD                        l1273 043C                        l1265 0410  
                      l1089 03AC                        l1097 03C9                        l1177 05A0  
                      l1169 0591                        l1193 05E0                        l1257 0306  
                      l1337 07AD                        l1345 07DE                        l1329 074C  
                      l1291 0627                        l1283 0601                        l1275 044D  
                      l1267 0418                        l1187 05CD                        l1179 05AC  
                      l1259 0308                        l1339 07BA                        l1293 062F  
                      l1285 0612                        l1269 041C                        l1189 05D8  
                      l1295 0632                        l1287 061D                        l1279 05FA  
                      l1199 02BF                        l1297 063D                        l1289 061F  
                      l1299 0641                        ?_pad 0028                        STR_1 0009  
                      STR_2 0011                        u1000 062F                        u1001 062E  
                      u1020 0641                        u1021 0640                        u1015 0634  
                      u1040 065C                        u1041 065B                        u1035 0643  
                      u1107 0366                        u1060 067A                        u1061 0679  
                      u1045 0658                        u1117 02C9                        u1070 067F  
                      u1071 067E                        u1055 066C                        u1127 02D4  
                      u1080 0790                        u1137 02A2                        u1081 078F  
                      u1147 0287                        u1157 0282                        u1085 078C  
                      u1097 07E4                        _dbuf 00A0                        _main 072D  
                      _prec 005D                        pad@i 002D                        pad@p 002B  
                      btemp 007E                        _utoa 04FC                 main@prev_mv 00D0  
                      start 0000                       ??_pad 007D             __end_of___aldiv 0693  
                     ?_main 0070                       ?_utoa 002F             __end_of___lwdiv 0410  
           __end_of___lwmod 03CE                vfpfcnvrt@fmt 003A                       _PORTD 0008  
                     _TRISA 0085                       _TRISB 0086                       _TRISD 0088  
       ___lmul@multiplicand 0074                _adc_read_an0 0285                       _flags 005F  
       read_prec_or_width@c 0079         read_prec_or_width@n 007A                       _fputc 0693  
                     _fputs 036B                       btemp0 007E                       pad@fp 0028  
                     btemp1 007F                       _width 005B                       _putch 026D  
                     pclath 000A                       utoa@d 0031                       utoa@i 0036  
                     utoa@p 0035                       utoa@w 0033                       status 0003  
                     wtemp0 007E             __end_of_sprintf 031F             __initialization 07EC  
              __end_of_main 07EC                __end_of_utoa 0565                      ??_main 0059  
                    ??_utoa 007E  __end_of_read_prec_or_width 04A9                      _ADCON0 001F  
                    _ADCON1 009F                      ?_fputc 0070                      ?_fputs 0020  
                    _ADRESH 001E                      _ADRESL 009E                      ?_putch 0070  
          __end_of_adc_init 0285                vfprintf@cfmt 0047            __end_of_lcd_init 036B  
                    ___lmul 0410                   ??___aldiv 007D                      ___wmul 031F  
                 ??___lwdiv 0074                   ??___lwmod 0074        read_prec_or_width@ap 0077  
                    pad@buf 002A                      main@mV 00D4                      fputc@c 0070  
                    fputs@c 0025                      fputs@i 0026                      fputs@s 0020  
                    ltemp0a 0080                      putch@c 0070                      ttemp0a 007F  
          __end_of_vfprintf 02FC                      utoa@fp 002F                   ??_sprintf 004C  
                    wtemp0a 007F     __end_of__initialization 07FC              __pcstackCOMMON 0070  
             __end_of_fputc 072D               __end_of_fputs 0396               __end_of_putch 026E  
            _lcSendDataByte 0297                     ??_fputc 0074                     ??_fputs 0023  
                   ??_putch 0070                  __pbssBANK0 005B                  __pbssBANK1 00A0  
     __end_of_lcdSendString 02BE                  __pmaintext 072D                     ?___lmul 0070  
                _lcdCommand 02BE                     ?___wmul 0070              ___lmul@product 0079  
    __end_of_lcSendDataByte 02AA                   ?_adc_init 0070                   ?_lcd_init 0070  
                __stringtab 0003                     ___aldiv 05FA                     ___lwdiv 03CE  
                   ___lwmod 0396                   ?_vfprintf 0043             ?_lcSendDataByte 0070  
                ??_adc_init 0070                     __ptext1 02FC                     __ptext2 02D9  
                   __ptext3 0565                     __ptext4 04FC                     __ptext5 04A9  
                   __ptext6 036B                     __ptext7 0693                     __ptext8 026D  
                   __ptext9 0396       read_prec_or_width@fmt 0076            ___aldiv@dividend 0024  
                   _sprintf 02FC                     main@raw 00D2                     clrloop0 026F  
                ??_lcd_init 0073        end_of_initialization 07FC                     fputc@fp 0072  
                   fputs@fp 0021          _read_prec_or_width 0456           __end_of_vfpfcnvrt 05FA  
          ___aldiv@quotient 002A         ?_read_prec_or_width 0076                 ?_lcdCommand 0070  
          vfpfcnvrt@convarg 003E                  ??_vfprintf 007E                   _PORTBbits 0006  
      ??_read_prec_or_width 0078                  main@buffer 00C0              __end_of___lmul 0456  
               vfpfcnvrt@ap 003B                 vfpfcnvrt@cp 0042                 vfpfcnvrt@fp 0038  
            __end_of___wmul 0344         start_initialization 07EC                 __end_of_pad 04FC  
               vfprintf@fmt 0045                    ??___lmul 0078                    ??___wmul 0074  
                 ___latbits 0002               ?_adc_read_an0 0070               __pcstackBANK0 0020  
             __pcstackBANK1 00C0            ___lwdiv@dividend 0072            ??_lcSendDataByte 0070  
                  ?___aldiv 0020                    ?___lwdiv 0070                    ?___lwmod 0070  
                 __pstrings 0003               lcdCommand@cmd 0072              ??_adc_read_an0 0072  
          ___lwdiv@quotient 0074                    ?_sprintf 0048             ___aldiv@divisor 0020  
           ___aldiv@counter 0028              ___wmul@product 0074                   clear_ram0 026E  
         lcdSendString@addr 0073                    _GO_nDONE 00FA                ??_lcdCommand 0070  
                 _vfpfcnvrt 0565                 __stringbase 0008           ___wmul@multiplier 0070  
         ___lmul@multiplier 0070          __end_of_lcdCommand 02D9               _lcdSendString 02AA  
                vfprintf@ap 0046                  vfprintf@fp 0043                  ?_vfpfcnvrt 0038  
        __end_of__stringtab 0009                    _adc_init 0276                  sprintf@fmt 0049  
           ___lwdiv@divisor 0070             ___lwdiv@counter 0076                    __ptext10 03CE  
                  __ptext11 0456                    __ptext20 05FA                    __ptext12 031F  
                  __ptext13 0344                    __ptext14 02BE                    __ptext15 02AA  
                  __ptext16 0297                    __ptext17 0285                    __ptext18 0276  
                  __ptext19 0410                    _lcd_init 0344              ?_lcdSendString 0073  
      __end_of_adc_read_an0 0297                    _vfprintf 02D9          lcSendDataByte@data 0072  
                 sprintf@ap 004D            ___lwmod@dividend 0072                   stringcode 0003  
               ??_vfpfcnvrt 003C                    sprintf@f 004E                    sprintf@s 0048  
           ___lwmod@divisor 0070             ___lwmod@counter 0074                    stringdir 0003  
                  stringtab 0003                ___aldiv@sign 0029             ??_lcdSendString 0074  
